url,label
https://dgcwnvcxnoukukvhrgvqehjtdjvakrzdwbpr-dot-solar-vertex-285913.rj.r.appspot.com/,phishing
https://bshare.cn/,legitimate
https://pub-3d117ebe3cd14d468cbae1d1257468a8.r2.dev/,phishing
https://shopop.me/,legitimate
https://multidappsresolve.pages.dev/,phishing
https://hdakqysubl.com/,legitimate
https://grupfdw-join.duckdns.org/,phishing
https://photorank.me/,legitimate
https://helpuserfast02.weebly.com/,phishing
https://adobe-k9.web.app/,phishing
http://ogloszenia-pojazd.pl/,phishing
https://sunpashlgp.cfd/,phishing
https://dev-j1f82h.pantheonsite.io/,phishing
https://cncialsa.atwebpages.com/,phishing
http://griseous-reasons.000webhostapp.com/,phishing
https://bevomedia.com/,legitimate
https://com-tracking-helpsil.cc/,phishing
https://hostgator.com/,legitimate
https://instanthelp196.shop/,phishing
https://case-83168116.wavesofdesign.gr/,phishing
http://microsoftonline.com/,legitimate
http://fb.lupyogyi.com/,phishing
https://heapanalytics.com/,legitimate
https://appwork.org/,legitimate
https://mtpl1.facepl.com/,phishing
http://adpassback.com/,legitimate
https://grub-berbagi-itu-indah172.duckdns.org/,phishing
http://bancolombia-com-es.replit.app/,phishing
http://milliyetemlak.com/,legitimate
https://onlinrcenter.webcindario.com/,phishing
http://ezakus.net/,legitimate
http://dana123.com/,legitimate
https://hrw.org/,legitimate
http://adlabs.ru/,legitimate
http://opensharing.org/,legitimate
http://fluffy-entremet-2be4ef.netlify.app/,phishing
http://yahoo.co.uk/,legitimate
https://itsfogo.com/,legitimate
https://yahoo.com/,legitimate
https://invest.vologda-portal.ru/,phishing
https://applnch-142014671.sangekasra.ir/,phishing
https://athleta.com/,legitimate
https://zwaar.org/,legitimate
https://softonic.pl/,legitimate
https://6olar.coolage.ir/,phishing
http://pankaesweep.cc/,phishing
http://case-2348519920.web.app/,phishing
https://fotomac.com.tr/,legitimate
https://bandito.org/,legitimate
https://moderationtrendengine.vercel.app/,phishing
https://provideroutsource.com/,phishing
http://gorillions.com/,legitimate
https://xnwjp.info/,legitimate
https://youtube-nocookie.com/,legitimate
https://ppstream.com/,legitimate
https://f7h00.supergoeducation.com/,phishing
https://blackrider.nge.lly.mybluehost.me/,phishing
https://samsungallstore.com/,legitimate
https://apiok.ru/,legitimate
https://networksolutions.com/,legitimate
https://okccdn.com/,legitimate
https://pub-38973e520e09439a9b296942a640ec4c.r2.dev/,phishing
https://checoines-git-main-eficieles.vercel.app/,phishing
http://event-game-pubgm.str-2024.my.id/,phishing
http://serverfault.com/,legitimate
http://bpojokydzx.duckdns.org/,phishing
http://mediaplex.com/,legitimate
http://9978gvdg365.duckdns.org/,phishing
https://fbesq.blogspot.is/,phishing
http://iblbc.cc/,legitimate
https://gimnisingn_inn.godaddysites.com/,phishing
https://iubenda.com/,legitimate
https://trackeame.com/,legitimate
https://f551004.com/,phishing
https://astonfamilyhistory.co.uk/,phishing
http://grugruzekeiffu-8398.vercel.app/,phishing
https://imgaft.com/,legitimate
https://amasvc.com/,legitimate
https://goldcash.co/,phishing
https://pub-29118c2616f948b1b05ddef575497623.r2.dev/,phishing
http://bafybeih2c2ih3osfiz2u326yvgyjhqpmyjr4zawfa2vgof5zbtclizsoma.ipfs.dweb.link/,phishing
https://account-secuitry.000webhostapp.com/,phishing
http://bluehornet.com/,legitimate
https://trzur-start-en-us-start.teachable.com/,phishing
https://basebanner.com/,legitimate
https://google.no/,legitimate
https://ovkmjiw.cc/,legitimate
https://goaheadgroup.com.au/,phishing
http://unjklmh.biz/,legitimate
https://bleedai.com/,phishing
http://appfb-217091001.lookmyticket.ca/,phishing
https://ipromote.com/,legitimate
https://root-servers.net/,legitimate
https://livepromotools.com/,legitimate
https://affinity.com/,legitimate
http://happy-albattani-b18730.netlify.app/,phishing
http://rjqmczlucxd.cn/,legitimate
https://santander.com.br/,legitimate
http://kayak.com.tr/,legitimate
https://landhomeliving.com/,phishing
https://visistat.com/,legitimate
https://scielo.br/,legitimate
https://sancdn.net/,legitimate
http://qpuwnzrvtumivgiqbooxognxwz-dot-triple-upgrade-293822.rj.r.appspot.com/,phishing
https://netbank-cancel-payment.com/,phishing
http://aponmaya.com/,phishing
https://moncollege-ent.essonne.fr/,phishing
http://trustkeeper.net/,legitimate
https://pathfinder.com/,legitimate
https://9wld5paseyx0frufwrmkyv02s0mnz.qwo231sdx.club/,phishing
https://broadage.com/,legitimate
http://account-login-instagram.com/,phishing
https://20200830144353-dot-s2pe7ed9y.rj.r.appspot.com/,phishing
https://rjnyg.blogspot.sn/,phishing
https://app.lk/,legitimate
https://173.82.22.110/,phishing
http://att-100161s.weeblysite.com/,phishing
https://eventsluckys.com/,phishing
https://escolamegabit.com.br/,phishing
https://13.77.173.120/,phishing
https://fb-details-33733672.opej.co.uk/,phishing
https://bluemediappc.com/,legitimate
http://103227054656299.ga/,phishing
https://expediafranchise.com/,legitimate
https://wowace.com/,legitimate
https://instaclone-6h2.pages.dev/,phishing
https://gaur2526.github.io/,phishing
https://ledgerlivewalletnow.teachable.com/,phishing
https://wzgzpehhnkm.ws/,legitimate
http://contact-igappeal.com/,phishing
https://io-trzor-ddoc.webflow.io/,phishing
https://blogfa.com/,legitimate
https://arstechnica.net/,legitimate
http://join-grup-whatsapp-bokep.11terbaru.cf/,phishing
https://rujimifomayo.life/,phishing
https://indianpepper.de/,phishing
https://freeclaim-skinml.duckdns.org/,phishing
http://laposte.net/,legitimate
https://bitmartloene.webflow.io/,phishing
http://rbcroyalbank.com/,legitimate
https://planosecuritycameras.icu/,phishing
https://pub-f01585adf15642eca2e96231ddbf6a84.r2.dev/,phishing
https://officea40b3945ba17c0bdea3d5535074c2b7cb40b3945ba17c0bdea3d55350.mailou43.workers.dev/,phishing
http://houselogic.com/,legitimate
https://expedia.co.in/,legitimate
https://grillabooks.com/,phishing
https://flde-lity.com-sel.cyou/,phishing
http://gomonetworks.com/,legitimate
https://att-104073.weeblysite.com/,phishing
https://wikia.net/,legitimate
https://338975.com/,phishing
https://reference.com/,legitimate
https://jkovqerv.biz/,legitimate
https://sso--itrustcapitals--auth.webflow.io/,phishing
http://usat.ly/,legitimate
https://compuwareapmaas.com/,legitimate
http://demonoid.com/,legitimate
http://1ce94cba11407f43768cde7a311365c1fb9f04b29ffec272565f70b4b0.pages.dev/,phishing
https://active-sync2iqc9731ap5ddu22q.nw.r.appspot.com/,phishing
https://arcgis.com/,legitimate
https://adscale.de/,legitimate
https://edgekey.net/,legitimate
https://paypal.com.0.confirmation.account-security.39612823e89e12155115a36a9b9328ae39612823e89e12155115a36a9b932.3233.privado.info/,phishing
https://selectablemedia.com/,legitimate
http://thefrugalgirls.com/,legitimate
https://dmv.ca-govsdl.vip/,phishing
http://itrustcaappitelogine.webflow.io/,phishing
https://best-app-signde.de/,phishing
http://allnode-rectify.pages.dev/,phishing
http://mybusiness361.com/,phishing
https://free-analytics.com/,legitimate
https://sundaram26.github.io/,phishing
http://magnetmail1.net/,legitimate
http://ceu.edu.mx/,phishing
https://bizopportunities.com.au/,phishing
http://wbur.org/,legitimate
https://fb-pageinfo-1000317870238645875171511017.tk/,phishing
https://bafybeidyf6g37cjckpsmvkqheccn4ic2w2jk3svymxxwqxz6sszdnxoj2m.ipfs.infura-ipfs.io/,phishing
https://app-coinbase-sso-pro-login.webflow.io/,phishing
https://habshanfire.com/,phishing
https://ptsrn-dpd.cfd/,phishing
https://13.245.148.222/,phishing
http://sso-t-itrustcapital-auth-us.webflow.io/,phishing
https://expedia.be/,legitimate
https://business-standard.com/,legitimate
https://neuasywhosaycopore.0hi.me/,phishing
http://theatlanticwire.com/,legitimate
https://mail-103948.square.site/,phishing
https://vstarcam.com/,legitimate
http://pemblokiran-fb72.weebly.com/,phishing
https://c551004.cc/,phishing
https://kmplayer.com/,legitimate
http://hrblock.com/,legitimate
https://allproathleticsob.com/,phishing
http://bunberbeeg.vercel.app/,phishing
http://online-dib.me/,phishing
https://avisplm.xyz/,phishing
http://wshifen.com/,legitimate
https://pusat-verikasi-web.facebook-center.repl.co/,phishing
https://coinbase-chrome-docs-extension.typedream.app/,phishing
https://aparelho-localizado.com/,phishing
https://pcndfi.top/,phishing
http://facebook.onlineleadfinder.com/,phishing
http://turkuvazmatbaacilik.com/,legitimate
http://krxd.net/,legitimate
https://mfb-10074428.trend99.click/,phishing
http://pineandpolish.com/,phishing
http://bbanrural10.web.app/,phishing
https://551008g.cc/,phishing
https://justforpago.com/,phishing
http://auth-cionsbe-wallet.webflow.io/,phishing
https://igrr.pilot45.com/,phishing
http://evinah.net/,phishing
https://thingsremembered.com/,legitimate
https://letras.mus.br/,legitimate
https://akamaihd.net/,legitimate
https://newworldsanket.com/,phishing
https://62.210.130.237/,phishing
https://i.ua/,legitimate
https://amaizon-accouint-update.rknlr.ga/,phishing
https://fashionmomcafe.com/,phishing
https://jcpenney.com/,legitimate
http://novalayer.org/,legitimate
http://veedi.com/,legitimate
http://bbc.com/,legitimate
https://tenethealth.com/,legitimate
https://britama0101.t2j.web.id/,phishing
https://radioreddit.com/,legitimate
https://currentlymail1.weebly.com/,phishing
http://anvato.com/,legitimate
https://cubicleoffers.com/,legitimate
http://delivery51.com/,legitimate
https://xfinitytv.com/,legitimate
https://vzaar.com/,legitimate
https://igodigital.com/,legitimate
https://eventtopgame.com/,phishing
http://1002nei-9r54.vercel.app/,phishing
http://bb60sy.com/,phishing
https://jjboo.com/,phishing
http://shld.net/,legitimate
https://enlingedq3.temp.swtest.ru/,phishing
https://n5gez-yqaaa-aaaad-qcvfq-cai.raw.ic0.app/,phishing
http://51y5.net/,legitimate
https://autocompleteplus.com/,legitimate
http://ayads.co/,legitimate
https://empireonline.com/,legitimate
https://d41.co/,legitimate
https://videosz.com/,legitimate
http://planttracker.ie/,phishing
https://apple.com.iwaprint.net/,phishing
https://digicomm.globaldigitaldev.com/,phishing
https://solutechsa.com/,phishing
http://pubgmax17.com/,phishing
https://app-90a66bd2-885c-475c-86a0-0090da7db2c9.cleverapps.io/,phishing
https://auretechnologies.com/,phishing
http://brittleexport.co.kr/,phishing
https://vyl5-casefb610723.vercel.app/,phishing
https://my---sso---itrustcapital-z-cdn--auth.webflow.io/,phishing
http://bt78459353.weeblysite.com/,phishing
https://msgidj5mqcu-foren-ebay-c.ommunity.co/,phishing
https://consumerviews.net/,legitimate
https://hstpnetwork.com/,legitimate
https://fhhhtrfththtgr.000webhostapp.com/,phishing
http://webxclaims-danax-xhadiah.tt3mr.my.id/,phishing
https://33002q.com/,phishing
https://kanimg.com/,legitimate
https://groovinads.com/,legitimate
https://xkcd.com/,legitimate
https://aeon.co.jp.mstvuuo.cn/,phishing
https://zol.com.cn/,legitimate
http://cinemablend.com/,legitimate
http://airbnb.com.rooms-29443-location.info/,phishing
http://auth-portal-ndax---io-cdn-auth.webflow.io/,phishing
https://35.184.117.117/,phishing
http://aaliyan-ahmed08.github.io/,phishing
https://amazon.ydyxa.com/,phishing
http://start-robin-hood-login.pages.dev/,phishing
https://milanuncios.com/,legitimate
http://shorte.st/,legitimate
https://aol-103047.weeblysite.com/,phishing
http://cjsmodernelectronics.com.au/,phishing
https://homepage--suite--trozo.webflow.io/,phishing
https://globalenerji.com.tr/,legitimate
https://173uu.com/,legitimate
https://linkadvice.com.au/,phishing
https://quikdisplay.com/,legitimate
https://realcleareducation.com/,legitimate
http://bangaliiciaarg.galiciaaaope.repl.co/,phishing
https://egegeehhrrh.co.vu/,phishing
http://sosmart.vn/,legitimate
https://buscape.com.br/,legitimate
http://beeg.com/,legitimate
https://hersheys.com/,legitimate
http://mopub.com/,legitimate
https://ajaynp042.github.io/,phishing
https://azporesc.000webhostapp.com/,phishing
https://aaata-104760.weeblysite.com/,phishing
https://re-facebookcom-46405524.elfahdeg.com/,phishing
https://re-markable.net/,legitimate
https://be-xxx.jp/,phishing
https://san.tander-user9303.com/,phishing
https://accweb.mouv.desjardins.secur.com.umbrellaconsultancy.co.za/,phishing
https://netcoins-logqn-sos.webflow.io/,phishing
https://pracuinbasecam.gitbook.io/,phishing
https://champssports.com/,legitimate
https://alerts-helpdesk.net/,phishing
http://allegro.pl-regu6861.pomidorw.eu/,phishing
http://gophoto.it/,legitimate
https://metavertising.com/,legitimate
http://claimnew.freefire-get54.ml/,phishing
https://amazoon.azurewebsites.net/,phishing
https://mantap-mantap-077.000webhostapp.com/,phishing
http://mymetamasklogin-us.webflow.io/,phishing
https://accban-04977752.kahulasup.ch/,phishing
https://ca37929.tw1.ru/,phishing
https://0818.jn2001.eu.org/,phishing
http://comenity.net/,legitimate
http://padstm.com/,legitimate
https://raptr.com/,legitimate
https://w.org/,legitimate
https://todoist.com/,legitimate
https://acessoainformacao.gov.br/,legitimate
https://eddiebauer.com/,legitimate
https://aquamarine-tartufo-riqueza.netlify.app/,phishing
https://sc2mapster.com/,legitimate
https://meccahoo.com/,legitimate
https://videozview.com/,legitimate
https://dose.com/,legitimate
https://babycenter.ca/,legitimate
https://attyahooemailupdatedataverificationprocesspoweredby.weebly.com/,phishing
https://savefront.com/,legitimate
https://ad123m.com/,legitimate
https://fgngfnfgn655fgnfg.blogspot.co.il/,phishing
https://denverpost.com/,legitimate
http://lajino.cl/,phishing
http://sapana0507.github.io/,phishing
https://itc.cn/,legitimate
https://ewtxsmpeh.com/,legitimate
https://ampliacion.viapreaprobados.com/,phishing
http://boboxs-11.webflow.io/,phishing
https://geqljpwahdsopgkl-dot-owaonk399399393.uk.r.appspot.com/,phishing
http://324010092048831.fysabogados.cl/,phishing
https://dropbox-service.on.fleek.co/,phishing
https://facebook.agentlistinghome-realestate.com/,phishing
https://badoo.com/,legitimate
https://jjpantano.com.au/,phishing
https://encuestaygana.000webhostapp.com/,phishing
http://amazonservice.fly.dev/,phishing
https://bloombergsports.com/,legitimate
http://blakemasondesigns.com/,phishing
http://appbox99.com/,phishing
http://redelivermy-parcelinfo.com/,phishing
https://vzagof.ws/,legitimate
http://free-verified-status-opportunity-form0.vercel.app/,phishing
http://barbiescloset.org/,phishing
https://meta-lucidity.pages.dev/,phishing
https://api-wells-far-go-auth-dashboard-main-acct-329.000webhostapp.com/,phishing
https://molliemakes.com/,legitimate
https://pronnerlca.com/,phishing
https://sap1592zxy.cc/,phishing
http://ai.plancakefinac.org/,phishing
https://wistia.com/,legitimate
http://apps-content-ledgere.webflow.io/,phishing
https://growingf8th.org/,phishing
https://carrentals.com/,legitimate
http://modulepath.niocotra.sa.com/,phishing
https://dpliveupdate.com/,legitimate
https://opensiteexplorer.org/,legitimate
https://nxtyjhreevycbmeplwdpdnfqprlrdjfznhoq-dot-solar-vertex-285913.rj.r.appspot.com/,phishing
http://envato.com/,legitimate
https://oclaserver.com/,legitimate
https://openvpn.net/,legitimate
https://bokep-smp-viral2.duckdns.org/,phishing
http://1109141.wcomhost.com/,phishing
https://aboutappealfrom.com/,phishing
https://hypergames.net/,legitimate
https://64c1c42f7fcba82e1e2421d0--gorgeous-sherbet-0ae8c0.netlify.app/,phishing
https://namequery.com/,legitimate
http://lockerdome.com/,legitimate
https://affshidclub.com/,phishing
https://xhamster.com/,legitimate
https://fdbdfgsdj4547.blogspot.co.il/,phishing
https://applesupport-findmy.cloud/,phishing
https://metamask.io.neusat.id/,phishing
http://onion.com/,legitimate
https://tns-counter.ru/,legitimate
https://insta-pricee.herokuapp.com/,phishing
https://amazom.souewc.xyz/,phishing
https://tiny-toyz.com/,legitimate
https://hermes.help-item.com/,phishing
https://incandescent-panda-e4a44a.netlify.app/,phishing
http://pub-423cb9acafc54971814c16ae6b773f6f.r2.dev/,phishing
https://pubgenvanter.com/,phishing
https://zedge.net/,legitimate
http://td.com/,legitimate
https://bucsnation.com/,legitimate
https://join-grub-b0kep-terbaru2022-51719.duckdns.org/,phishing
http://workartpoweredspace.com/,phishing
https://page-violation-fpfhf.ondigitalocean.app/,phishing
http://ainoxsas.com/,phishing
https://kldvhndinht.cc/,legitimate
https://yashi.com/,legitimate
https://hitwebcounter.com/,legitimate
http://ebaycareers.com/,legitimate
https://jljsalesgroup.com/,phishing
http://accweopv.info/,legitimate
http://coreclickhoo.com/,legitimate
https://codashop-freefire08.duckdns.org/,phishing
https://halifaxsecuredevice.com/,phishing
https://bhosting.ng/,phishing
https://apple-service.muzikplus.tg/,phishing
https://ii1c70.webwave.dev/,phishing
http://secureboxes.net/,legitimate
http://kucoiinalogin.webflow.io/,phishing
https://pojezdzone24.pl/,phishing
http://qugqse.handipants.com/,phishing
https://ahealthydenver.com/,phishing
https://alkhebradriving.com/,phishing
https://broadbndcommms-store.sellfy.store/,phishing
https://pleasanttravelchicago.com/,phishing
https://csnwashington.com/,legitimate
https://safemailboxsync.weebly.com/,phishing
https://jobrapido.com/,legitimate
https://amanzon.co.ip.hemagarden.com.cn/,phishing
http://tmocache.com/,legitimate
https://mercadoclics.com/,legitimate
http://frontbridge.com/,legitimate
http://realharborredirect.com/,legitimate
https://mlt01.com/,legitimate
https://lmbwwlrwliapxrrj-dot-millinium.ey.r.appspot.com/,phishing
https://account-bussines-case-29933.firebaseapp.com/,phishing
http://appleid.apple.com-signin.2qbpwdtf568zwts0n8kgcrhlq88kq6.com/,phishing
http://kayak.fr/,legitimate
https://advancedhosters.com/,legitimate
https://tripadvisor.it/,legitimate
https://srv123.com/,legitimate
http://pollaclicks.com/,phishing
https://sales.expofranchise.com.br/,phishing
http://login.microsoftonline.ccisystems.us/,phishing
https://safarishop.com.br/,legitimate
https://auths-upheld-lgin.pages.dev/,phishing
https://best-deals-products.com/,legitimate
https://web-official-exo-dus.azurewebsites.net/,phishing
https://storify.com/,legitimate
https://newsfactor.us/,legitimate
https://gobloga4922.blogspot.pe/,phishing
https://64.225.18.185/,phishing
https://bexnowbizgrowth.com/,phishing
https://fege43r21.blogspot.tw/,phishing
https://razerzone.com/,legitimate
https://metalyzer.com/,legitimate
https://endeavor.org.tr/,legitimate
https://isbank.com.tr/,legitimate
https://merge-network.live/,phishing
https://repo.sepa-00980-force-drop.oa.r.appspot.com/,phishing
https://alerts11.webcindario.com/,phishing
https://meetic-partners.com/,legitimate
http://livescore.com/,legitimate
https://maxcdn.com/,legitimate
https://influencia.me/,phishing
https://nermaiyinpathai.makkalpathai.org/,phishing
https://ccgslb.com.cn/,legitimate
https://get-translatorguides.ro.nf/,phishing
https://adkontekst.pl/,legitimate
http://intesasanpaoloa.org/,phishing
http://rhtvf.blogspot.fi/,phishing
https://disabilitytransportnsw.com.au/,phishing
https://btinternet.com/,legitimate
https://fcgamer.shop/,phishing
https://mysterynftz-3.vercel.app/,phishing
https://loginposta.temp.swtest.ru/,phishing
https://recursing-knuth.45-88-108-231.plesk.page/,phishing
https://wap.fpwg.cn/,phishing
http://nordeus.com/,legitimate
https://buyt.in/,legitimate
https://k1fhfvoyoxyc3ekf.qwo231sdx.club/,phishing
https://activati45.temp.swtest.ru/,phishing
https://people.com/,legitimate
https://geeksquad.com/,legitimate
https://etherealhakai.com/,legitimate
https://sh-cp4.dub1.servername.online/,phishing
http://mybilling-paymybill.com/,phishing
https://snapdo.com/,legitimate
https://metamx.com/,legitimate
http://containerstore.com/,legitimate
http://samsung.com/,legitimate
http://b-io.co/,legitimate
http://check.dhl-trackinged.com/,phishing
http://pub-14e8681460054a9dab61dc0ab0e0e0e7.r2.dev/,phishing
https://irduxdivnc.ws/,legitimate
https://lakevvgn.mwestjuail.co.uk/,phishing
https://ezinearticles.com/,legitimate
http://rdio.com/,legitimate
https://azqitla.org/,legitimate
https://sanasecurity.com/,legitimate
https://gryphonet.com/,legitimate
https://ndaxcanads-logi.webflow.io/,phishing
https://cg73283.tmweb.ru/,phishing
http://track8172.com/,legitimate
http://iniciodeseccion2.000webhostapp.com/,phishing
https://71599703.asji.za.com/,phishing
https://countymaterial-cto.pages.dev/,phishing
https://yelp.nl/,legitimate
https://epattu.net/,legitimate
https://wow.com/,legitimate
https://dbsbnk.com/,phishing
https://linkk-dann4-id-kaget-cc99.resmi-id.art/,phishing
https://patricinhaesperta.com.br/,legitimate
https://hendro.my.id/,phishing
https://premiumtv.co.uk/,legitimate
https://bandcamp.com/,legitimate
https://ucoz.ru/,legitimate
https://geolp.weebly.com/,phishing
http://design.sa.com/,phishing
https://paysal.live/,phishing
https://pawtucket.xyz/,phishing
https://office365.com/,legitimate
http://msgf.net/,legitimate
https://reclameaqui.com.br/,legitimate
https://mywebsearch.com/,legitimate
https://complexmedianetwork.com/,legitimate
https://sso-user-uphuld.pages.dev/,phishing
https://bevel-special-error.glitch.me/,phishing
https://5592994102561942935538454-342669515794841586509701.glitch.me/,phishing
https://vkontakte.ru/,legitimate
http://naver.jp/,legitimate
http://rcsmetrics.it/,legitimate
http://invoice-request-refund-meta-ads.surge.sh/,phishing
https://bafybeiheneqin7grsc6hmon566f3crtpgy7pfosqd25klmemoytpkpt3li.ipfs.dweb.link/,phishing
http://cargurus.com/,legitimate
https://peopleforpeople017.work/,phishing
http://notacica.com/,phishing
http://att-107237.square.site/,phishing
https://connect.eu.socialsmp.com/,phishing
https://sm3na.com/,legitimate
https://ibxk.com.br/,legitimate
https://linkszb.com/,legitimate
https://backroads-southshore.org/,phishing
https://concursojulio.000webhostapp.com/,phishing
http://88currentlyupdate.weebly.com/,phishing
https://ampagency.com/,legitimate
https://pub-f99e2b2dafd440acb935db5a40c7576b.r2.dev/,phishing
https://company-target.com/,legitimate
https://bafybeiffx4fk44zo3yioqawh67wppchd4gllevta5kbunbzd4b56iw5ok4.ipfs.dweb.link/,phishing
https://datingvip.com/,legitimate
https://attlogup.square.site/,phishing
https://footprint.net/,legitimate
https://edevletaidatodeme.com/,phishing
https://realtor.org/,legitimate
https://uuzyaid.org/,legitimate
http://avclub.com/,legitimate
http://payments-amazon.com/,legitimate
http://account-warning-form-apply.vercel.app/,phishing
https://dns1.standardseoservices.com/,phishing
http://24you-app.com/,phishing
https://avenging-pennant.000webhostapp.com/,phishing
https://blockbook-direct.zcash.swapkit.dev/,phishing
https://pubg-midas.dns05.com/,phishing
https://physical-state-924166.framer.app/,phishing
https://71i.de/,legitimate
https://bookmyshow.com/,legitimate
https://spigjs.info/,legitimate
https://crwdcntrl.net/,legitimate
https://bokephot913.itsaol.com/,phishing
https://aeon.jp.04doc.com/,phishing
https://ixl.com/,legitimate
https://iolo.net/,legitimate
https://lpsnmedia.net/,legitimate
https://instagramhelp-form.unaux.com/,phishing
https://oxz.qcspvrchaslng.com/,phishing
https://ugdturner.com/,legitimate
http://fjewb45sacvb11aas.uksnmfyusdf.cn/,phishing
https://saltybeetle.cn/,phishing
http://usps.com-trackxjd.top/,phishing
https://517e96cc25d26.abakerswife.com/,phishing
https://apuslauncher.com/,legitimate
https://fuse.tv/,legitimate
https://bit-search.com/,legitimate
http://meta-tower-pjs.pages.dev/,phishing
http://petrotimes.vn/,legitimate
http://auzystore.com/,phishing
https://mobildenizsube.ga/,phishing
https://serpro.gov.br/,legitimate
https://airbnb.cz.sweet.accommodation.reserve.longterm.bydleni-living.eu/,phishing
https://dropbox.dbox-shared.com/,phishing
https://kjrh.com/,legitimate
http://11oyun.com/,legitimate
https://kirakenuslog.webflow.io/,phishing
http://imgiz.com/,legitimate
https://aggiornamentopsd2.xyz/,phishing
https://sandai.net/,legitimate
https://nerdlooter.com/,phishing
https://rqrrzwj.net/,legitimate
https://att-104764.weeblysite.com/,phishing
https://hfhkqlsevi.biz/,legitimate
https://refdesk.com/,legitimate
https://popaholic.me/,legitimate
https://att-currently-01-10-2025.weeblysite.com/,phishing
https://jaawerfvx4.duckdns.org/,phishing
https://arcadeparlor.com/,legitimate
https://adrdgt.com/,legitimate
http://cdw.com/,legitimate
https://guvenliinternet.org/,legitimate
https://gboxapp.com/,legitimate
http://helps--ledgsupport.webflow.io/,phishing
http://bafybeib6shcrursyc7vcg7ohbqyzn7ifnugvus7cz4p3wzr724kvqqid7u.ipfs.dweb.link/,phishing
https://follmax07.com/,phishing
http://viacom.com/,legitimate
https://tap2616wck.cc/,phishing
https://altincicadde.com/,legitimate
https://craigslist.com.tr/,legitimate
https://bills.com/,legitimate
http://instagramsupporter-form.ga/,phishing
https://heraldonline.com/,legitimate
https://nuevocaixasign.com/,phishing
https://auditude.com/,legitimate
https://blodraven.serveuser.com/,phishing
http://americafirst.c1m.workers.dev/,phishing
https://rasi-kp.github.io/,phishing
https://strcst.net/,legitimate
https://xxxbunker.com/,legitimate
https://mckesson.com/,legitimate
https://ebayclassifieds.com/,legitimate
http://connectsupport-helpdesk.vercel.app/,phishing
https://williamhill.it/,legitimate
http://help-center-for-business-open-cases-101242.vercel.app/,phishing
https://dpdpt-prtce.cfd/,phishing
http://fieuctzm.info/,legitimate
https://c9694822-c49d-43d8-8509-b1054b261115.id.repl.co/,phishing
https://gilt.com/,legitimate
https://bright.net/,legitimate
http://0nline-111.ga/,phishing
https://bafkreiav6j7na65acx2d7hdbn6ldhohbwzc767yqebtybvhszllrwcsu4q.ipfs.infura-ipfs.io/,phishing
https://denlzbnikcom.cf/,phishing
https://codecanyon.net/,legitimate
https://agen-penyalur-gaslpg-mypertamina.angjaywebs.buzz/,phishing
http://lotrointerface.com/,legitimate
http://cz10185.tw1.ru/,phishing
http://demandforced3.com/,legitimate
https://erlenmoos.ch/,phishing
https://anantla.github.io/,phishing
http://cyoeydzzdi.wcnv20.cn/,phishing
https://admin-h0stp0int-ch-8dc77aed.lavourasaudade.pt/,phishing
https://google.com.eg/,legitimate
https://giccuid.be/,phishing
https://saifulahnmsajed.github.io/,phishing
http://urbanairship.com/,legitimate
https://pilouazert.go.yj.fr/,phishing
https://wgeprggwv.ws/,legitimate
https://mobileiron.com/,legitimate
https://44c95f14.dj-hd5kfu.shop/,phishing
https://facebookreport58.tk/,phishing
https://pub-3bce0981dc49470d9aa2462bd434ea47.r2.dev/,phishing
https://att-100064-108319.weeblysite.com/,phishing
https://dianomi.com/,legitimate
http://nextinsure.com/,legitimate
https://forever737378.com/,phishing
https://qmfcjsyjpvg.ws/,legitimate
http://idyllic-banoffee-3cce49.netlify.app/,phishing
https://googleusercontent.com/,legitimate
https://ck39002.tmweb.ru/,phishing
https://oglobo.com.br/,legitimate
http://att-mail-104121.weeblysite.com/,phishing
https://tapjoy.com/,legitimate
https://5gfgrgrgef3f33gf.blogspot.com/,phishing
https://kataweb.it/,legitimate
https://wishabi.com/,legitimate
http://claim-nftboxn0w.web.app/,phishing
http://pages-and-community-standards.link/,phishing
http://dtmpub.com/,legitimate
https://appleld.accountslocked-feedbackld.grumuos.com/,phishing
https://yandex.net/,legitimate
https://truefitcorp.com/,legitimate
https://6372365.com/,phishing
https://netvigator.com/,legitimate
https://kaosfutsalgrosir.com/,phishing
https://bancolombia.com-ingreso-00283.repl.co/,phishing
https://euromedqu32yworg.ru/,phishing
https://portal--exten-coinbase--cdn.webflow.io/,phishing
http://google.co.ve/,legitimate
https://lightingyourwayhome.com/,phishing
https://hotelurbano.com/,legitimate
https://brandlauncherstrackinfringement.vercel.app/,phishing
https://bluestacks.com/,legitimate
https://jsadapi.com/,legitimate
https://burakoyunda.net/,legitimate
http://bokep-10grub78872.klik-website15.cfd/,phishing
http://talk4free.com/,legitimate
https://gssprt.jp/,legitimate
https://atlas.com/,legitimate
http://sweetim.com/,legitimate
http://renm4maxys.com/,phishing
https://jtrhlviaoh-001-site1.itempurl.com/,phishing
https://att-101266.weeblysite.com/,phishing
https://upcmail.net/,legitimate
http://microsoftdf6209e0018account.yolasite.com/,phishing
https://kankan.com/,legitimate
http://drexilthorn.mypi.co/,phishing
http://seslisozluk.net/,legitimate
http://healthcentral.com/,legitimate
https://ibm.com/,legitimate
https://bing.net/,legitimate
http://conmio.com/,legitimate
http://orcali.com/,legitimate
https://remington700chassis.com/,phishing
https://69033d72.counselorcontacts-code3214.pages.dev/,phishing
https://becima.gq/,phishing
http://hot.sawx.my.id/,phishing
http://cprodxxx.weebly.com/,phishing
http://newsletter.kioskmedia.de/,phishing
https://skeettools.com/,legitimate
http://l0gin-x-finity-l0gin0438969078711c.webflow.io/,phishing
https://openseas-nfts29.vercel.app/,phishing
http://dragonbyte-tech.com/,legitimate
https://amazon.tianmao.me/,phishing
http://attdomaindcr.weeblysite.com/,phishing
http://ebay.de.vhkxr0azphyxibd.e8273.pro/,phishing
https://reverso.net/,legitimate
http://69.176.89.150/,phishing
https://uc123.com/,legitimate
https://newtentionassets.net/,legitimate
https://hypesquad-official-forms.com/,phishing
https://yjthmjbjie.cn/,legitimate
http://liveinfitnesscamp.com/,phishing
https://pub-0a8dae5187a646f7b1358e5135f9f4c6.r2.dev/,phishing
https://f0552581.xsph.ru/,phishing
https://dianxin.net/,legitimate
https://anamzom.innqp.com/,phishing
https://codeandtheory.com/,legitimate
http://zeroredirect1.com/,legitimate
https://newsgator.com/,legitimate
http://tmcs.net/,legitimate
http://mpe4-bmmanager110140.vercel.app/,phishing
https://musicradar.com/,legitimate
http://genieo.com/,legitimate
http://auto24.email/,phishing
https://navisite.net/,legitimate
https://cqri1326.strangled.net/,phishing
http://bradescoseguranca.com.br/,legitimate
https://fbcom-policies-dyu7ocwuw.tr-hcg.com/,phishing
https://pulihkan-akun-dana-66.pages.dev/,phishing
https://photographylover.gearhostpreview.com/,phishing
https://laajwiowsbxocapqbxocmsbsoxslabsialqbwvwuasksndbsvsd.toh.info/,phishing
http://baomihua.com/,legitimate
https://mentad.com/,legitimate
https://titansonline.com/,legitimate
http://vox.com/,legitimate
https://metchoreindex.gitbook.io/,phishing
https://plataform-actvadesbl.com/,phishing
https://moborobo.com/,legitimate
http://fundsspeedy.in/,legitimate
https://aauzyfgwnr.web.app/,phishing
http://ovi.com/,legitimate
https://buscapecompany.com/,legitimate
https://instagram0639.blogspot.sg/,phishing
https://pcgk.areu.ir/,phishing
https://ad-stir.com/,legitimate
https://shareholder.com/,legitimate
http://baconf.ir/,phishing
https://mediaite.com/,legitimate
https://bspoootcapltrik.blogspot.com/,phishing
http://locaweb.com.br/,legitimate
http://msedge.net/,legitimate
http://bnqt.com/,legitimate
https://hjfnttcwlnfizblwhqeinyerokorfmtbovumbrcrrljvmdltms.followupglobal.com/,phishing
https://shipmentmanager.com/,legitimate
https://lavasoft.com/,legitimate
https://hello-world-holy-union-aa5e.sorkiyikno.workers.dev/,phishing
http://brasilescola.com/,legitimate
http://baltimoresun.com/,legitimate
https://moneymorning.com/,legitimate
https://evitecdn.com/,legitimate
https://rockstargames.com/,legitimate
http://delivery53.com/,legitimate
https://bafybeigtp3pc3p22lzufjmlkdp4zqhhtk2bfrcop2a55xt66kpwda4eb6i.ipfs.nftstorage.link/,phishing
https://qnbnvre.vercel.app/,phishing
https://smh.com.au/,legitimate
https://grantland.com/,legitimate
https://hissing-guttural-erigeron.glitch.me/,phishing
https://sso--i-trustcapital----com-autth-h.webflow.io/,phishing
https://joy.ac/,legitimate
https://rakuten.co.jp.rakutenn.top/,phishing
https://amocc.tk/,phishing
https://microad.jp/,legitimate
https://haixelsupport665121.duckdns.org/,phishing
https://homedepot.ca/,legitimate
https://konfirm4si-dna.new-resmi.com/,phishing
http://problematical-elimi.000webhostapp.com/,phishing
https://trivago.com/,legitimate
https://lenzmx.com/,legitimate
https://begun.ru/,legitimate
http://ifhbgixttpvpaylr-dot-millinium.ey.r.appspot.com/,phishing
https://att-yahoo-mail-100848intrl.square.site/,phishing
https://cxmj6gs4tf.jimdofree.com/,phishing
http://pc5918.serpgold.com/,phishing
https://123123sdfdsfsdfsdf.000webhostapp.com/,phishing
http://cobaltgroup.com/,legitimate
http://recover-help-10000012345986960308190851.tk/,phishing
http://clofe-ding.web.app/,phishing
http://mail.grupwasap.viyy7.com/,phishing
http://edigitalpur.com/,phishing
https://dpnzemaiutidazze-dot-millinium.ey.r.appspot.com/,phishing
https://dreamlalonchat.cf/,phishing
http://mobtada.com/,legitimate
https://foodbasictraining.com/,phishing
https://accutechengg.com/,phishing
https://giga.xxx/,legitimate
http://lnstacopyrightaplicationverify.com/,phishing
https://addmefast.com/,legitimate
https://dsrlte.com/,legitimate
https://mhzprtm.biz/,legitimate
https://sail-horizon.com/,legitimate
https://nexi-centro-di-rilevamento-delle-frodi.ilcavo.ro/,phishing
https://tap3697go6.cc/,phishing
https://adobelogin.com/,legitimate
https://cultofmac.com/,legitimate
http://rutube.ru/,legitimate
https://anm.co.uk/,legitimate
https://dominatedmarketing.com/,phishing
http://rondavu.com/,legitimate
https://sigfig.com/,legitimate
https://democracynow.org/,legitimate
https://adobesc.com/,legitimate
https://bstatic.com/,legitimate
https://siteadvisor.com/,legitimate
http://mochiads.com/,legitimate
https://jgtdrolzqukjdmqa-dot-owaonk399399393.uk.r.appspot.com/,phishing
https://espn.com.br/,legitimate
http://nuggad.net/,legitimate
https://nflyouthpd.com/,legitimate
https://adual.net/,legitimate
https://dyc-construcciones.com.ar/,phishing
https://t.co/,legitimate
https://pub-1e2abfb1b4a04eda89b144cdb2a58d2f.r2.dev/,phishing
https://websteroidsapp.com/,legitimate
https://capital-it.eu/,phishing
https://krzo-bmmanager962662.vercel.app/,phishing
https://aggiornare-contocliente.zzux.com/,phishing
https://bitebbs.com/,legitimate
https://365secure-alerts.com/,phishing
http://browniestheshed.com/,phishing
http://webhostoid.com/,legitimate
https://sina.com/,legitimate
http://7896601-dot-n-e-w-me-ss-age-po-rt-al.wl.r.appspot.com/,phishing
https://ubuntu.com/,legitimate
http://legalmail.it/,legitimate
http://rs2006.oskam.live/,phishing
https://potsbe.aalmax9.cyou/,phishing
https://todotorrents.com/,legitimate
https://assineglobo.com.br/,legitimate
https://acacanehi.000webhostapp.com/,phishing
https://nodes-validation.000.pe/,phishing
https://blockmommy.com/,phishing
http://appsendgrid.s3-web.us-east.cloud-object-storage.appdomain.cloud/,phishing
http://hs-payee-removal-group.com/,phishing
http://benali-acbe6.web.app/,phishing
https://wmnlife.com/,legitimate
https://openadserving.com/,legitimate
https://claiim-danaa4.cs-resmi.com/,phishing
https://mercadopago.com/,legitimate
https://disconight.com.ar/,phishing
https://ventunotech.com/,legitimate
https://governoeletronico.gov.br/,legitimate
https://mywebsite93am.000webhostapp.com/,phishing
http://mobidea.com/,legitimate
https://oyungemisi.com/,legitimate
http://devicevm.com/,legitimate
https://jwpsrv.com/,legitimate
http://camdolls.com/,legitimate
https://v4cdn.net/,legitimate
https://hottest-trending-stories216.000webhostapp.com/,phishing
https://damp-math-d515.online-redirect.workers.dev/,phishing
https://mol.im/,legitimate
https://geico.com/,legitimate
https://tuenti.com/,legitimate
https://bxcma.info/,legitimate
https://9e4fgx.40261.81935.m.shuaihu99.com/,phishing
http://bt-105166.weeblysite.com/,phishing
https://admiredcleaver.co.kr/,phishing
https://bresnan.net/,legitimate
https://mails.163.com.redirect.login.163.com.mail.atmwest.ca/,phishing
https://dingwiga.com/,phishing
https://magalur.shdrpos.com/,phishing
https://m.visa.com-req-8337744284.gulab.com.tr/,phishing
https://craigconnects.org/,legitimate
http://kmmrfm.com/,phishing
https://846365.com/,phishing
https://copyright-helpcenter85423136.web.app/,phishing
https://q-r.to/,phishing
http://dinamibancolom.dinamibancolom.repl.co/,phishing
https://danyvin.com/,phishing
https://updaterss.com/,legitimate
https://admedia.com/,legitimate
https://arcadesafari.com/,legitimate
https://brsrvr.com/,legitimate
https://jarfvrue3.duckdns.org/,phishing
https://naturetoneac.vercel.app/,phishing
http://aspnetcdn.com/,legitimate
http://geirger.ddns.net/,phishing
https://hearstnp.com/,legitimate
http://pub-ca3ac556bc9d4f3b958eacf5dff98eb4.r2.dev/,phishing
https://13.208.90.124/,phishing
https://kuksn.blogspot.tw/,phishing
https://ey.com/,legitimate
https://focus.de/,legitimate
https://bazoocam.org/,legitimate
https://att-101810.square.site/,phishing
http://adultfriendfinder.com/,legitimate
https://umbel.com/,legitimate
http://go-mpulse.net/,legitimate
https://tbcache.com/,legitimate
http://brandsmind.com/,legitimate
https://0ec2259.wcomhost.com/,phishing
https://postads24.com/,legitimate
https://go.boutique.humbleandrich.com/,phishing
http://v3cdn.net/,legitimate
https://appleid.applecare.com.technicalsupport.dynv6.net/,phishing
https://aellobblrtzbzbou-dot-millinium.ey.r.appspot.com/,phishing
http://agency-support.albanyshop.es/,phishing
https://bgov.com/,legitimate
http://dmm.com/,legitimate
https://jqueryui.com/,legitimate
https://dvipcdn.com/,legitimate
http://dkoshhap.net/,legitimate
http://portal---auuth---ndax--cdn.webflow.io/,phishing
http://findmy.hc-ez.com/,phishing
https://m.lingcangsport.com/,phishing
http://letvimg.com/,legitimate
https://pub-d553d54b96624107a99f5b05634f21fa.r2.dev/,phishing
http://ee.billing-payments.com/,phishing
https://trackingdn.shop/,phishing
https://attnet-108761.square.site/,phishing
https://52.20.16.135/,phishing
http://rvchsr.com/,legitimate
https://rezamundo.com.br/,phishing
http://xahoi.com.vn/,legitimate
http://muscleandfitness.com/,legitimate
http://escapemg.com/,legitimate
https://maketutorial.com/,legitimate
http://aninmywife99.my.id/,phishing
http://click-account-profile.vercel.app/,phishing
https://mozilla.net/,legitimate
https://mabar-barenglet2.duckdns.org/,phishing
http://lync.com/,legitimate
http://jvkj-ru.1gb.ru/,phishing
https://ziffdavis.com/,legitimate
https://ebaydesc.com/,legitimate
http://antiwar.com/,legitimate
http://putags.com/,legitimate
http://bicycles.sporting-goods-6592l3ol93235.itm6592l3ol93.com/,phishing
http://newsgcrqhml.uwfs.xyz/,phishing
http://kiosked.com/,legitimate
https://dynectmedia6degrees.com/,legitimate
http://newsrep.net/,legitimate
https://forbes.ro/,legitimate
https://findcrushes.com/,phishing
https://hheyqpnuchm.biz/,legitimate
http://bigmir.net/,legitimate
https://eepurl.com/,legitimate
http://wayfair.com/,legitimate
https://grub-bokep155.duckdns.org/,phishing
http://arstechnica.com/,legitimate
http://qbxurzdb.org/,legitimate
https://megacurioso.com.br/,legitimate
https://cyberpatrol.com/,legitimate
https://printbuyers.ca/,phishing
https://process-my-shippingfee.com/,phishing
https://lovedgames.com/,legitimate
http://tickld.com/,legitimate
https://transmissionbt.com/,legitimate
http://dev-mantequilla-189.pantheonsite.io/,phishing
https://gabunggrupviral44.duckdns.org/,phishing
http://adminuser.wwwteiegrmss.xyz/,phishing
https://rsys2.net/,legitimate
https://bahis-oranlari.com/,legitimate
https://codeproject.com/,legitimate
https://samsungotn.net/,legitimate
https://portal.ativacaoapp.digital/,phishing
https://boomrat.com/,legitimate
https://play-uphold-en.pages.dev/,phishing
https://hl.flaytasilssc.com/,phishing
http://crisppremium.com/,legitimate
http://vaibhavjoc.github.io/,phishing
http://wikisource.org/,legitimate
https://hamilto-nboulder.us-iad-10.linodeobjects.com/,phishing
https://steamcommunity.com/,legitimate
https://page-review-adversting-for-ads.github.io/,phishing
https://alera.in/,phishing
https://netfilix-kappa.vercel.app/,phishing
http://keezmovies.com/,legitimate
https://tiny.cc/,legitimate
https://eq2interface.com/,legitimate
https://xaxis.com/,legitimate
https://uolcontent.com/,legitimate
https://givbalm22.dumb1.com/,phishing
https://layanan-tarifbrimo.mobile-id.my.id/,phishing
https://businessinsider.com/,legitimate
https://photosdrivis1.000webhostapp.com/,phishing
https://maabodhi.com/,phishing
http://2wvikh0iws.we9ixzz.co/,phishing
http://sso--coinbasepro--cdn--f--qt.webflow.io/,phishing
https://pravda.com.ua/,legitimate
https://self.com/,legitimate
https://cloud-log.blogspot.com.tr/,phishing
https://800757.com/,phishing
https://malaysia.answers.quantarchive.com/,phishing
https://dstwiseuqabwruaosrfqiw4qf2w43293i2w3en412pwaqw35qwwsd.toh.info/,phishing
https://ford.com/,legitimate
https://realizesolucoesfinenceiras.com/,phishing
https://ebaumsworld.com/,legitimate
https://e-fakty24informacje.pl/,phishing
http://virustotal.com/,legitimate
https://ast-managemailpp.forumz.info/,phishing
https://dev-mastheed.pantheonsite.io/,phishing
http://oowxx1a.tripod.com/,phishing
https://acerbiplatchglance.firebaseapp.com/,phishing
https://ftazyqemttlylowp-dot-millinium.ey.r.appspot.com/,phishing
https://demandstudios.com/,legitimate
https://meta-film.pages.dev/,phishing
https://duolingo.com/,legitimate
https://qufacnib.cc/,legitimate
https://sendspace.com/,legitimate
https://intpvbjj.cn/,legitimate
https://tinypass.com/,legitimate
https://redtailtechnology.com/,legitimate
http://qae.keco353.vip/,phishing
https://oneindia.in/,legitimate
https://sharethis.com/,legitimate
http://radaronline.com/,legitimate
https://atagokaikeiroumu.com/,phishing
http://acount-confirm.ddns.net/,phishing
https://tienphong.vn/,legitimate
https://advertisers-client-support-appeal-evaluation.pages.dev/,phishing
http://062095384.com/,phishing
https://policies-fqqbylgr.asmc.ae/,phishing
https://edreams.it/,legitimate
https://nvhrlq.cc/,legitimate
https://deviantart.com/,legitimate
http://btbuckets.com/,legitimate
https://localvideoadmarketing.com/,phishing
http://tianmidian.com/,legitimate
https://jquery.com/,legitimate
https://trackjs.com/,legitimate
http://zanox.com/,legitimate
https://quadranet.com/,legitimate
https://chuckhodge.com/,phishing
https://cmail2.com/,legitimate
https://mbsx-mvp.clever-solution.dev/,phishing
https://conbseprologdn.gitbook.io/,phishing
http://whatsapp-wosso.com/,phishing
https://rewardsbonus.pages.dev/,phishing
https://9933gg.net/,phishing
https://roomkey.com/,legitimate
https://bafybeie2jdkjpawi7egoot3vho2wt3tnqwfcyd6wbpusulirv6mkquncbe.ipfs.nftstorage.link/,phishing
https://ocdn.eu/,legitimate
http://infolinks.com/,legitimate
https://asifshaz116sh.com/,phishing
https://vennq.com/,legitimate
https://zx.ehdgqf4.sa.com/,phishing
https://nxtck.com/,legitimate
https://sap2285seu.cc/,phishing
https://e7r.com.br/,legitimate
https://softonic.it/,legitimate
http://adblade.com/,legitimate
https://e774x9jw996ovqmr.hefeicang.com/,phishing
https://sbs-siebanlagen.de/,phishing
http://iqekkknxpuaivqlurucdpqufuyqahsjvkrvv.offglen.uk.r.appspot.com/,phishing
https://youth.cn/,legitimate
https://metamask.io.merge.nardeban.app/,phishing
http://utah.edu/,legitimate
https://bakwanjagunk.com/,phishing
https://hkcc.me/,phishing
https://voanews.com/,legitimate
http://alltv.gq/,phishing
https://ul.to/,legitimate
http://crowdignite.com/,legitimate
https://enarthrodial-ore.000webhostapp.com/,phishing
https://adcolony.com/,legitimate
https://lider.cl/,legitimate
https://myhabit.com/,legitimate
https://cxttwppiygcjcuzv-dot-millinium.ey.r.appspot.com/,phishing
http://halifax.auth-request.link/,phishing
https://tinnong247.net/,legitimate
https://gizmodo.es/,legitimate
https://kitco.com/,legitimate
https://askozvar.sk/,phishing
http://canlitv.tv/,legitimate
https://58.com/,legitimate
https://thechive.com/,legitimate
https://bafybeifogkvxvpw3ialr2qg4yazmpd4fvrc563vqta7uywtkxwz27arf7a.ipfs.infura-ipfs.io/,phishing
https://vng.vn/,legitimate
http://richrelevance.com/,legitimate
https://ckkcc.ru/,phishing
https://business-advertise-case-f1e3d.web.app/,phishing
https://craigslist.org/,legitimate
http://pagesix.com/,legitimate
https://nationalgeographic.it/,legitimate
https://fisc-gouv.info/,phishing
https://moceanads.com/,legitimate
https://aa2hs.jiw4.com/,phishing
https://bhuanadick.com/,phishing
https://igexin.com/,legitimate
http://ehow.de/,legitimate
https://mozillalabs.com/,legitimate
https://com.aucom.aumail7.sspl.com.ausspl.com.aumail7.sspl.com.aumail7.sspl.com.auwww.aumail7.sspl.com.aucom.aumail7.sspl.com.ausspl.com.aumail7.sspl.com.aumail7.sspl.com.au/,phishing
https://pussycash.com/,legitimate
https://6im7b-raaaa-aaaad-qeuna-cai.icp0.io/,phishing
http://cashtrafic.info/,legitimate
https://join-grup-viral99.duckdns.org/,phishing
http://technologytell.com/,legitimate
http://futurity.org/,legitimate
https://f0543963.xsph.ru/,phishing
http://pub-36e2abb05a3645d0baaf5765866feff2.r2.dev/,phishing
http://efe.com/,legitimate
http://danska31.000webhostapp.com/,phishing
https://shoppingshadow.com/,legitimate
https://mxx01.net/,phishing
http://kn3.net/,legitimate
https://stylene.net/,legitimate
https://mozilla.org/,legitimate
https://facebook-checkpoint-policy-violation-social-network181.ml/,phishing
https://aetn.com/,legitimate
https://leafy-baklava-722447.netlify.app/,phishing
http://rave-api.com/,legitimate
https://carautoaccidentlawyer-1318439371.cos.na-ashburn.myqcloud.com/,phishing
https://blogspot.mx/,legitimate
http://3.18.118.249/,phishing
http://dlvr.it/,legitimate
https://meta-review-details-109816645.web.app/,phishing
https://15j9pk0lcb.monitorminor.com.tr/,phishing
http://torrents.to/,legitimate
https://grupjoin-freexs8f.duckdns.org/,phishing
https://raiffrejsen.online/,phishing
http://securespy.net/,legitimate
https://usps.com-tracking-usxxoe.cc/,phishing
https://cjsab.com/,legitimate
http://gambleaware.co.uk/,legitimate
https://bbedd.blogspot.is/,phishing
https://websiteprotegido.com.br/,legitimate
http://pub-db9588be38a14ec28f651b786875dd69.r2.dev/,phishing
https://ff.member.garenav.vn/,phishing
https://mandt-verification.faqserv.com/,phishing
http://rapor.mobi/,legitimate
https://adsbusinesscreditcampaing.com/,phishing
https://ninpblt.cn/,legitimate
https://lcloud.iforgot-idevices.us/,phishing
http://blogtoplist.com/,legitimate
https://edrocbckladfqxlg-dot-millinium.ey.r.appspot.com/,phishing
https://mtnldelhi.in/,legitimate
https://livenation.com/,legitimate
https://ad-m.asia/,legitimate
http://a0544680.xsph.ru/,phishing
https://polk.pages.dev/,phishing
http://suntrust.com/,legitimate
http://appleinsider.com/,legitimate
https://getfirebug.com/,legitimate
http://amazinglytimedphotos.com/,legitimate
https://alexandplain.buzz/,phishing
http://tunigo.com/,legitimate
https://tndmnsha.com/,legitimate
http://amplituderepresentacoes.com.br/,phishing
https://acmepackingcompany.com/,legitimate
http://bgmixevent.xyz/,phishing
https://vcdn.vn/,legitimate
http://accounttfb63.webnode.com/,phishing
https://hoopz.co.in/,legitimate
https://cnbcprime.com/,legitimate
http://aizhan.com/,legitimate
http://b8w3uclj0s.qwo231sdx.club/,phishing
https://routerlogin.net/,legitimate
http://informationdata24754.com/,phishing
https://wikipedia.org/,legitimate
http://bcvbnmmain.com/,phishing
http://google.co.jp/,legitimate
https://myrecipes.com/,legitimate
http://g3mp8.shop/,phishing
https://chase-bank.online-services.duckdns.org/,phishing
https://vef.vn/,legitimate
https://amanzon.co.ip.hzsdxhgz.com.cn/,phishing
https://guidance.ghost.io/,phishing
https://dpd.polkurierzy.cloud/,phishing
http://hotlog.ru/,legitimate
http://barstoolsports.com/,legitimate
https://ahmed-7amdi.github.io/,phishing
http://grandriverproductions.com/,phishing
http://media1first.com/,legitimate
http://sparknotes.com/,legitimate
https://geemuni-logg.godaddysites.com/,phishing
http://dossenbach-aqee0rdwwqckoz2l.builder-preview.com/,phishing
https://package2021.blogspot.co.at/,phishing
https://espncricinfo.com/,legitimate
https://ebay.de.gyjd7k49itabhcr.e8273.pro/,phishing
https://m.fb-reattend-ipbuxrzzde.bostan-city.ir/,phishing
https://managebilling.support/,phishing
https://sblk.io/,legitimate
https://systemmonitor.co.uk/,legitimate
https://10ce0817-295f-469e-afaf-38f92d16d450-00-2p5c36e1q26rp.riker.replit.dev/,phishing
https://floridafreedomcharter.com/,phishing
http://6285997510663.000webhostapp.com/,phishing
https://hjnitro.com/,phishing
https://nhanqua-pubgmobile2021.com/,phishing
https://gov.uk-dwpaam.icu/,phishing
http://moderationresponsebuzzpulse.vercel.app/,phishing
http://fool.com/,legitimate
https://eturnurlhorgm.weebly.com/,phishing
http://tinyurl.com/,legitimate
https://join-academy-hypesquad-events.ga/,phishing
http://actsazppws.cn/,phishing
https://mercadolivre.com.br/,legitimate
https://ladsp.com/,legitimate
http://commertyasquiad.wixsite.com/,phishing
https://dev.dmitrysorokin.ru/,phishing
https://bafybeihbr2qgidgbmo7yzjlnkkpa3xdfgnyazbkchantylg5kchqu2aowe.ipfs.dweb.link/,phishing
https://7oquzjtfsbn28pxyexn31vkddfe.qwo231sdx.club/,phishing
https://ailzomlwgaeyilxu-dot-millinium.ey.r.appspot.com/,phishing
http://bbcmundo.com/,legitimate
https://mail.ica-poetry.grubwhatsapp06.tk/,phishing
http://poth.pages.dev/,phishing
https://jcloud.com/,legitimate
https://christopher.anzalone.expofranchise.com.br/,phishing
https://m.kbk9322.com/,phishing
https://h7hsh.petofibanyakopaszhegy.hu/,phishing
https://dvdcdn.com/,legitimate
http://doviz.com/,legitimate
https://ntxxouhksmwpgbkxpzvhkesuej-dot-gleowayel400503.uc.r.appspot.com/,phishing
https://mgbnicxrrn.duckdns.org/,phishing
https://doveclub.it/,legitimate
http://logie-robinhoodes.gitbook.io/,phishing
http://cnetcontent.com/,legitimate
https://fanpop.com/,legitimate
https://districtwest.com/,legitimate
https://dirmusiic.in/,legitimate
https://noom.com/,legitimate
https://att-100751.weeblysite.com/,phishing
http://bradescofinanciamentos.com.br/,legitimate
http://roundecubewebmailsecuremaildata.weebly.com/,phishing
https://arimle88genesh.com/,phishing
https://bazardelpueblo.com/,phishing
http://right-coupon.com/,legitimate
https://pryankellyjh.com/,phishing
https://cheaptickets.com/,legitimate
http://247inc.net/,legitimate
http://pornwhite.com/,legitimate
https://iiqhj.blogspot.tw/,phishing
https://airbnrmvip.com/,phishing
https://bt-107668.weeblysite.com/,phishing
https://whats-zso.vip/,phishing
http://luy.get.mybluehost.me/,phishing
http://azsmsmsendiwuqiw.weebly.com/,phishing
http://batstrading.com/,legitimate
http://shareth.ru/,legitimate
https://3gl.net/,legitimate
https://qqmail.com/,legitimate
https://alexspamclass0.onthewifi.com/,phishing
http://proses-withdraw.claud.biz.id/,phishing
http://21ek2.top/,phishing
http://beamish-eclair-3caf4f.netlify.app/,phishing
https://dpinf1.tk-ggod32y.biz.id/,phishing
https://bafybeihpyxm5ffjpi6fvn2hqf7efi2z5r4dkfdgaskm5xohkgkkfgqlbdm.ipfs.nftstorage.link/,phishing
http://myidrankuletn.link/,phishing
https://zromhyh.biz/,legitimate
https://splashnewsonline.com/,legitimate
https://trendcounter.com/,legitimate
http://lavenderpoint.com.au/,phishing
https://americafirstlrsaxdl.ddns.net/,phishing
http://appleid.commanagersmantpels.business/,phishing
https://slashgear.com/,legitimate
http://fb.connectwithme.fun/,phishing
http://htf3mtt7xx.web.app/,phishing
http://samsungcloudsolution.net/,legitimate
http://njlmrnxludfviokchzlrjxfqeovjqwhtcpqa-dot-offgl8876899977678.uk.r.appspot.com/,phishing
https://certify-account-handle-afa39.firebaseapp.com/,phishing
https://toparcadehits.com/,legitimate
http://trbas.com/,legitimate
https://16mm.it/,legitimate
http://usatoday.net/,legitimate
http://exchangedefender.com/,legitimate
http://bnef.com/,legitimate
http://remote.mdcomp.com.au/,phishing
https://dfxvhajnwy.duckdns.org/,phishing
https://simmonsss.cfd/,phishing
https://prismamediadigital.com/,legitimate
http://soclminer.com.br/,legitimate
https://habrahabr.ru/,legitimate
http://wvjxq.info/,legitimate
https://dhlfameily.top/,phishing
https://itrustccapitallogen.webflow.io/,phishing
https://app.safarilncfs.com/,phishing
http://mit.edu/,legitimate
https://amazon.it/,legitimate
http://karyagive.duckdns.org/,phishing
http://2ch.net/,legitimate
http://instantcheckmate.com/,legitimate
http://4shared.com/,legitimate
http://adsplats.com/,legitimate
https://xwmfbz.org/,legitimate
https://1up.com/,legitimate
http://tbcdn.cn/,legitimate
https://consultforce.in/,phishing
https://kndmdemzoyo.org/,legitimate
https://baidu.co.th/,legitimate
http://rebo.bahstewman.com/,phishing
http://hupu.com/,legitimate
https://paytm.com/,legitimate
https://key.com/,legitimate
https://content-fbook-25157533.roggiehouse.it/,phishing
http://celticsblog.com/,legitimate
https://fontuneo.com/,phishing
https://osobrzdqcq.duckdns.org/,phishing
https://pghlpsupp0rtrcvry.000webhostapp.com/,phishing
http://doonglobalschool.org/,phishing
https://ledger-liveloginn.pages.dev/,phishing
https://fandaionedrive.naya20166501.workers.dev/,phishing
https://webtrekk.net/,legitimate
https://primroseclub.com/,phishing
https://174.139.46.48/,phishing
http://davidsoloads.com/,phishing
http://foodandwine.com/,legitimate
https://reallifecam.com/,legitimate
https://att-104196-101572.weeblysite.com/,phishing
https://post.d-payment.cfd/,phishing
http://nq.com/,legitimate
http://linkwithin.com/,legitimate
https://mjserver.xyzh.art/,phishing
https://l8.nu/,phishing
https://naturalmotion.com/,legitimate
https://masteracademy.mn/,phishing
https://hmrc.gov-taxreturn.org/,phishing
https://kinja-static.com/,legitimate
https://skyrimforge.com/,legitimate
https://fido-reference-8777283.com/,phishing
https://help.coinbase-wallet-extension.addpotion.com/,phishing
https://coull.com/,legitimate
http://gsecondscreen.com/,legitimate
https://postrem-9580692730.design-planb.de/,phishing
https://fak01mma8cm34.com/,phishing
http://schwab.com/,legitimate
https://liveboxmints6.vercel.app/,phishing
https://nuiso.vot.pl/,phishing
http://policyhomepage.000webhostapp.com/,phishing
http://arcadecandy.com/,legitimate
https://clebsantos404.github.io/,phishing
https://pub-cd79e4ba646248938d9c124ff8a6e641.r2.dev/,phishing
https://pornleech.ru/,legitimate
http://llnw.net/,legitimate
http://3659eee.net/,phishing
https://pohodnik.by/,phishing
http://appisys.com/,legitimate
https://zapkolik.com/,legitimate
http://17ok.com/,legitimate
https://5fgfgfgfgfg4g.blogspot.com.tr/,phishing
https://allegro.pl/,legitimate
https://a0370578.xsph.ru/,phishing
https://mynet.com/,legitimate
http://smartorrent.com/,legitimate
https://taps.io/,legitimate
http://5atyamv.github.io/,phishing
https://nspaz.edu.pe/,phishing
https://zedo.net/,legitimate
https://immunet.com/,legitimate
http://peoplesinnovation.com/,phishing
https://36fc3d2bf0de1e7e910e2436445c468d.tinyemails.com/,phishing
https://bankrate.com/,legitimate
http://ticketmaster.com.mx/,legitimate
http://magazineluiza-saldao.com/,phishing
http://pandora.com/,legitimate
http://jpush.cn/,legitimate
https://fmthq.blogspot.sn/,phishing
https://telestream.net/,legitimate
http://mintopen-now.web.app/,phishing
https://bbccanada.com/,legitimate
http://9to5mac.com/,legitimate
http://meta-syver-talon-fyra.pages.dev/,phishing
http://contents-5155059219.postadspro.com/,phishing
http://fcc.gov/,legitimate
http://ctnsnet.com/,legitimate
https://csctrustedsecure.com/,legitimate
http://hdokfjrgxcnrxrbeiuuudbkxhp-dot-gloff849483.uk.r.appspot.com/,phishing
http://ekolay.net/,legitimate
http://humanoflol.net/,phishing
https://latinvestor.com/,legitimate
https://batanga.net/,legitimate
https://concursolutions.com/,legitimate
https://detroitbadboys.com/,legitimate
http://enhtc.blogspot.ug/,phishing
https://flbvjtfsdmccgact-dot-millinium.ey.r.appspot.com/,phishing
https://greatarcadehits.com/,legitimate
http://umengcloud.com/,legitimate
https://gbungparayoutuber.duckdns.org/,phishing
https://flexgang.uk/,phishing
https://634252.cc/,phishing
https://researchgate.net/,legitimate
http://a9qgp.zanzines.xyz/,phishing
https://propellerpops.com/,legitimate
http://swisspost.beleg1823.cfd/,phishing
http://nwps.ws/,legitimate
https://officefax3653.freeholdoffice.workers.dev/,phishing
https://groupviral-kdy.duckdns.org/,phishing
https://attyahoomailcurrentlymailbox.weebly.com/,phishing
https://vmmpxl.com/,legitimate
http://tightendjump.com/,legitimate
http://simplytechnology.net/,legitimate
https://sensic.net/,legitimate
http://bgmirp6.com/,phishing
https://domainsponsor.com/,legitimate
https://fnjbgcdmlfv.com/,legitimate
https://sahibinden.com/,legitimate
https://sap27521th.cc/,phishing
http://webapp.ghost.io/,phishing
https://chat-whatsapp.ocry2020.ml/,phishing
https://dashboard-onlinelogin-site5.xyz/,phishing
https://ennprh8lsharefilecomsst86tho4ons669e.us-east-2.elasticbeanstalk.com/,phishing
http://pub-3e0eaf4d9fb247f9b7d8246f4ccbfebd.r2.dev/,phishing
https://sriharisakshith.github.io/,phishing
https://ibtracking.com/,legitimate
http://att-101014.weeblysite.com/,phishing
http://pop6.com/,legitimate
https://ebaymotorsblog.com/,legitimate
https://google.cz/,legitimate
https://beheernet.xyz/,phishing
https://cosmicenergy.in/,phishing
http://truste.org/,legitimate
https://rivertownrealty.top/,phishing
https://e-interacrefnd.com/,phishing
https://878968767900.454454645.repl.co/,phishing
https://zybez.net/,legitimate
https://147.50.132.185/,phishing
https://adroll.com/,legitimate
http://rabovervangen-zakelijk.xyz/,phishing
http://att-108990-109408.weeblysite.com/,phishing
https://facebookmail.com/,legitimate
https://chatidcdn.com/,legitimate
http://misterymoon.com/,phishing
https://hma-abtcf.weebly.com/,phishing
http://gov.winteab-uk.bond/,phishing
https://devinerolls.com/,phishing
http://controlyourtv.org/,legitimate
https://nocookie.net/,legitimate
http://americanas-renova.000webhostapp.com/,phishing
https://phantomiowalle.godaddysites.com/,phishing
https://help--e-metas-help.webflow.io/,phishing
https://bhrtng.blogspot.lu/,phishing
https://watchseries.ag/,legitimate
https://helppaset4ccountnformation4ctivity.co.vu/,phishing
https://18.208.167.36/,phishing
https://fwebmail-account-105410.weeblysite.com/,phishing
http://google.sk/,legitimate
http://tronskan.com/,phishing
https://thepiratebay.org/,legitimate
https://meneame.net/,legitimate
https://pdfalmta.ws/,legitimate
http://mesasouthern.columbiapas.org/,phishing
https://codashopevents-klikksnews.duckdns.org/,phishing
https://remove.fbcom-307507647.feltna.si/,phishing
https://startribune.com/,legitimate
https://electnext.com/,legitimate
http://bm23.com/,legitimate
https://netflix-renewplan.com/,phishing
https://quinnipiac.edu/,legitimate
https://blogspot.jp/,legitimate
https://mtfjz.blogspot.sn/,phishing
http://cox.com-6159368de39251d7a-login.id-107sbtd9cbhsbtd5d80a13c0db1f546757jnq9j5754675735399236.kylelierman.com/,phishing
http://gapinc.com/,legitimate
https://qsstats.com/,legitimate
https://movieseum.com/,legitimate
https://midasbuyywebbs.com/,phishing
https://webserviceline2013.org/,legitimate
https://caixa-ruralvia.authlivraison.frl/,phishing
https://watchseries.lt/,legitimate
https://nodehelpfix.live/,phishing
http://upi.com/,legitimate
https://nfl.biz/,legitimate
https://y90u.xyz/,phishing
https://terena.org/,legitimate
http://ebnbnzfkeh7828543421.flempreendimentos.net/,phishing
https://movshare.net/,legitimate
http://baronsoffers.com/,legitimate
https://exceldocssign.pages.dev/,phishing
https://enet.com.cn/,legitimate
https://buzzdock.com/,legitimate
https://tradelab.fr/,legitimate
https://hackerwatch.org/,legitimate
https://bet73055.com/,phishing
https://admaster.com.cn/,legitimate
http://spccint.com/,legitimate
http://virtualearth.net/,legitimate
http://pub-78cda75345d64013b07d603bf9f33141.r2.dev/,phishing
http://missedpackagerm.com/,phishing
https://attlqlkk-eight.vercel.app/,phishing
http://roxbro.wallst.ru/,phishing
http://flashget.com/,legitimate
https://symcd.com/,legitimate
https://claimc1s1.mrbonus.com/,phishing
https://tsn.ca/,legitimate
http://brainyquote.com/,legitimate
http://autoblog.com/,legitimate
http://delicious.com/,legitimate
https://makanaa.pages.dev/,phishing
https://wearemadeinny.com/,legitimate
https://ebit.com.br/,legitimate
http://intencysrv.com/,legitimate
https://rcntorrpqduxrcmw-dot-millinium.ey.r.appspot.com/,phishing
https://grupwhattskozahst1.stqy.biz.id/,phishing
https://8m-94n.iifgg.com/,phishing
http://ihrhls.com/,legitimate
https://po.st/,legitimate
http://yandex.st/,legitimate
https://1d1fed00.7832iweof8ds.org.cn/,phishing
https://kitchenonfourth.com/,phishing
http://appealsadgen.vercel.app/,phishing
https://info-plus-ca.surge.sh/,phishing
https://fbookcom-04763212.kayaclinic.ir/,phishing
https://galinciaofficeonline.com/,phishing
https://appia.com/,legitimate
https://e-karaman.com/,legitimate
https://nymag.com/,legitimate
http://newgrounds.com/,legitimate
https://att-100018.weeblysite.com/,phishing
https://a-100779.weeblysite.com/,phishing
https://pub-82d701a3413f4de4b051efacc83b3bef.r2.dev/,phishing
https://oyunasi.com/,legitimate
http://bancolombia-personas2-co.glitch.me/,phishing
https://hidemyass.com/,legitimate
https://thomsonreuters.com/,legitimate
http://php.net/,legitimate
https://codasholbug2021.duckdns.org/,phishing
https://welcome-trzor-us.github.io/,phishing
http://fivestore.it/,legitimate
http://colocoloconcepcion.cl/,phishing
http://mangahere.co/,legitimate
https://clkbid.com/,legitimate
https://guidelineviolationdigitalinfluence.vercel.app/,phishing
https://appnexus.com/,legitimate
http://ac74357b3ed18c163af803cbe1ef52f1-dot-spow3039.df.r.appspot.com/,phishing
https://aol-108133.weeblysite.com/,phishing
https://5ghhjhj5h4g3g4.blogspot.com/,phishing
https://mitula.net/,legitimate
https://yandex.kz/,legitimate
https://r1guysdvcjhvghsd.pages.dev/,phishing
https://mediamond.it/,legitimate
https://nufusehliyetsorgulama6.xyz/,phishing
http://active.mulani-consult.online/,phishing
https://mybuys.com/,legitimate
https://grupwhatsapp18-cff.duckdns.org/,phishing
https://bt-101132.weeblysite.com/,phishing
https://173-82-154-232.plesk.page/,phishing
http://venturebeat.com/,legitimate
https://prfle-56111432.mansurtech.com/,phishing
https://inkfrog.com/,legitimate
https://3639956.apicous.com/,phishing
https://tudogostoso.com.br/,legitimate
https://expediajobs.com/,legitimate
http://riley-wilson.com/,phishing
https://kik.com/,legitimate
http://brcdn.com/,legitimate
https://monetate.net/,legitimate
https://futurenet.com/,legitimate
https://windowsphone.com/,legitimate
http://pay-palit.000webhostapp.com/,phishing
https://trt.net.tr/,legitimate
http://dmoz.org/,legitimate
https://att123498765.weebly.com/,phishing
http://marioliveirapersonal.com.br/,phishing
https://fwfsqcux.net/,legitimate
http://meta-rinex-malor-kiva.pages.dev/,phishing
https://timesonline.co.uk/,legitimate
https://ad.org.vn/,legitimate
https://adorika.com/,legitimate
https://freeallthing6134.blogspot.ba/,phishing
https://mohdtsf.github.io/,phishing
http://agame.com/,legitimate
https://kmdisplay.com/,legitimate
http://redcross.org/,legitimate
http://ddmcdn.com/,legitimate
http://98-094-po.weeblysite.com/,phishing
https://orange3250.yolasite.com/,phishing
http://yourshoppingoutlet.com/,legitimate
https://komiksurat.com/,legitimate
http://dynamicyield.com/,legitimate
https://revenudepot.com/,phishing
http://trust-guard.com/,legitimate
https://rss2search.com/,legitimate
https://haivainoi.com/,legitimate
http://userzoom.com/,legitimate
http://pubgevnt19.duckdns.org/,phishing
https://bluecoat.com/,legitimate
https://tinvn.info/,legitimate
http://telize.com/,legitimate
https://ulogin.ru/,legitimate
https://amaeuzom.lrvvepr.cn/,phishing
https://bafkreigeq6qtfvwudov33sms42tavchbddxnoiq4p3n3akuwzjhdzk4d4q.ipfs.dweb.link/,phishing
https://inboundmx.com/,legitimate
https://webpagescripts.net/,legitimate
https://mail.securitypsd2.work/,phishing
https://blammoservers.com/,legitimate
http://pro-reward.cn/,phishing
https://realclearenergy.org/,legitimate
https://ck101.com/,legitimate
https://kaskus.com/,legitimate
https://trpxl.com/,legitimate
https://164900065546540.16mb.com/,phishing
https://pub-1cb65319bc294eaf987b3f783fecbc7b.r2.dev/,phishing
http://techcrunch.com/,legitimate
https://discovercoastalvacations.com/,phishing
https://copium.org/,phishing
http://aktivasi-dana-new.myserver.social/,phishing
http://hfw.meeting-2077.com/,phishing
http://gyini.org/,legitimate
http://ledger-live--downolds.webflow.io/,phishing
https://radiotime.com/,legitimate
https://kralpop.com.tr/,legitimate
https://skim.gs/,legitimate
https://mplxtms.com/,legitimate
http://gnd.com/,legitimate
https://authentification-espace-perso798423.prohoster.biz/,phishing
https://admailtiser.com/,legitimate
http://savefrom.net/,legitimate
https://crispadvertising.com/,legitimate
https://rbxx025.blogspot.gr/,phishing
https://facebook.com.br/,legitimate
http://iypflxli.net/,legitimate
https://ad360.vn/,legitimate
https://4zgbj.wusps.xyz/,phishing
https://qwtsd.top/,phishing
https://mtvnimages.com/,legitimate
http://watchmygf.com/,legitimate
https://hungry-mccarthy.107-173-176-135.plesk.page/,phishing
https://etpmt.cyou/,phishing
https://redrock-interactive.com/,legitimate
https://gmhome.net/,phishing
http://safetycovertouse3263334.click/,phishing
https://att.com/,legitimate
https://anninhthudo.vn/,legitimate
https://glosvfredyr.web.app/,phishing
https://logitech.com/,legitimate
http://gov.dvlauk.ltd/,phishing
https://topkit.com/,legitimate
https://jscods.cf/,legitimate
https://mail01.hpsafety.com.au/,phishing
https://hashbind.tech/,phishing
http://ngoisao.net/,legitimate
http://cs54920.tmweb.ru/,phishing
https://usablenet.com/,legitimate
http://cloudfarecreative.pages.dev/,phishing
https://upgrade0187.wixsite.com/,phishing
http://afraidsecondaryutilities--five-nine.repl.co/,phishing
https://youyuan.com/,legitimate
https://twittercounter.com/,legitimate
https://dexerpay.com/,phishing
https://meta-support-credentialhub.pages.dev/,phishing
http://rwkczaox.info/,legitimate
https://rdeshapriya.com/,phishing
https://halalvarsity.org/,phishing
http://royalbank.com/,legitimate
https://restore-dd9832uis.vercel.app/,phishing
http://tf2outpost.com/,legitimate
https://premium92973.blogspot.rs/,phishing
https://attcom-105799.weeblysite.com/,phishing
http://ap.lc/,phishing
http://hawaamsaluabebe.com/,phishing
https://lflwkcqugcvpatlqxgqjucdodd-dot-gl9393jan.uk.r.appspot.com/,phishing
https://cpcalendars.cjsmodernelectronics.com.au/,phishing
https://ilsole24ore.it/,legitimate
https://nxy-y8qx.vercel.app/,phishing
https://usps.com-tracksql.top/,phishing
https://movie4k.to/,legitimate
https://handel-krokos.info.pl/,phishing
https://usps.com-trackkps.top/,phishing
http://synchronychat.com/,legitimate
https://att-108498.weeblysite.com/,phishing
https://filessharing.hopto.org/,phishing
https://astrion-vault.pages.dev/,phishing
http://base---ndaxx--authse.webflow.io/,phishing
https://bancadebogotaseguros.com/,phishing
https://nideindia.in/,phishing
http://sstatic.net/,legitimate
https://kucinlogineisu.webflow.io/,phishing
https://buysafe.com/,legitimate
https://adobur.com/,legitimate
https://freeuctt.000webhostapp.com/,phishing
https://allstate.com/,legitimate
http://metamedconnect.com/,phishing
https://konid20420.temp.swtest.ru/,phishing
https://plgyuil.eu.org/,phishing
https://oyeadventure.com/,phishing
http://mydati.com/,legitimate
https://nexac.com/,legitimate
http://tzoo-img.com/,legitimate
http://erxuduswa1let.godaddysites.com/,phishing
https://bdvenlinea-persona.tiiny.io/,phishing
https://progolosuy.hop.ru/,phishing
https://newrules-42470767.xorazm-invest.uz/,phishing
https://rodrigorevelles.com.br/,phishing
http://niziot.com/,legitimate
https://account-paypol.com/,phishing
https://yieldmanager.net/,legitimate
https://one-drv-file.ey.r.appspot.com/,phishing
https://imp-serving.com/,legitimate
http://peoplem.ag/,legitimate
https://claim-itemolpt.duckdns.org/,phishing
https://glympse.com/,legitimate
https://napster.com/,legitimate
https://xcwxufd.org/,legitimate
https://werlytdety.cloudaccess.host/,phishing
https://pub-02bf8285f39046de92c19fd7d7c6de0b.r2.dev/,phishing
https://1211c.vercel.app/,phishing
https://amazom.azynvs.icu/,phishing
https://leonardo.it/,legitimate
https://coolots.com/,legitimate
https://yimgr.com/,legitimate
https://vzwfemto.com/,legitimate
http://getkeepsafe.com/,legitimate
http://m.squaredoorsearch.com/,phishing
https://view-ledgerlive.teachable.com/,phishing
http://helpdescanada.weebly.com/,phishing
https://unsmcp.ws/,legitimate
https://newsbank.com/,legitimate
https://jhselepzpa9824976318.flempreendimentos.net/,phishing
http://auth-blockfi-console.webflow.io/,phishing
http://ejolaxpigj.duckdns.org/,phishing
https://naseej.com.sa/,legitimate
https://50adf0ad.officesoft.pages.dev/,phishing
https://mcent.com/,legitimate
https://posplan.com.ar/,phishing
http://ledgerconnect.me/,phishing
http://rhtbf.blogspot.lu/,phishing
https://delvenetworks.com/,legitimate
http://mdesmaskgiouncctionetioninwn.dedyn.io/,phishing
https://amazon-id-safety-center-signin-openid-page-max-infomation.rxxvpu.bar/,phishing
https://spigtrdpjs.info/,legitimate
https://help-desk024.000webhostapp.com/,phishing
https://idealoyun.com/,phishing
http://review-submits-violation-sepia.vercel.app/,phishing
https://acesso54sd.club/,phishing
https://wonderwall.com/,legitimate
https://reklamz.com/,legitimate
http://thegioididong.com/,legitimate
https://learni.st/,legitimate
http://fatumayattani.github.io/,phishing
http://irna.ir/,legitimate
https://anythumb.com/,legitimate
https://yts.re/,legitimate
https://ddhvwhqg.biz/,legitimate
https://162.215.254.15/,phishing
https://ali-express333.shop/,phishing
https://caliser.com/,legitimate
https://cyyiefdqpqzpykfl-dot-millinium.ey.r.appspot.com/,phishing
http://v9.com/,legitimate
https://wbodgchdwfh.net/,legitimate
https://metamasks-io.com/,phishing
http://folha.com.br/,legitimate
http://mail.sara.stedelijklyceumexpo.be/,phishing
https://questionmarket.com/,legitimate
https://health.com/,legitimate
http://rf.moneywayappl.com/,phishing
https://slashdotmedia.com/,legitimate
https://microsoftsecuredteam.weebly.com/,phishing
https://edokiorro.com/,phishing
https://office.onedrop.live/,phishing
http://defirpcnodesfix.pages.dev/,phishing
https://cdn-seekingalpha.com/,legitimate
http://nuance.com/,legitimate
http://dreamspark.com/,legitimate
http://amuazom.yrxzyy.cn/,phishing
http://3b79c682d6.nxcli.io/,phishing
http://festive-dijkstra.185-245-182-62.plesk.page/,phishing
https://mobilethreat.net/,legitimate
https://crateandbarrel.com/,legitimate
https://57d48f8b-129e-41d5-9f04-515c9c78a37c.htmlpasta.com/,phishing
https://38.54.8.14.sslip.io/,phishing
http://rulfan.sa.com/,phishing
https://pubgmobile-reword.blogspot.com/,phishing
http://aplicacao.space/,phishing
https://eum-appdynamics.com/,legitimate
http://bclzqscimmjoryfm-dot-millinium.ey.r.appspot.com/,phishing
http://ecustomeropinions.com/,legitimate
https://therichest.com/,legitimate
https://bxblfd.icu/,phishing
https://thesaurus.com/,legitimate
http://bloombergview.com/,legitimate
http://pubgmskinxlucky.duckdns.org/,phishing
https://allegrofinanse2.pl/,phishing
https://sciencefriday.com/,legitimate
https://bitly.go.vn/,phishing
http://leadpages.net/,legitimate
https://filisepbee.temp.swtest.ru/,phishing
https://browsemark.net/,legitimate
https://trib.al/,legitimate
https://7absskala.servehttp.com/,phishing
https://rontar.com/,legitimate
https://bizmas.vn/,phishing
https://gsmarena.com/,legitimate
http://zebestof.com/,legitimate
http://admost.com/,legitimate
https://wjrusyiws.net/,legitimate
https://adtech.de/,legitimate
https://dannaxidkaget.xsmysite.web.id/,phishing
http://securetrust.com/,legitimate
https://fvwfgsfnwdgypfmx-dot-millinium.ey.r.appspot.com/,phishing
https://popads.net/,legitimate
https://rutarget.ru/,legitimate
https://mail.gabung-grup-vralindo.duckdns.org/,phishing
https://junoweb.webflow.io/,phishing
https://whatsapp.net/,legitimate
http://fbmta.com/,legitimate
https://my-officedocx-hygiehotels-dot-sharepoint-upload.an.r.appspot.com/,phishing
https://fifa.com/,legitimate
http://amazon-assistant-pyct2.rollout.site/,phishing
https://hardsextube.com/,legitimate
https://ifunny.mobi/,legitimate
https://mojang.com/,legitimate
https://kbebwxy.org/,legitimate
https://aauth-auth-m-crypto-sso.webflow.io/,phishing
https://ourgarden.us/,phishing
http://kdwgqrei.top/,phishing
https://submit-an-appeal-gtec.vercel.app/,phishing
https://ombrafacade.ca/,phishing
https://even-gratis-coda2021.duckdns.org/,phishing
https://nadiamotta.com/,phishing
https://apple.rescatarahora.cl/,phishing
http://fb-restriction-case-ec530.web.app/,phishing
https://fullcopers.com/,phishing
https://coda.illegal.skinitemfree.ml/,phishing
https://bannerflow.com/,legitimate
http://biharmirchi.in/,phishing
https://ptreklamcrv.com.tr/,legitimate
https://vitruvianleads.com/,legitimate
https://8eb95c931b01.ngrok.io/,phishing
https://hadiah-gratis-garena34.duckdns.org/,phishing
https://suncoast-onboard.surge.sh/,phishing
https://geogslb.com/,legitimate
https://198.98.61.38/,phishing
https://freeskinmoonton88.zzux.com/,phishing
https://batman.mx/,phishing
http://8oqwe.amorlu.com/,phishing
http://overstock.com/,legitimate
https://annoying-x-journey.com/,phishing
http://ke6ktryxqaxqiiqlokkpyw5bqhdp.wusps.xyz/,phishing
https://salestoys.com/,phishing
https://kucoiyanlogiin.gitbook.io/,phishing
https://fbook-authenticate-email.000webhostapp.com/,phishing
http://arnazzqn-co-jp.ztfik0s.cn/,phishing
https://bob-source-cuba-marking.trycloudflare.com/,phishing
https://sittercity.com/,legitimate
http://grubpara-youtuberberkumpul-tersembunyiok.duckdns.org/,phishing
https://5fgfgffg44g4g.blogspot.com/,phishing
http://bafybeia3cre5kd5kruq2zjk7myy2nxgcuymu655fhragmyfaramushx5be.ipfs.cf-ipfs.com/,phishing
https://24d65ec4693040079.temporary.link/,phishing
http://ads-grooveshark.com/,legitimate
https://imesh.com/,legitimate
http://arena.vodafoneplay.gg/,phishing
https://olx.com/,legitimate
http://fb-securitypage-100000112345781298926003037.cf/,phishing
http://blogtamsu.vn/,legitimate
https://webcitation.org/,legitimate
https://att-yahoo-krl105722.weeblysite.com/,phishing
https://nwefreeskin.claimx13.com/,phishing
https://nhl.com/,legitimate
https://usatoday.com/,legitimate
http://downloaddd------brdggg----trzzrrr.pages.dev/,phishing
https://retailmenot.com/,legitimate
https://metacnmaskus.azurewebsites.net/,phishing
https://kotaku.com/,legitimate
https://openseapro-start4.vercel.app/,phishing
https://gazzabet.it/,legitimate
https://totaltech.it/,legitimate
https://joingrup-dewasa87.duckdns.org/,phishing
http://meta.suivimailing.fr/,phishing
https://hotmart.net.br/,legitimate
https://republer.com/,legitimate
https://feedburner.com/,legitimate
https://benjipay.com/,phishing
http://mjbsoftwareconsulting.com/,phishing
https://wpthemes.co.nz/,legitimate
https://kickstarter.com/,legitimate
https://oroll.com/,legitimate
https://pxi.ferter.net/,phishing
https://join-legendscup.com/,phishing
https://kkoesdeoer.pages.dev/,phishing
http://meta-interflow.pages.dev/,phishing
https://icloud-appareil.online/,phishing
https://interfax.com/,legitimate
https://account-fb-security-a3543.firebaseapp.com/,phishing
https://watchguard.com/,legitimate
https://metasmk-extens-page.webflow.io/,phishing
https://applntesasanpaolo.15-188-27-119.cprapid.com/,phishing
http://check-a-payee.com/,phishing
https://meta-brena.pages.dev/,phishing
https://cinbaseprolognig.gitbook.io/,phishing
https://zewvyymdbud.net/,legitimate
http://informed.deliveryjrs.top/,phishing
http://amazon.de/,legitimate
https://readairreview.com/,phishing
https://submarino.com.br/,legitimate
https://stathat.com/,legitimate
http://trendinglifestyles.com/,legitimate
http://afy11.net/,legitimate
http://hdfcbank.com/,legitimate
https://its-kaluga.ru/,phishing
https://ancient-pricey-xylophone.glitch.me/,phishing
https://ebay-motors.view-item-1582305984.com/,phishing
https://4fb4d59aee1a935837081fc454b8d843-dot-gle9392420309493993.rj.r.appspot.com/,phishing
https://homeaway.com/,legitimate
https://foxnewsgo.com/,legitimate
https://yku.tokc.shop/,phishing
https://mobile01.com/,legitimate
https://tripstodiscover.com/,legitimate
https://zulily.com/,legitimate
https://buscape.com/,legitimate
https://slimspots.com/,legitimate
https://marketers-league.com/,phishing
https://discoverindiaclub.org/,phishing
http://taggify.net/,legitimate
https://jasmin.com/,legitimate
https://betradar.com/,legitimate
http://vistaprint.com/,legitimate
https://inventorycreation.com/,legitimate
https://linkz.net/,legitimate
http://mnunemp1oyment-system.com/,phishing
https://cxt.ms/,legitimate
https://5leekmo5tlf.com/,phishing
https://akbnkiadesihizmetinizdeyizsubattr2023tr3.net/,phishing
https://protrade.com/,legitimate
https://myhermes.de-xzsr.top/,phishing
https://jhdfghj.onepage.me/,phishing
https://appeal-submint-free-verified-badge.vercel.app/,phishing
http://azure-adaptable-partridge.glitch.me/,phishing
http://pwuxmeudz.tk/,phishing
https://sonicwall.com/,legitimate
http://copyright.com/,legitimate
http://issuefeedback-matter-content.firebaseapp.com/,phishing
http://balsam-rumbling-deerstalker.glitch.me/,phishing
https://newmosque.xyz/,phishing
http://kponundianfstvalmndiri.percetakaan.web.id/,phishing
https://bemobile.ua/,legitimate
http://polh.homelinux.com/,phishing
http://baringmariade.firebaseapp.com/,phishing
http://hundfaevlesde.web.app/,phishing
https://newscientist.com/,legitimate
https://discord.truefar.com/,phishing
https://lijit.com/,legitimate
https://chatgrubdewasa2021.duckdns.org/,phishing
http://enforum-yilsonubireyselkampanya-basvur-online.tk/,phishing
http://52.67.155.4/,phishing
https://mk3.org/,phishing
http://gdty.foundteen.icu/,phishing
https://bafybeifhzljz6zbr5lcfctctkdlqiuxpg3qpkii6xaztmctlitzurjsax4.ipfs.dweb.link/,phishing
http://boostadvtracking.com/,legitimate
https://366939.com/,phishing
http://sradserver.com/,legitimate
https://account-espacevocale.firebaseapp.com/,phishing
https://rvgqpud.com/,legitimate
https://ms-sharepoint35354233123243.pages.dev/,phishing
http://cial8i8p.vercel.app/,phishing
https://spinr.in/,legitimate
https://caricatureflaw-1322273052.cos.sa-saopaulo.myqcloud.com/,phishing
http://ppjol.net/,legitimate
https://hotfix.bi.jimpike.com.au/,phishing
https://accout956united.pages.net.br/,phishing
https://escapadestherebellion.com/,phishing
https://dmcimg.com/,legitimate
https://metamask-help.pages.dev/,phishing
http://grup-wahtsapp1888.duckdns.org/,phishing
https://mail.mukeshb.cu.ma/,phishing
http://newspaperdirect.com/,legitimate
https://nrghomes915.com/,phishing
https://attlqlh-18nt.vercel.app/,phishing
https://adcash.com/,legitimate
https://app-gos-whatshktw.com/,phishing
http://rai.tv/,legitimate
https://fancy-bonbon-b3aa03.netlify.app/,phishing
http://afcu-x.web.app/,phishing
https://5510008a.com/,phishing
https://gov.snxiorzgm.qpon/,phishing
http://socialnewsdesk.com/,legitimate
https://decolar.com/,legitimate
https://itools.info/,legitimate
http://att-106610.weeblysite.com/,phishing
https://e2.tv.tr/,legitimate
https://giveawaymenerus.mrbonus.com/,phishing
http://livesportmedia.eu/,legitimate
https://krasnodar-arena-kassa.ru/,phishing
https://mwtb.hrcbods.es/,phishing
http://differencegames.com/,legitimate
https://edubridge.in.elixirgroup.com.au/,phishing
https://help-center642.crabdance.com/,phishing
http://elfagr.org/,legitimate
https://denverbroncos.com/,legitimate
https://omgpm.com/,legitimate
http://google.at/,legitimate
https://conventualinterval.x10host.com/,phishing
https://dessaly.com/,legitimate
https://74.208.219.126/,phishing
https://macysinc.com/,legitimate
https://dbs-form-id.pages.dev/,phishing
https://attdomanigroupservices.weebly.com/,phishing
https://freefireitem-gratisitem.duckdns.org/,phishing
https://360buy.com/,legitimate
http://rmmedia.net/,phishing
https://espressonline.it/,legitimate
http://motorlife.it/,legitimate
https://ponit-sug3.vercel.app/,phishing
https://google.ie/,legitimate
https://assetfiles.com/,legitimate
https://cac.programtts.top/,phishing
https://gtmetrix.com/,legitimate
https://jzcchvae.org/,legitimate
https://zeti.com/,legitimate
https://mail.bangjom.duckdns.org/,phishing
http://meanbaby.com/,phishing
http://help-zuckmediaformhelpsecurity.ml/,phishing
https://googletagservices.com/,legitimate
https://awltovhc.com/,legitimate
https://pub-0ec8eacba7db4292aa9118c7cb3c54cf.r2.dev/,phishing
https://espace-securite.weebly.com/,phishing
https://kimayana.com/,phishing
https://infosupportorangehelp.weebly.com/,phishing
https://quizlet.com/,legitimate
https://inadiewanda.vercel.app/,phishing
https://drtuber.com/,legitimate
https://davenportexpress.com/,phishing
https://clamav.net/,legitimate
http://rvw-fb-50607129.ezstreet.lt/,phishing
https://smarterlifestyles.com/,legitimate
https://no-reply-email.shop/,phishing
http://bantuan-danaa.infocc.biz.id/,phishing
https://akdatek-aiiadatiaadeleriniz.com/,phishing
http://rarbg.com/,legitimate
https://facebook.com/,legitimate
https://nonstoppartner.net/,legitimate
https://cryptoo-comm-lugie.webflow.io/,phishing
https://gogames.me/,legitimate
https://z5x.net/,legitimate
https://chicagobusiness.com/,legitimate
http://crypto-currency-landingpage-clone.vercel.app/,phishing
http://rrakuten.co.jp.rakuten0124.xyz/,phishing
https://wandoujia.com/,legitimate
http://pichinchaseguns7.byethost4.com/,phishing
https://www.net.cn/,legitimate
https://infi.inf.br/,phishing
http://adminnotive232.wixsite.com/,phishing
http://sodahead.com/,legitimate
https://axcogulnxj.ws/,legitimate
https://bigbigchops2024.digital/,phishing
https://instinctiveads.com/,legitimate
http://huffingtonpost.com/,legitimate
https://nintendowifi.net/,legitimate
https://incommon.org/,legitimate
https://forbeschina.com/,legitimate
https://khunsilatorp.com/,phishing
https://nmfsuibwt.cn/,legitimate
https://robertiurato.com/,phishing
https://postid-39751193.justgreece.org/,phishing
https://pub-43afe9e8810c4c5e8ffcef393309937c.r2.dev/,phishing
http://openxmarket.asia/,legitimate
http://att-107445.weeblysite.com/,phishing
http://17767-1885.s1.webspace.re/,phishing
https://mtb0-acc.duckdns.org/,phishing
https://mundhra28.github.io/,phishing
https://lloysecuremob.com/,phishing
https://adshostiso.com/,legitimate
https://poeacefulti.cyou/,phishing
http://access-auth-ledger-live-app.pages.dev/,phishing
https://advidi.com/,legitimate
https://gnzvkgxsvcmajigb-dot-millinium.ey.r.appspot.com/,phishing
https://hitsmartmarketing.com/,phishing
http://xinhuanet.com/,legitimate
http://aausps.trackpostspot.com/,phishing
https://attserverjo.weebly.com/,phishing
https://eloqua.com/,legitimate
https://eventbrite.com/,legitimate
http://mkt922.com/,legitimate
https://ad122m.com/,legitimate
https://pages-adsmanager.ubpages.com/,phishing
https://citi780.herokuapp.com/,phishing
https://bardiasafari.com/,phishing
https://dtravelconnection.com/,legitimate
http://thevoterguide.org/,legitimate
https://shopsocially.com/,legitimate
https://lapresse.ca/,legitimate
https://postdirect.com/,legitimate
https://takataka.vn/,legitimate
http://fusebox-elavon.org/,phishing
http://padsdelivery.com/,legitimate
https://roku.com/,legitimate
https://secureresverify.com/,phishing
https://creditrepairllc.com/,phishing
https://adtheorent.com/,legitimate
https://magicjack.com/,legitimate
https://cpmstar.com/,legitimate
https://matheus-carretta.github.io/,phishing
https://my.ts3cardi.top/,phishing
https://vbulletin.com/,legitimate
http://yovkuwwd.net/,legitimate
http://case-id-1000228267827.counselschambers.co.uk/,phishing
https://mubaralajmal.github.io/,phishing
https://profilefb-37659303.aicp.edu.pk/,phishing
https://pub-4d97631662434b85845e7be2b52b6e61.r2.dev/,phishing
https://facebook-verifyissue-meta15.tk/,phishing
http://enuygun.com/,legitimate
https://weeklystandard.com/,legitimate
https://ultimate-guitar.com/,legitimate
https://onenote.com/,legitimate
https://ink361.com/,legitimate
https://lightworkersoaps.com/,phishing
https://aged-term-f2ba.makringcalrs.workers.dev/,phishing
https://acupuncture-easily.com/,phishing
https://clktraker.com/,legitimate
https://inclk.com/,legitimate
http://anular-debito-bancolombia.iceiy.com/,phishing
http://m365ahp.xyz/,phishing
http://yahoomail.com/,legitimate
http://lakevyxj.mwestjuail.co.uk/,phishing
https://sap2700tmq.cc/,phishing
https://ruketansjp.com/,phishing
http://national500apps.com/,phishing
https://guzelleselim.com/,legitimate
http://nextjs15-instagram.vercel.app/,phishing
https://zihrsowdavb.cn/,legitimate
https://shopbop.com/,legitimate
https://despegar.com.ar/,legitimate
https://8c6e6087-1f75-498f-8f9b-4dee31d26ebb.id.repl.co/,phishing
https://servedby-buysellads.com/,legitimate
https://ibibo.com/,legitimate
https://nwfeybp.ws/,legitimate
https://samsungyosemite.com/,legitimate
https://alifefinancial.com/,phishing
https://microsoftonline-p.com/,legitimate
https://scene7.com/,legitimate
https://amerisavenovo.com/,phishing
https://attbellsouth.webflow.io/,phishing
https://pornmarathon.com/,legitimate
http://lojaform.com.br/,phishing
https://9k.com.vn/,legitimate
https://krolkenligin.godaddysites.com/,phishing
https://adschoom.com/,legitimate
https://iba.com.br/,legitimate
https://accban-16340366.kahulasup.ch/,phishing
https://tempoagora.com.br/,legitimate
https://sourceforge.jp/,legitimate
https://mail.dream.mytic-station.com/,phishing
http://rameshnajan.github.io/,phishing
https://imtokencn.co/,phishing
https://b87d8838-a7e5-4266-a47a-b0f16ed9a72c.id.repl.co/,phishing
https://sendgrid.com/,legitimate
https://accesd-web-info.com/,phishing
http://indiebound.org/,legitimate
https://freelanceakunkerja.id/,phishing
https://jdjfdsnd.cn/,legitimate
http://jovial-albattani-dead8d.netlify.app/,phishing
https://230909.pages.dev/,phishing
https://go.couponcraze.com/,phishing
https://appnext.com/,legitimate
https://gslbjpmchase.com/,legitimate
https://pub-250afd200c994560b51514ad0ea5ea7b.r2.dev/,phishing
http://bombi-yarn.ru/,phishing
https://gift-link305.gq/,phishing
https://pishtazco.ir/,phishing
http://att-112345.weeblysite.com/,phishing
https://coiin-base-prroloogginn.godaddysites.com/,phishing
https://ad-material-violation-ba97b.firebaseapp.com/,phishing
http://pub-9c4181be917b4f29b6cc99c1ac769498.r2.dev/,phishing
https://acesse.com/,legitimate
https://7eer.net/,legitimate
https://bacvekc0h0t9qtwrpkdgnaznusoqt4.wusps.xyz/,phishing
http://viewablemedia.net/,legitimate
http://5fgfgfrgg4g4gh.blogspot.com/,phishing
https://angryez.com/,phishing
https://nairaland.com/,legitimate
http://195.123.245.190/,phishing
https://hpeprint.com/,legitimate
https://dbscodeid.univer.se/,phishing
https://clkads.com/,legitimate
https://generalmobi.com/,legitimate
https://proahmad069.000webhostapp.com/,phishing
https://espn3.com/,legitimate
https://26a52502-c868-4d8e-ac2f-b0ea64abaf2a-00-27xss7mit6q1a.sisko.replit.dev/,phishing
https://merchantadvantage.com/,legitimate
https://mysearchdial.com/,legitimate
https://jobstree.in/,phishing
http://utsandiego.com/,legitimate
https://instagram.support.al/,phishing
https://retentionscience.com/,legitimate
http://jsdelivr.net/,legitimate
https://megowwnwgxivumvt-dot-millinium.ey.r.appspot.com/,phishing
https://hongkiat.com/,legitimate
http://operamini.com/,legitimate
https://attspacewebmailing34567890987654efghjkjfc567874rggy667.weebly.com/,phishing
http://fxdepo.com/,legitimate
https://instagramphotos-tagcontest.netlify.app/,phishing
https://radiomanque.org/,phishing
http://hubtraffic.com/,legitimate
https://embedly.com/,legitimate
https://post-home-sendungsstatus.issmarterthanyou.com/,phishing
https://flhsmv.sdafkq.vip/,phishing
http://popcap.com/,legitimate
http://metamaskrectify.com/,phishing
https://att-107230.weeblysite.com/,phishing
https://approachjob.net/,phishing
http://52.86.11.154/,phishing
https://app--sso--coinbasepro--cdn-auths.webflow.io/,phishing
https://dimml.io/,legitimate
http://virtualaccess3.tikmaillnow.com/,phishing
https://ebay.com.au/,legitimate
https://autmrhn.cn/,phishing
http://baynote.net/,legitimate
http://lucidmedia.com/,legitimate
https://nesmors-ap.tk/,phishing
https://scientificamerican.com/,legitimate
https://tweetriver.com/,legitimate
http://revolution-admin-1000200301234567891023456789101183.tk/,phishing
http://cnzz.net/,legitimate
https://big-strengthened-alibi.glitch.me/,phishing
http://gionee.com/,legitimate
https://rvty.net/,legitimate
https://miaklc.hopto.org/,phishing
https://applnch-028334263.sangekasra.ir/,phishing
https://weebly.com/,legitimate
http://evanstonmotorcycleclassic.com/,phishing
https://observantdick.org/,phishing
http://instantservice.com/,legitimate
http://authupdate-internal.herokuapp.com/,phishing
https://eset.com/,legitimate
https://fbgpe8.kounveere.com/,phishing
https://whirlpoolcorp.com/,legitimate
https://meta-grain.pages.dev/,phishing
https://amazonservicepartner.com/,phishing
https://ati-host.net/,legitimate
http://epicyclic-fights.000webhostapp.com/,phishing
http://bafybeibjh3emci2f5hp2bxtl34eanilgb32lnr7chqpyadp2fsfdh73hji.ipfs.dweb.link/,phishing
https://atualizacao.atualizacaoaplicativo.store/,phishing
https://406bcfcfb50bcd3d12ce3cdc6acdafca-dot-gle9392420309493993.rj.r.appspot.com/,phishing
https://data-center-appeal-guideline.pages.dev/,phishing
https://moneynews.com/,legitimate
http://alumni.assalaam.or.id/,phishing
https://ya.ru/,legitimate
http://publichd.eu/,legitimate
https://mtsecureverify.com/,phishing
https://gofundme.com/,legitimate
https://dafont.com/,legitimate
https://loginradius.com/,legitimate
http://urbantabloid.com/,legitimate
https://map-iptrust.com/,phishing
https://asdfgyhjhik-rdftgyhujik-tfgyhujiko.s3.amazonaws.com/,phishing
https://apple-itls-support-online.com.apple-noreply.com/,phishing
http://aolmail676.weebly.com/,phishing
https://fanfaronquays.com/,phishing
http://offthebus.org/,legitimate
https://af0yosncqp4f6vvurkfsq6af9q2hq1fva3.ccefactoring.com.br/,phishing
https://audioaddict.com/,legitimate
https://creativeapis.com/,legitimate
http://ihamoj.cn/,phishing
http://ifcdn.com/,legitimate
https://everydayfamily.com/,legitimate
https://rogerslivesusersmemberss.github.io/,phishing
http://qquazsldkxvmavlh-dot-millinium.ey.r.appspot.com/,phishing
https://boo-box.com/,legitimate
https://iprimus.com.au/,legitimate
https://rs-309.us-south.cf.appdomain.cloud/,phishing
https://sogou.com/,legitimate
https://clubpenguin.com/,legitimate
http://northellc.pages.dev/,phishing
http://eventcodashoepep.duckdns.org/,phishing
https://modamob.com/,legitimate
http://pfgvgnvk.ws/,legitimate
https://ajir.ath.cx/,phishing
https://odd-sky-9dcf.marco8305.workers.dev/,phishing
https://fdamags.dentavenue.com.tr/,phishing
https://friendshelpingkids.org.usrfiles.com/,phishing
http://apri.94-141-120-29.cprapid.com/,phishing
https://inputdatacloud.com/,legitimate
http://showtv.com.tr/,legitimate
https://megamailservers.com/,legitimate
https://dfdd4c0913aa193a3dd3d20b7645e2a46a3e4.com/,legitimate
https://ufggdwezyd.cc/,legitimate
https://entrust.net/,legitimate
https://maxthon.cn/,legitimate
https://collegehumor.com/,legitimate
http://leadid.com/,legitimate
http://aghoskjbyjevynta-dot-millinium.ey.r.appspot.com/,phishing
https://invisionpower.com/,legitimate
https://snmmd.nl/,legitimate
http://ggr-3.pages.dev/,phishing
https://googlevideo.com/,legitimate
https://6fb90f98.ilekdfjcxm.shop/,phishing
http://ethiocultural.com/,phishing
https://wxbug.com/,legitimate
http://551001k.cc/,phishing
https://google.tt/,legitimate
https://zanox.ws/,legitimate
https://solvemedia.com/,legitimate
https://8016fadca952c5086beb6c9a2371a9b3-dot-gle9392420309493993.rj.r.appspot.com/,phishing
https://useclearthink.com/,legitimate
https://cifraclub.com.br/,legitimate
https://estrelando.com.br/,legitimate
http://bgvhfnyhsgvwatt.weebly.com/,phishing
http://pub-c5b1c0de5d074219ad6d2af09756bd99.r2.dev/,phishing
http://570516.selcdn.ru/,phishing
https://amazon.com.br/,legitimate
http://stbm.it/,legitimate
https://microsfts-customers.dns.navy/,phishing
https://jeep.com/,legitimate
http://auth-naltwest-login.com/,phishing
https://last.fm/,legitimate
http://eircom.net/,legitimate
https://ouijk.vastunasto.workers.dev/,phishing
https://blogspot.com/,legitimate
https://officecollectivephoneapp.weebly.com/,phishing
https://btinternet-101233.square.site/,phishing
https://kelleybluebookimages.com/,legitimate
https://mamaslatinas.com/,legitimate
https://capital.it/,legitimate
http://infonewsrtbqikk.baruxxi3.biz.id/,phishing
https://inskinad.com/,legitimate
https://teamfanshop.com/,legitimate
https://cytognos.jpmorgan-bh.com/,phishing
https://rantmovies.com/,legitimate
https://terrariaonline.com/,legitimate
https://apikik.com/,legitimate
http://media-performance-center.pages.dev/,phishing
https://indexww.com/,legitimate
https://tapjoyads.com/,legitimate
https://melmancirurgiaplastica.com.br/,phishing
https://pub-ae8ab1a9b33f4e6b807863077b9367f4.r2.dev/,phishing
https://lvpicgiyfhnnnlkdnstpcirzmwfhohgcpudq-dot-solar-vertex-285913.rj.r.appspot.com/,phishing
http://mftjv.blogspot.bg/,phishing
https://grup-okep.terbaru-2022-new.cf/,phishing
https://bafybeicblleqvecnw6fynmjearvj66nw7okpjemp74nmhwjt3lns2y6kpm.ipfs.cf-ipfs.com/,phishing
https://emgn.com/,legitimate
https://iniciocludad.com/,phishing
http://proxysandy.com/,legitimate
http://item.fb-4725product.xyz/,phishing
http://att-1usersss.square.site/,phishing
https://398-mail-att.weeblysite.com/,phishing
https://rduxubmhcbjzwwxf-dot-millinium.ey.r.appspot.com/,phishing
https://advancedigital.com/,legitimate
https://whois.co.kr/,legitimate
https://clickfast.co/,legitimate
https://k-12techdecisions.com/,legitimate
https://ad4mat.net/,legitimate
https://2o7.net/,legitimate
https://anazom.zjjbkshm.buzz/,phishing
https://jpamazonround.ddnsking.com/,phishing
https://freep.com/,legitimate
https://mime-data.infocogitate.com/,phishing
https://channelintelligence.com/,legitimate
https://blacktire.de/,phishing
https://rvnkxm.org/,legitimate
http://mmafighting.com/,legitimate
https://pernmcx.com/,phishing
https://undian-kupon4.gratis2025.my.id/,phishing
https://abc.es/,legitimate
https://bt-0-ci50.my.asekio.com/,phishing
https://6fgfgfgrfg4g.blogspot.al/,phishing
http://paypal-team.com/,phishing
https://probux.com/,legitimate
http://msrch.com/,legitimate
https://flytxivirtual.org.usrfiles.com/,phishing
https://grubwhatsaap.bokepindoviral.vipjoin.xyz/,phishing
http://dyndns.org/,legitimate
https://bet365h12.com/,phishing
https://pages-notifications.us/,phishing
http://cnn.co.jp/,legitimate
http://interclick.com/,legitimate
https://adultwebmasternet.com/,legitimate
https://ticketm.net/,legitimate
https://qnb50binkampanyasikatil.vercel.app/,phishing
https://my--net--itrustcapital-cdn--h--auth.webflow.io/,phishing
https://app-uniswap.org-exchange-swap-liquidity.site/,phishing
http://personas-banistmo.com/,phishing
https://space.com/,legitimate
https://game-advertising-online.com/,legitimate
https://forbesindia.com/,legitimate
http://geminexlugen.mystrikingly.com/,phishing
https://att.myhomenetwork.att.com.tonf.p.ttf.p3c.xyz/,phishing
https://ligatus.com/,legitimate
https://pubgmobile17x.com/,phishing
http://groupsimontok.join-wa.net/,phishing
https://istockimg.com/,legitimate
http://santander.bigrocktraining.co.uk/,phishing
https://vine.com/,legitimate
https://broadband-6k6.pages.dev/,phishing
http://pro-cinbess-auths.daftpage.com/,phishing
https://rakuten.co.jp.rakuuttenvip.xyz/,phishing
http://fggfgfgfgffdfdfd.000webhostapp.com/,phishing
http://fbcnh.blogspot.am/,phishing
https://room-syafiqahaina.dhcp.biz/,phishing
http://ringtonematcher.com/,legitimate
https://0r26fj1wp2hvqapn3w.phish.cdo.wtf/,phishing
https://wolframalpha.com/,legitimate
http://stocktwits.com/,legitimate
https://kardklee.ga/,phishing
https://weather.ca/,legitimate
https://claim-uang10jutta-anda.cs-service.biz.id/,phishing
https://southwestthemagazine.com/,legitimate
https://0818.207087262.xyz/,phishing
http://fncstatic.com/,legitimate
https://garena-freefiremax71.duckdns.org/,phishing
https://ftp.myaccess-partner-portal-apple.com/,phishing
https://nodappfixs.com/,phishing
https://rw.gs/,legitimate
https://foxsports.com/,legitimate
http://samplicio.us/,legitimate
https://business-for-advertisers-service-reporting.pages.dev/,phishing
http://jonathanwqsbracker.info/,phishing
http://hmvsndleo.info/,legitimate
http://3ab6d9dc.bwxt5e.shop/,phishing
https://smarterremarketer.net/,legitimate
https://ndtvimg.com/,legitimate
https://orange-wildflower-a28b.deafjei4.workers.dev/,phishing
https://allegro.pl-nowy-regulamin1894.uiodcb.com/,phishing
https://pbsrc.com/,legitimate
https://auth-cdn--b-bitbuy-sso.webflow.io/,phishing
https://previewm.com/,phishing
http://blzojuvragg.biz/,legitimate
https://flyairprestige.com/,phishing
https://prnx.net/,legitimate
https://nnnouq.xyz/,phishing
https://economicspa.org.usrfiles.com/,phishing
https://refundsgov-help.com/,phishing
https://wmflabs.org/,legitimate
http://canliskor.com.tr/,legitimate
https://millennialmedia.com/,legitimate
https://joingroupswhatsapp18.csrlynew.xyz/,phishing
http://safunvietnam.com/,phishing
https://veesible.it/,legitimate
https://grub-wa.vipx8.shop/,phishing
https://potatobedswerver.com/,phishing
https://aorswti47813869108-aorswti47-37129126-813869108aorswti47.bhuttafightgear.com/,phishing
http://feedjit.com/,legitimate
https://bigfineads.com/,legitimate
https://weibo.cn/,legitimate
http://1235r234ty3ergwergerqg3443g43g43g43-01101.vercel.app/,phishing
http://crackle.com/,legitimate
http://revolutiongolf.com/,legitimate
https://appare-izumiotsu.com/,phishing
http://revcontent.com/,legitimate
http://3hucqb4lejmejqpvcprpoifguizdgq.qwo231sdx.club/,phishing
https://apptornado.com/,legitimate
http://hespress.com/,legitimate
http://appfaturamentomagalu.com/,phishing
http://hiperfloconsultahoje.com/,phishing
https://csnstores.com/,legitimate
https://fb-logino9wzw.vip-give77.xyz/,phishing
https://2kyactt.com/,phishing
https://att-100016.weeblysite.com/,phishing
https://rcs.it/,legitimate
http://kgridhub.com/,legitimate
https://two4x7-apples-helps-lines.onrender.com/,phishing
https://hopepictures-cd.com/,phishing
https://lilluna.com/,legitimate
https://jvuxc-iyaaa-aaaad-qd4wa-cai.raw.ic0.app/,phishing
http://flower-tau-sand.vercel.app/,phishing
https://extensionanalytics.com/,legitimate
https://coiinbaseepriologin.gitbook.io/,phishing
http://pch.com/,legitimate
https://ozonemedia.com/,legitimate
https://bradesco-com-dot-gl494903049.wl.r.appspot.com/,phishing
https://aceonesoftwares.com/,phishing
https://nhaccuatui.com/,legitimate
https://trw12.com/,legitimate
https://nict.jp/,legitimate
https://antivenom-center.com/,phishing
http://ewc.lht.mybluehost.me/,phishing
http://leboncoin.fr/,legitimate
https://fkyehkcmxx.com/,legitimate
https://pdrm9-malaysia1.viral-telegram.com/,phishing
https://ebay.pl/,legitimate
https://arfuxfliw.net/,legitimate
https://vitamio.org/,legitimate
http://att-infos.webflow.io/,phishing
https://3650720.com/,phishing
http://mimecast.com/,legitimate
https://shoplocal.com/,legitimate
https://blogspot.com.br/,legitimate
http://today.com/,legitimate
https://api-guide.orange-maroc.net/,phishing
https://7ccd64dc-4309-43d7-83e4-097e20cd6f51.id.repl.co/,phishing
https://resellerratings.com/,legitimate
https://craveonline.com/,legitimate
http://dvdvideosoft.com/,legitimate
https://carbonhousehost2.com/,legitimate
https://amozq.com/,phishing
http://myuuuvvvb5.cfd/,phishing
https://nyc.gov/,legitimate
https://multicoin-system.web.app/,phishing
https://oppuz.com/,legitimate
https://qcytvlxqxafzdkazqxpyoilqxi-dot-gle39404049.rj.r.appspot.com/,phishing
https://osmsvcxwgh.cc/,legitimate
https://india-pos.sbs/,phishing
https://foreignpolicy.com/,legitimate
http://depositfiles.com/,legitimate
http://imtokenket.cn/,phishing
https://findnsave.com/,legitimate
http://phunware.com/,legitimate
https://detailssubmition-fb.firebaseapp.com/,phishing
http://beatsmusic.com/,legitimate
https://xhcdn.com/,legitimate
http://commercialintegrator.com/,legitimate
https://jcrew.com/,legitimate
https://advertising-support.com/,legitimate
https://express.co.uk/,legitimate
https://dworusea.org/,legitimate
https://jezebel.com/,legitimate
http://layanan-dana-indonesia.orgtops.biz.id/,phishing
https://spongecdn.com/,legitimate
https://siriusxm.com/,legitimate
http://help-center699.crabdance.com/,phishing
https://bkatjs.info/,legitimate
https://fernanda-avila.github.io/,phishing
http://pst-sslpostalenamesdir.iinbhndbs.com/,phishing
https://holder.com.ua/,legitimate
http://laiwang.com/,legitimate
https://duizhang666.top/,phishing
https://royalmailsvcs.co.uk/,phishing
https://videoentertainmnt.com/,legitimate
https://radio-canada.ca/,legitimate
https://sethads.info/,legitimate
https://allegro-appassionato.org/,phishing
https://helpissue.d1q2g687072v5b.amplifyapp.com/,phishing
https://qqgame1.atwebpages.com/,phishing
https://7a00e52e-e42b-4fc4-ae34-666eda7b6a23.htmlpasta.com/,phishing
https://purple-sky-one.on.fleek.co/,phishing
https://pleasantvalleycorporation.com-zyruvillhm6dsdcsog9r.zyruvillhm6dsdcsog9r.manxttrider.com/,phishing
http://adsbackup.net/,legitimate
https://wunderground.com/,legitimate
http://bitreactor.to/,legitimate
https://festive-clarke-4873a3.netlify.app/,phishing
http://indianoverseasco.com/,phishing
https://emilyssecret.rs/,phishing
http://itsupport247.net/,legitimate
https://assist-page-2023.000webhostapp.com/,phishing
https://liveleak.com/,legitimate
https://pub-bea5e777bdbb4919a1116976085e1dc0.r2.dev/,phishing
https://joingrup18.sg77.my.id/,phishing
http://eyeblaster.com/,legitimate
http://bafybeieubbdk6tipjqxnm5i6qkoynxds3ers6m3oohr525ku4i4s5ccmz4.ipfs.dweb.link/,phishing
http://fernandoalonso-f1.net/,phishing
https://adelixir.com/,legitimate
http://github.com/,legitimate
http://duapp.com/,legitimate
http://glancecdn.net/,legitimate
https://thestar.com/,legitimate
https://a433.com/,legitimate
https://clickclaimnft.vercel.app/,phishing
https://hometowndentalinc.com/,phishing
http://epi.com.vn/,legitimate
https://sftcdn.net/,legitimate
https://11sdf3q4g.pages.dev/,phishing
https://hardcheat.tk/,phishing
https://rgaiqjo4gr.pages.dev/,phishing
http://bureauofleague.tk/,phishing
https://qadservice.com/,legitimate
http://icscards.nl.online-identificatie.webtechtz.com/,phishing
https://colegiofundadoresdequilpue.cl/,phishing
https://363c5506.einnovator.org/,phishing
https://deadspin.com/,legitimate
https://vinacaptcha.com/,legitimate
https://ebayadvertising.com/,legitimate
https://ns-img.com/,legitimate
https://si.com/,legitimate
https://qusarv.consisavrt.com.br/,phishing
https://account.ubpages.com/,phishing
https://duckbrewing.com/,phishing
http://mail.smamuh-trk.sch.id/,phishing
http://customer-service-proxy.hamuddi96.workers.dev/,phishing
http://match.com/,legitimate
https://6551641545744.hyperphp.com/,phishing
https://join-grupwhtsapp-bokepj.wikaba.com/,phishing
https://home-107257.weeblysite.com/,phishing
https://icicibank.com/,legitimate
http://linkonlineworld.com/,legitimate
https://complexmediainc.com/,legitimate
https://com-tracking-helpsok.cc/,phishing
https://joingrupbokep.wisezk.com/,phishing
https://pa-pariaman.go.id/,phishing
http://dbsgcamp.online/,phishing
http://macworld.com/,legitimate
http://respective-lenders.000webhostapp.com/,phishing
https://pointy-delicious-floss.glitch.me/,phishing
http://syhttygog.com/,legitimate
https://liquida.it/,legitimate
http://bac.com/,legitimate
https://patrilineage-macro.000webhostapp.com/,phishing
http://getvideostream.com/,legitimate
https://726.com/,legitimate
http://wipmania.com/,legitimate
https://bgibagiakunfreefire.000webhostapp.com/,phishing
https://anunturi-masini-mplace-56843623516432623.atwebpages.com/,phishing
http://asistanceteamformeta.com/,phishing
https://zoho.com/,legitimate
https://business-appealeation-desc-398ie.surge.sh/,phishing
https://ycharts.com/,legitimate
https://cnbcmediasales.com/,legitimate
https://streamlined-byte.vercel.app/,phishing
https://mintigoals.milintaleynu.top/,phishing
https://imf.org/,legitimate
https://revmob.com/,legitimate
https://bustle.com/,legitimate
https://ibvqkftonp.duckdns.org/,phishing
http://crpnms.com/,legitimate
http://microsoft-login.praetoria.fr/,phishing
http://grup.whatsappp.ml/,phishing
http://khanacademy.org/,legitimate
https://slashdot.org/,legitimate
http://polkarag.gr/,phishing
https://glassdoor.com/,legitimate
https://breakstats.com/,phishing
http://active.policy-securityprocedures.com/,phishing
https://uaid.tap43988nv.cc/,phishing
https://gruponly18plus.dns05.com/,phishing
https://llobetlobianco.adv.br/,phishing
https://armorgames.com/,legitimate
https://semrush.com/,legitimate
https://grubmabarnotnotdisini.xtirz-freefirex.cf/,phishing
https://resolverfrontend.pages.dev/,phishing
https://mail-100365.square.site/,phishing
https://kavanga.ru/,legitimate
https://ter4poip-2025.opisial.com/,phishing
https://gotomeeting.com/,legitimate
http://vesti.ru/,legitimate
https://cpaptimes.com/,legitimate
https://lloydsbank.auth-login-device-verify.com/,phishing
https://da.tristana.org/,phishing
http://dpmsrv.com/,legitimate
http://privatepagehelp.com/,phishing
https://wild-paper-1428.izharuddinmiftah.workers.dev/,phishing
http://goodreads.com/,legitimate
https://mediamatters.org/,legitimate
http://f-secure.com/,legitimate
https://apple.com.nf/,phishing
https://free-porn-vidz.com/,legitimate
https://forobeta.com/,legitimate
https://drharisinghjachak.com/,phishing
https://patriots.com/,legitimate
https://alzibatrading.com/,phishing
https://vmn.net/,legitimate
https://att-107447.square.site/,phishing
https://nixcdn.com/,legitimate
https://huffpost.com/,legitimate
http://healthoks.cf/,legitimate
http://berkeley.edu/,legitimate
https://thedenverchannel.com/,legitimate
https://go2cloud.org/,legitimate
http://help-center169030579858086.firebaseapp.com/,phishing
https://stellaservice.com/,legitimate
https://logly.co.jp/,legitimate
https://arsmtpxxxxx8.web.app/,phishing
http://pages.log-alert-main.v0m3ljmqvg-jqp3vvon7350.p.runcloud.link/,phishing
http://cetiradentes.com.br/,phishing
https://att-102180-102741.weeblysite.com/,phishing
https://investors.com/,legitimate
http://clocklink.com/,legitimate
https://newsxter.com/,phishing
https://tynt.com/,legitimate
https://scambioetico.org/,legitimate
http://cloudflare.com/,legitimate
http://gossipcop.com/,legitimate
https://joechops.co.uk/,phishing
https://datawire.net/,legitimate
http://welt.de/,legitimate
https://chat-api-whastap-18.duckdns.org/,phishing
https://microsoftvoice0ffice3650-messagevoicemessage-listenvoice908voic.s3.eu-de.cloud-object-storage.appdomain.cloud/,phishing
https://bntah.sa.com/,phishing
http://perubhan-tarif.site-service.my.id/,phishing
https://bafybeie522eriwpfntodomdgra33tmrjortc6jw6asboonid64e5hwvque.ipfs.dweb.link/,phishing
http://ckflooring.com/,phishing
https://alertunusualtraffic.3utilities.com/,phishing
http://dailynews.com/,legitimate
http://sgshbsnxw.biz/,legitimate
https://miibeian.gov.cn/,legitimate
http://yallakora.com/,legitimate
https://automattic.com/,legitimate
http://paypal-safety01.xyz/,phishing
https://chrysler.com/,legitimate
https://groupviral7vnuvyx.36terrbaru1.my.id/,phishing
https://zenfs.com/,legitimate
http://smartstream.tv/,legitimate
https://afamily.vn/,legitimate
https://acikdenizv2mobilbasvuru.ga/,phishing
https://readability.com/,legitimate
https://windows.com/,legitimate
https://beeano.com/,phishing
https://findarticles.com/,legitimate
http://mtbank1.duckdns.org/,phishing
https://att-100162.square.site/,phishing
http://alexa.com/,legitimate
http://hp.com/,legitimate
https://media.net/,legitimate
https://cityads.ru/,legitimate
https://bsiteonline01.w3spaces.com/,phishing
https://payment-info.digital/,phishing
https://app-bx2atu1ym6-lxd6r0o9y28fb.duckdns.org/,phishing
https://washingtontimes.com/,legitimate
https://onlinemobil-bireyselcepvakif.ml/,phishing
https://meta-enclave.pages.dev/,phishing
http://sponsorpay.com/,legitimate
https://adyoulike.com/,legitimate
https://schoolwires.com/,legitimate
https://xat.com/,legitimate
http://careerlife.in/,phishing
https://subscene.com/,legitimate
http://ebayinc.com/,legitimate
http://turkuvazmobil.com/,legitimate
https://pmc.com/,legitimate
http://pagsbsnssrcvry25099797805id0accntrstrctd.co.vu/,phishing
http://valuecpm.net/,legitimate
https://binaryoptionstm.com/,legitimate
http://niwali.com/,legitimate
https://chotot.vn/,legitimate
https://fromthetop.org/,legitimate
http://ashwinmali2004.github.io/,phishing
https://jampp.com/,legitimate
http://sameerniz00.github.io/,phishing
https://checkpointaccount-60918273.glitch.me/,phishing
http://techriseg.vercel.app/,phishing
https://amznfunds.org/,phishing
http://af-cu-in.firebaseapp.com/,phishing
http://xiti.com/,legitimate
http://commerce.gov/,legitimate
https://68.66.232.165/,phishing
https://microsoftlogoffice.weebly.com/,phishing
https://list.ru/,legitimate
https://uol.com/,legitimate
https://arnavnigam31.github.io/,phishing
http://30b2bcef-7b55-4a39-9c6c-b9a1a73290a6.usrfiles.com/,phishing
https://entry-biglobes-auth1-mail-cgibin-6433752c21f7e.ehuaya.net/,phishing
https://ed4.net/,legitimate
http://usa.net/,legitimate
https://astromenda.com/,legitimate
https://lowescreativeideas.com/,legitimate
https://dhexpressedelivery.com/,phishing
https://advanseads.com/,legitimate
https://3a6b5ck.cc/,phishing
http://grigorev.uz/,phishing
http://telecomitalia.it/,legitimate
http://att-mail-108351-104753.weeblysite.com/,phishing
http://tns-cs.net/,legitimate
https://ilivid.com/,legitimate
https://4wmarketplace.com/,legitimate
https://ibtimes.co.in/,legitimate
https://meta-group-doa.pages.dev/,phishing
http://ddb1404e.70igro.shop/,phishing
http://beta-argo.jimpike.com.au/,phishing
https://hk.online.citibank.c2271409.ferozo.com/,phishing
http://realclearpolitics.com/,legitimate
http://jango.com/,legitimate
https://fearthesword.com/,legitimate
http://acustica.ec/,phishing
https://onderwegkerkblauwkapel.nl/,phishing
https://comicbook.com/,legitimate
https://draftsmalls.blogspot.si/,phishing
https://abc7news.com/,legitimate
https://auonzue.cosnkeusldboz.cc/,phishing
https://amazjapac.top/,phishing
https://bt-109124.weeblysite.com/,phishing
https://bugsnag.com/,legitimate
http://usbank.com/,legitimate
https://naped-na-tyl.pl/,phishing
https://mirmay.com/,legitimate
https://app-ttrezor-io-start.webflow.io/,phishing
https://amazon.co.jp.jiebanu.cn/,phishing
https://expedia.com.ph/,legitimate
https://acuityplatform.com/,legitimate
https://ixiaa.com/,legitimate
https://dexdebugresolve.pages.dev/,phishing
https://smartbrief.com/,legitimate
https://nimble-uncovered-brand.glitch.me/,phishing
https://askartsiadesique.net/,phishing
https://shopping-outlet.net/,legitimate
https://invitemedia.com/,legitimate
http://multiview.com/,legitimate
https://coinbaseext-explore.typedream.app/,phishing
http://mail.apparel360.com.bd/,phishing
https://anonymox.net/,legitimate
https://fortiguard.net/,legitimate
http://ibooksonlineserv.hostkda.com/,phishing
https://central-manage-git-main2194807365.vercel.app/,phishing
http://authchasecuren.immsn.in.net/,phishing
https://adtricity.com/,legitimate
https://giveawayskinmobilelegend14.000webhostapp.com/,phishing
https://mp3skull.com/,legitimate
https://jobex.cu.ma/,phishing
https://kgxdexbeolnm.5b2mlk8.cn/,phishing
https://m8o8.tap4305alf.cc/,phishing
http://appespacemanager.brotine.com/,phishing
https://teacherspayteachers.com/,legitimate
https://bfh-com.hostingerapp.com/,phishing
http://webmail-secure.page4.me/,phishing
https://att-103172.square.site/,phishing
http://dev-v3rg3a.pantheonsite.io/,phishing
https://rosecc.cf/,phishing
https://anumrymthon.5q5e5o.cn/,phishing
https://megatrack.co/,legitimate
https://dc7d346f.designqueen.cn/,phishing
http://alive-attitude.000webhostapp.com/,phishing
https://texas-hz.cc/,phishing
http://audienceinsights.net/,legitimate
https://pub-fit.com/,legitimate
http://welcome-ledger-docs.teachable.com/,phishing
https://tabtimes.com/,legitimate
https://kixer.com/,legitimate
https://arkansasanimefestival.com/,phishing
https://citi-onlinetinm.duckdns.org/,phishing
http://canliwhatsapp.info/,phishing
http://webmail.webaccess-email.org/,phishing
https://nvdinvd.pro/,phishing
https://forever21.com/,legitimate
https://mapbar.com/,legitimate
http://2scn0w.noahorphans.org.za/,phishing
http://crunchyroll.com/,legitimate
http://krrhvyjsbiq.biz/,legitimate
https://trafficmanager.net/,legitimate
https://0fice-dana.id-care.biz.id/,phishing
https://metabasklugivx_log.godaddysites.com/,phishing
https://frontpagemag.com/,legitimate
https://arinonline.com/,phishing
http://myetherwallet.com-transaction-list-access.pro/,phishing
http://clickdesk.com/,legitimate
https://lloydbank-managedevice.com/,phishing
https://108.167.181.108/,phishing
https://krakennlognec.gitbook.io/,phishing
https://asuter-gd.tk/,phishing
http://perftectermoney.xyz/,phishing
https://macysjobs.com/,legitimate
https://creative-serving.com/,legitimate
http://eunchande.temp.swtest.ru/,phishing
https://airpush.com/,legitimate
http://tomshardware.com/,legitimate
https://currentlyatt10.weebly.com/,phishing
http://portal---ndax--io-cdn--webflow.webflow.io/,phishing
https://scribdassets.com/,legitimate
https://highspeedbackbone.net/,legitimate
https://msn.com.br/,legitimate
https://me.com/,legitimate
http://lostlettermen.com/,legitimate
https://corptoduct4.shockbyte.games/,phishing
https://kumarans1.github.io/,phishing
https://aluminum-flower-friday.glitch.me/,phishing
https://aaavvehuqq.bond/,phishing
http://lowes.com.mx/,legitimate
http://accept-friend.com/,phishing
http://3333009-00.000webhostapp.com/,phishing
https://stampedeblue.com/,legitimate
https://cn.manmvp135.com/,phishing
https://tlvmedia.com/,legitimate
https://qwikbookprint.com/,legitimate
https://4sqi.net/,legitimate
http://townnews.com/,legitimate
https://tvline.com/,legitimate
https://userdmp.com/,legitimate
https://accban-96895233.kahulasup.ch/,phishing
http://fbcrn.blogspot.md/,phishing
https://data-url.com/,legitimate
http://kvkujsjxvbcziirg-dot-millinium.ey.r.appspot.com/,phishing
https://104.168.99.45/,phishing
http://newsmax.com/,legitimate
https://rescuetime.com/,legitimate
http://pjtra.com/,legitimate
http://infosbelges.eu/,legitimate
http://autodesk.com/,legitimate
https://3esfand1402.iranten50.workers.dev/,phishing
https://anazom.getcduipn.tokyo/,phishing
https://part-ameli-remboursement.com/,phishing
http://broadagesports.com/,legitimate
https://llvk.ru/,phishing
https://mercurynews.com/,legitimate
https://ksharsutratherapy.com/,phishing
https://haiwainet.cn/,legitimate
http://govtrack.us/,legitimate
https://bradescouniversitarios.com.br/,legitimate
https://escapehere.com/,legitimate
https://siteimprove.com/,legitimate
http://amfcu-vald.firebaseapp.com/,phishing
https://posh36.com/,phishing
http://spilcdn.com/,legitimate
http://becuonline-sec.duckdns.org/,phishing
https://gizmodo.co.uk/,legitimate
http://oldpeoplewithhats.com/,phishing
https://zuncwgq.ws/,legitimate
https://member.garane.vn/,phishing
https://lbiegwalimdmlvfd-dot-millinium.ey.r.appspot.com/,phishing
https://322535454foplsormsrc90opsmcjwkcajwh37iwbrageiwavhvfg.weebly.com/,phishing
https://realvoicemessage.weeblysite.com/,phishing
https://softsonic.net/,legitimate
https://myhalifaxdevice.com/,phishing
https://rbx-4rox.netlify.app/,phishing
https://berbagibokepterbaru-2022.duckdns.org/,phishing
https://108.175.156.35/,phishing
http://defensevpnpro.me/,phishing
http://choicestream.com/,legitimate
http://rtk.io/,legitimate
http://cpanel.classifiedmatch.top/,phishing
https://bluenationreview.com/,legitimate
https://trackerfix.com/,legitimate
https://cannedbanners.com/,legitimate
https://playbuzz.com/,legitimate
https://nakamitech.de/,legitimate
http://jgjtransport.net/,phishing
https://fluentmobile.com/,legitimate
http://pubg2021.cn/,phishing
https://assistenzaclienteonline.com/,phishing
https://stylebistro.com/,legitimate
http://wordpress-ah6wc.wasmer.app/,phishing
https://fastcodesign.com/,legitimate
https://colts.com/,legitimate
https://wdtinc.com/,legitimate
https://cloudtemprationdapp.pages.dev/,phishing
http://blinkx.com/,legitimate
https://groupon.it/,legitimate
https://medio.com/,legitimate
https://autohome.com.cn/,legitimate
https://nbcsports.com/,legitimate
http://bitgravity.com/,legitimate
https://kuwo.cn/,legitimate
https://aiuopany.muox0c.club/,phishing
http://zippyshare.com/,legitimate
https://paypalme.redirectme.net/,phishing
http://fretboardworkshop.com/,phishing
https://mlbbkontol.duckdns.org/,phishing
https://cyberniels.com/,phishing
https://thehartford.com/,legitimate
https://amazon-com-security-3qotd025m7r29n0qjk6kpin434.wangg588.com/,phishing
https://parents.com/,legitimate
https://bgeneral1.webcindario.com/,phishing
https://att-enrollment-benefits.com/,phishing
http://bongda.com.vn/,legitimate
http://tradenet.net/,legitimate
http://appsuitee.wixsite.com/,phishing
https://oylaone.com/,phishing
https://a-saiff.github.io/,phishing
http://adblockplus.org/,legitimate
https://acxiom-online.com/,legitimate
https://olalsldfffggg.easy.co/,phishing
https://goodwaygroup.com/,legitimate
https://baoma.whatsa144shop.cyou/,phishing
https://borisov-tut.by/,phishing
http://bncnt.com/,legitimate
https://investing-secure-coinbase.daftpage.com/,phishing
http://ccc.se/,legitimate
http://cnnnewsource.com/,legitimate
https://rochesterimplantsurgery.com/,phishing
https://appeal-form-fb-copyright19285.web.app/,phishing
https://chow.com/,legitimate
http://tuklyreb.org/,legitimate
http://freegetclaims11.4dq.com/,phishing
https://youwincdn.com/,legitimate
http://box-mlbby5.hicam.net/,phishing
https://juzoor.com/,phishing
https://jamegreewood.com/,phishing
https://168gvogn1c.beefreedesign.com/,phishing
https://abntrqy.gq/,phishing
https://georiot.co/,legitimate
http://umeng.co/,legitimate
https://laogangtea.com/,phishing
http://com-trackwqr.top/,phishing
https://auth-os---bitbuy-sso---cdn.webflow.io/,phishing
https://leedgre-wllts--live.webflow.io/,phishing
https://from-pembelian-gaslpg.vipupdate.my.id/,phishing
http://cnbce.tv/,legitimate
http://terra.com.br/,legitimate
https://xoedge.com/,legitimate
http://pfk.zzm.mybluehost.me/,phishing
http://christianmingle.com/,legitimate
http://postaltiloti.ddns.net/,phishing
http://bncol-824988249882494.surge.sh/,phishing
https://romnz.biz/,legitimate
http://appgratuites-network.com/,legitimate
https://mixpo.com/,legitimate
http://crunchbase.com/,legitimate
https://m.faceebook.com-id2eaz8fl8ueu30buk.item3491257964529871642.com/,phishing
http://scoutanalytics.net/,legitimate
https://fedoraproject.org/,legitimate
https://ctvnews.ca/,legitimate
http://mylcs.bond/,phishing
https://my-dhlexpressde.com/,phishing
https://tiin.vn/,legitimate
http://teamespn.com/,legitimate
https://interoperabilitybridges.com/,legitimate
http://worldweatheronline.com/,legitimate
http://att-105941-100643.weeblysite.com/,phishing
https://torhead.com/,legitimate
https://annzon-jsdhs-co-jp.fgsjcb.top/,phishing
https://onclasrv.com/,legitimate
https://moncefbouchrara.com/,phishing
http://gamerankings.com/,legitimate
https://alexgarrido.com/,phishing
https://amazon.fr/,legitimate
https://shopping.com/,legitimate
http://posts-52055700.dvapp.hr/,phishing
https://qtdz4d2i4xpn55ipgrridktv3scdwh23ofmfzic2drg6lyb25cga.arweave.net/,phishing
https://pillbox123.com/,phishing
https://theberry.com/,legitimate
https://yelp.pl/,legitimate
https://expediamail.com/,legitimate
https://hilanbensusan.net/,phishing
https://bluecava.com/,legitimate
http://bigcatcountry.com/,legitimate
http://brandywinehealthcare.com/,phishing
https://app-mcclure.cju5xmfwqt-rz83y5njz6d7.p.temp-site.link/,phishing
https://example.com/,legitimate
https://iyuntian.com/,legitimate
https://beatxiphoid.co.kr/,phishing
https://bloggingtheboys.com/,legitimate
https://yisou.com/,legitimate
https://turbobytes.com/,legitimate
http://gatech.edu/,legitimate
https://newegg.com/,legitimate
https://backpage.com/,legitimate
https://crimtan.com/,legitimate
http://enjtw.blogspot.sn/,phishing
http://pp-limits.com/,phishing
https://stackadapt.com/,legitimate
https://aussiedragonre.com.au/,phishing
https://nhacso.net/,legitimate
https://rabilitan.com/,legitimate
https://set.tv/,legitimate
https://novinky.cz/,legitimate
https://px10.net/,legitimate
https://vitrines.in/,legitimate
https://peacockproductions.tv/,legitimate
https://gabuying.com/,phishing
http://peoplepets.com/,legitimate
https://postrem-7517815796.design-planb.de/,phishing
https://att-102730.square.site/,phishing
https://attupdate-108640.weeblysite.com/,phishing
https://fssta.com/,legitimate
https://closdgs.jwronline.com/,phishing
http://camera360.com/,legitimate
https://daplevinh.com/,phishing
https://baixadorlivre.blogspot.com/,phishing
https://bafybeifzrpuwegzhy2zz6aa2egm6c6xfl5ewsdtvontliubaq2nws47cjq.ipfs.dweb.link/,phishing
http://topgear.com/,legitimate
http://1055687365.com/,phishing
https://4trq9v.43811.wap.shuaihu99.com/,phishing
http://electric.net/,legitimate
https://folder3898389033-s89uiskjs.firebaseapp.com/,phishing
http://vjidxr.cn/,phishing
https://resultleonz01.com/,phishing
https://com.aumail7.sspl.com.aucom.aumail7.sspl.com.auwww.com.aumail7.sspl.com.aucom.aumail7.sspl.com.au/,phishing
https://yieldselect.com/,legitimate
https://saucedevtechsecu.pages.dev/,phishing
http://edevlet-mobilgirisaidat-sorgu.app/,phishing
https://omp.me/,legitimate
https://btrll.com/,legitimate
https://tradedoubler.com/,legitimate
https://akafms.net/,legitimate
https://gplus.to/,legitimate
https://americanexpress.com/,legitimate
http://bitdefender.com/,legitimate
https://business-page-appeal-12760-236.web.app/,phishing
http://ashy-ocean-082317210.4.azurestaticapps.net/,phishing
https://amazon.jp.dsajaskwopoi.pics/,phishing
https://livecool.sytes.net/,phishing
https://msdn.com/,legitimate
https://albjkdomro.info/,legitimate
https://pub-39a9c76023514c2289701d8b13d5bebd.r2.dev/,phishing
http://evbuc.com/,legitimate
https://flaginfluencerlabs.vercel.app/,phishing
http://orange3.godaddysites.com/,phishing
https://zdassets.com/,legitimate
http://alert.icloud-enter.com/,phishing
https://reedemskin20.000webhostapp.com/,phishing
https://xvylary.ws/,legitimate
http://newbayasp.net/,legitimate
https://craigslist.gr/,legitimate
https://admixclicks.com/,legitimate
https://gistyurreowo.clippertwa.workers.dev/,phishing
https://wzrkt.com/,legitimate
https://mdvzidmpuibjpdof-dot-millinium.ey.r.appspot.com/,phishing
https://explabs.net/,legitimate
http://tap4133rad.cc/,phishing
https://givebtc.website/,phishing
http://akamai.net/,legitimate
https://lukywin.my.id/,phishing
http://onlinecancelunauthdevice.com/,phishing
http://cookingchanneltv.com/,legitimate
https://autentificare-home.sytes.net/,phishing
https://forbesmagazine.com/,legitimate
https://ministerial5.com/,legitimate
https://eodc7-academyroofinginc.qkipikpp.es/,phishing
https://institutoquero.org/,phishing
https://bt-100502.weeblysite.com/,phishing
https://internet-security-alert-e-app-7yzuc.ondigitalocean.app/,phishing
https://centos.org/,legitimate
http://blue-badge-request-free-for-here.glitch.me/,phishing
https://admized.com/,legitimate
https://meta-pixel-58h.pages.dev/,phishing
https://hw.geto.xin/,phishing
https://adform.net/,legitimate
https://amcrishikesh.com/,phishing
https://abnoosce.ir/,phishing
https://atttsrrfmfrjtdnf.weebly.com/,phishing
http://996c268c2e4595d0435f5650.b7fyybaz-qyyj-uef-j80ms1-fwgasw.usrfiles.com/,phishing
https://1285063f.be839ksj-q.shop/,phishing
http://corporativabogotapersonas.com/,phishing
http://superstoragemy.org/,legitimate
https://mail.join-whatsappbck.getz1.shop/,phishing
http://caixadirecta-repor.com/,phishing
https://aa.cydiaa.cc/,phishing
https://myilbpiaccess.com/,phishing
https://cbslocal.com/,legitimate
https://quewedsre.com/,phishing
https://alahiu.pages.net.br/,phishing
https://twc.com/,legitimate
https://innityserve.net/,legitimate
https://sscdn.co/,legitimate
https://gcrfjcv.weebly.com/,phishing
https://instabolo.blogspot.com/,phishing
https://kucvoinloi-gin.godaddysites.com/,phishing
http://apps--secure--blockfi-n-cdn.webflow.io/,phishing
https://amazonimc.co/,phishing
https://7000000068543122498785429.tk/,phishing
http://pro85.godaddysites.com/,phishing
http://ltcxtseayai.wcnv20.cn/,phishing
https://celtra.com/,legitimate
https://eastbay.com/,legitimate
https://highwebmedia.com/,legitimate
http://tachthongtin.com/,legitimate
https://radzolo.com/,legitimate
http://usps.com-amends.xin/,phishing
https://dodg5hmrtw6270.monitorminor.com.tr/,phishing
http://is.gd/,legitimate
https://fica.vn/,legitimate
https://plosone.org/,legitimate
https://detroitnews.com/,legitimate
http://timesofindia.com/,legitimate
http://idvaultservices.com/,legitimate
https://c4tracking01.com/,legitimate
https://faqs.org/,legitimate
http://mywalletvalidation.online/,phishing
https://dappwebnodes.rf.gd/,phishing
http://tamind.ir/,legitimate
https://oracle.com/,legitimate
https://direitolcv.com.br/,phishing
https://rockpapershotgun.com/,legitimate
https://im-t3ke0p.info/,phishing
https://manage-user-security-858f.vercel.app/,phishing
https://allegrolokalnie.7a8c7vj4a129ct8d4.pl/,phishing
http://ig-link-ar-2720071362008.pages.dev/,phishing
http://mailchimp.com/,legitimate
https://bstk.co/,legitimate
https://amazon.ca/,legitimate
https://kejet.net/,legitimate
https://identifiez-vous20022.weebly.com/,phishing
http://evmdapps.pages.dev/,phishing
https://138.68.73.49/,phishing
http://bungie.net/,legitimate
http://vchat.vn/,legitimate
https://americanfirstcreditunion-e752a.firebaseapp.com/,phishing
https://tap1674dvu.vip/,phishing
https://trouter.io/,legitimate
https://prchecker.info/,legitimate
http://fdlstatic.com/,legitimate
https://cmgdigital.com/,legitimate
http://indeed.com/,legitimate
https://reklamport.com/,legitimate
https://tax-services-5t6y77uy6rfgt12f.web.app/,phishing
https://amung.us/,legitimate
https://omniscient-selective-firefly.glitch.me/,phishing
http://mysql.com/,legitimate
https://tecmundo.com.br/,legitimate
https://3656ss.com/,phishing
https://grupwamantap19.000webhostapp.com/,phishing
https://apptimize.com/,legitimate
https://ground-violet-e1ad.jackreedy.workers.dev/,phishing
https://gravatar.com/,legitimate
https://google.dz/,legitimate
https://eyeviewads.com/,legitimate
http://expedia.com.my/,legitimate
https://hood.ae/,phishing
https://redlaser.com/,legitimate
https://rankingsandreviews.com/,legitimate
https://civicscience.com/,legitimate
https://brdnb.blogspot.sn/,phishing
https://hgexer.org/,legitimate
https://bouncebidder.com/,legitimate
http://cdnhost2000xl.com/,legitimate
https://homemail-1097229.weeblysite.com/,phishing
https://shopathome.com/,legitimate
http://yonhapnews.co.kr/,legitimate
http://arrowheadpride.com/,legitimate
https://played.to/,legitimate
http://dealchicken.com/,legitimate
http://jkpabconsmssnnfv-dot-millinium.ey.r.appspot.com/,phishing
http://alickja-mv7r.vercel.app/,phishing
https://doisongphapluat.com/,legitimate
https://162.241.154.215/,phishing
https://memurlar.net/,legitimate
http://xk31wj8ie.sioquzosris.es/,phishing
https://minireklam.com/,legitimate
https://deployads.com/,legitimate
http://ithkl.sbs/,phishing
https://storycorps.org/,legitimate
https://firedrive.com/,legitimate
https://inrhxwnsfusbbwuo-dot-millinium.ey.r.appspot.com/,phishing
http://nwave.de/,legitimate
https://acc-hd.de/,legitimate
https://mailroute.net/,legitimate
https://grinandbearit.us/,phishing
http://bb69428.com/,phishing
http://clustrmaps.com/,legitimate
https://baltimorebeatdown.com/,legitimate
https://com-trackewz.top/,phishing
https://whitepagescustomers.com/,legitimate
https://developmentes-pagese.ga/,phishing
https://dev-sgsup1.pantheonsite.io/,phishing
https://kmm.countri60uc.duckdns.org/,phishing
https://wefi.com/,legitimate
https://google.cl/,legitimate
https://groupmgmt.ferreracademy.com/,phishing
https://mzcdn.com/,legitimate
https://gcmforex.com/,legitimate
http://thedailybeast.com/,legitimate
https://vccorp.vn/,legitimate
https://google.com.tw/,legitimate
https://neweggimages.com/,legitimate
https://doisotrung.com/,legitimate
http://bankone.com/,legitimate
https://yedekparcamiz.com/,phishing
https://sakshishakya.github.io/,phishing
https://usps.com-trackorv.top/,phishing
https://google.com.co/,legitimate
http://mail.fb-loginogtor.vip-give77.xyz/,phishing
http://stumble-upon.com/,legitimate
https://lenta.ru/,legitimate
http://highgenuineinstitutions--five-nine.repl.co/,phishing
https://hotwords.com/,legitimate
https://removefb-9cgwxf0b6.goodseo.tw/,phishing
http://shopperconnect.com/,legitimate
https://usps.com-trackkec.top/,phishing
http://app-outlookserviceprotocol-960310.netlify.app/,phishing
https://obstyle78.com/,phishing
http://doji.vn/,legitimate
https://bcp-ind-mill.com/,phishing
https://babyzone.com/,legitimate
http://myfreecams.com/,legitimate
http://unileverprivacypolicy.com/,legitimate
https://qnbkampanyakatil2.vercel.app/,phishing
https://spankwire.com/,legitimate
http://mx.jobfinder.com.pk/,phishing
http://extratorrent.cc/,legitimate
https://e3te-fbadsmanagefb173934.vercel.app/,phishing
http://avacertakademi.com/,phishing
https://instagramz.vercel.app/,phishing
http://petersshopsites.buzz/,phishing
https://usps.com-tracking-helpsds.cc/,phishing
http://criteo.com/,legitimate
https://5muniversity.com/,phishing
http://omiga-plus.com/,legitimate
https://bttrack.com/,legitimate
http://posts-2216510937.smarttechno.hr/,phishing
http://yuzzsfhd.net/,legitimate
https://databyacxiom.com/,legitimate
http://likes-media.com/,legitimate
https://contabilitaonline.com/,phishing
https://rxcxsolution.pages.dev/,phishing
https://outlookonline-b2920.firebaseapp.com/,phishing
http://meta-polar-dyz.pages.dev/,phishing
https://solidoak.com/,legitimate
https://hldiw.org/,legitimate
https://gbulmer.com/,phishing
https://undertone.com/,legitimate
https://bafybeievg6l7gvjqoor2265ww7hwtt4cv7rerqeamoqup46wlef3h3yn44.ipfs.dweb.link/,phishing
https://att-109576.weeblysite.com/,phishing
https://creativecommons.org/,legitimate
http://charter.com/,legitimate
https://bt-104988.weeblysite.com/,phishing
http://gigenet.com/,legitimate
http://gwallet.com/,legitimate
https://a-ads.com/,legitimate
https://wfrcdn.com/,legitimate
https://pelmorex.com/,legitimate
https://attcurently30-05-2025.weeblysite.com/,phishing
https://mclarenofficials19.com/,phishing
http://ccmxarfkpeqhsokd-dot-millinium.ey.r.appspot.com/,phishing
http://fidelityinvestments.com/,legitimate
https://jmlogisticaydistribucion.es/,phishing
https://att-mails-106796.weeblysite.com/,phishing
https://toothbrushguru.com/,legitimate
https://narasimhachary421.github.io/,phishing
http://meta-grovan-mirax-syqlen.pages.dev/,phishing
https://ijgxevsl.derived.com.cn/,phishing
https://cxhfstxaamkpodmm-dot-millinium.ey.r.appspot.com/,phishing
https://myshopify.com/,legitimate
https://green-label.com/,legitimate
https://tripadvisor.com.br/,legitimate
http://apply-verified-badge0-service-form.vercel.app/,phishing
https://newenenenne.weebly.com/,phishing
https://secure-ledger-auth-buy.webflow.io/,phishing
https://yeniasirilan.com/,legitimate
https://metamaskwallett.blogspot.com/,phishing
https://penzek.center/,phishing
https://dana-id-bantuan.promo-vip99.biz.id/,phishing
https://morgdm.ru/,legitimate
https://m.hf573.com/,phishing
https://customer.io/,legitimate
http://bloglovin.com/,legitimate
https://azrecovs.000webhostapp.com/,phishing
https://hlntv.com/,legitimate
https://eset.ajangsoft.ir/,phishing
https://gesylwir.net/,legitimate
https://pana-organic.com/,phishing
http://bionanoline.com/,phishing
https://grillitrestaurant.com/,phishing
https://mailx.ingenova.com.au/,phishing
https://ourlegacycompany.com/,phishing
https://synxis.com/,legitimate
https://receitas.com/,legitimate
https://modal-spectrum.com/,phishing
https://atwola.com/,legitimate
https://youronlinechoices.com/,legitimate
http://sexlog.com/,legitimate
https://kym-cdn.com/,legitimate
https://wenn.com/,legitimate
https://ijoiwpbgiplllghrblvvgnnvze-dot-gl9393jan.uk.r.appspot.com/,phishing
https://hwcdn.net/,legitimate
http://sekindo.com/,legitimate
https://review-appeal-status-100298742.web.app/,phishing
https://access-verify8.firebaseapp.com/,phishing
http://xkrlmshkbhi.net/,legitimate
https://admin-recovers-11889646862139854856400021.tk/,phishing
http://herp7932411111.gq/,phishing
https://t-mobile.lhxcd.icu/,phishing
http://help-pages-ledgr.webflow.io/,phishing
https://facdn.com/,legitimate
https://activacion0020.webcindario.com/,phishing
https://britiantals.tk/,phishing
http://nflshop.com/,legitimate
https://altlayer.pages.dev/,phishing
http://myee-manage-billing.com/,phishing
http://ghadaaawimdaismaaiyaghada.blogspot.com/,phishing
https://bafybeif3abukbejdrdueeddyr6fmyxw3fjvctgmwv2h4z5u2l6iggfjgmi.ipfs.dweb.link/,phishing
https://vporn.com/,legitimate
https://kimg.cn/,legitimate
https://dohjlnjomkigkekv-dot-millinium.ey.r.appspot.com/,phishing
http://accban-83282981.kahulasup.ch/,phishing
https://1worldonline.com/,legitimate
https://bradesconikkei.com.br/,legitimate
http://fffffffffrrrrryyyyyy.weeblysite.com/,phishing
https://campuswestvets.com/,phishing
http://autotrader.com/,legitimate
https://pixlr.com/,legitimate
https://tango.me/,legitimate
https://listhub.com/,legitimate
https://paypal-secureidentify.cc/,phishing
http://microjadwa.taahod.com.sa/,phishing
https://merriam-webster.com/,legitimate
http://aalexughh.000webhostapp.com/,phishing
https://juno-update-9ece8c.webflow.io/,phishing
https://account-connection-facebook.toile-libre.org/,phishing
http://xvika.com/,legitimate
https://systemaffiliate.com/,legitimate
https://metamaskofficialwebsite.godaddysites.com/,phishing
https://amzn.to/,legitimate
http://espn.co.uk/,legitimate
https://4354534534534534.netlify.app/,phishing
https://mature-impartial-camel.glitch.me/,phishing
https://vjyfw.biz/,legitimate
http://google.co.hu/,legitimate
http://slate.com/,legitimate
https://info.retour.18-156-84-232.cprapid.com/,phishing
https://joinwhatsappopinohoax2021.duckdns.org/,phishing
https://atopayment-summary.com/,phishing
https://streamcloud.eu/,legitimate
https://nypost.com/,legitimate
http://freegiftlimited.com/,phishing
https://anv.bz/,legitimate
https://google.hr/,legitimate
http://vcommission.com/,legitimate
https://afcunionhub.myvnc.com/,phishing
https://nesn.com/,legitimate
http://urbanoutfitters.com/,legitimate
https://smarturl.it/,legitimate
https://tubexclips.com/,legitimate
https://cursecdn.com/,legitimate
http://microsoftupdatestore.weebly.com/,phishing
https://rucsanglienquangarena.cf/,phishing
https://jolly-dasik-42bac9.netlify.app/,phishing
https://wellsfargo-portal-test.bluematrix.com/,phishing
https://globals-specials.midasbuy-page.com/,phishing
https://allegro.pl-regulam38915.werv.eu/,phishing
https://gopro.com/,legitimate
https://amazon.co.jp.f12147.top/,phishing
http://whatsapp-sharing.com/,legitimate
https://cobalt.com/,legitimate
https://crazycashformula.net/,legitimate
https://pzpdrxc.org/,legitimate
https://autonomic-actuator.sieraddns.com/,phishing
http://123pay.vn/,legitimate
https://hilton.com/,legitimate
https://cktfpxeyhq.cc/,legitimate
https://voxel.net/,legitimate
https://support-treaz-hardware-wallet.webflow.io/,phishing
https://s810695574.onlinehome.fr/,phishing
https://identifiez-vous7.ukit.me/,phishing
https://pub-4a302de6bddd424c887b5942a428d849.r2.dev/,phishing
http://thedailyeight.com/,legitimate
https://effectivemeasure.net/,legitimate
https://solidstatenetworks.net/,legitimate
https://determined-meitner-98db4c.netlify.app/,phishing
https://thisamericanlife.org/,legitimate
https://aliimg.com/,legitimate
https://milkforyoumari1.000webhostapp.com/,phishing
https://lscdn.net/,legitimate
http://18.229.155.25/,phishing
https://fbpolicies-7zsg7lm9.filmischeskoeln.de/,phishing
https://rt4h5-xaaaa-aaaad-qdkzq-cai.raw.ic0.app/,phishing
http://editmysite.com/,legitimate
https://cornell.edu/,legitimate
http://ricardoeletro.com.br/,legitimate
https://libero.it/,legitimate
https://pixenka.com/,legitimate
https://prodigy.net/,legitimate
https://porn.com/,legitimate
http://9qs0-pixa0e-ypk5.amazingshihtzupughome.com/,phishing
https://38748595003775899398676903029478696jd.sfo2.digitaloceanspaces.com/,phishing
https://help-for-work-b38.pages.dev/,phishing
https://mobizone.mobi/,legitimate
https://aktifkany.danaxpaylater.my.id/,phishing
https://maattich.com/,phishing
https://mrgadgetsolutions.com/,phishing
https://ardernscpecter.com/,phishing
https://post-ch.payingtrusts.org/,phishing
http://newsbytes.com/,legitimate
http://87893.top/,phishing
https://tdbank.com/,legitimate
https://brasilpost.com.br/,legitimate
http://m4specialevent.com/,phishing
https://postrem-2788954602.design-planb.de/,phishing
https://instagramprofiileurl.blogspot.ie/,phishing
https://ecoembalaje.cl/,phishing
http://cpmshield.com/,legitimate
http://thehill.com/,legitimate
http://klipmpinvoicedu5rty.herokuapp.com/,phishing
https://lg.com/,legitimate
http://845d4fea7156900557dde946b026039a-dot-dbenitonline.ey.r.appspot.com/,phishing
https://195195j.com/,phishing
https://whats-xo.vip/,phishing
https://karmacourse.ml/,phishing
http://applifier.info/,legitimate
https://usps.com-trackagm.top/,phishing
https://httptrack.com/,legitimate
https://cnn.it/,legitimate
http://tagstat.com/,legitimate
http://expedia.com.hk/,legitimate
https://businessinsider.com.au/,legitimate
https://3d9e1b7f305c2.mariademattiassec.sc.tz/,phishing
http://bafybeigdckxljosatrgjbon43n34udp44ytyorjpxbtc2vzrxk4lqprzkq.ipfs.dweb.link/,phishing
http://newrelic.com/,legitimate
https://freerepublic.com/,legitimate
https://walmart.com.br/,legitimate
https://venturecapitalnews.us/,legitimate
https://glu.com/,legitimate
https://coloradopinball.com/,phishing
https://youtube-mp3.org/,legitimate
http://24o.it/,legitimate
http://pub-7d6ddb9a3d5c405d99fba64062d30b62.r2.dev/,phishing
https://ticketfly.com/,legitimate
https://brimstony-densities.000webhostapp.com/,phishing
http://docu-6d61.sharepnt.workers.dev/,phishing
https://movielink.com/,legitimate
https://fkl-32655.bubbleapps.io/,phishing
https://btbb.org/,phishing
https://confirm.fbookus-90535786.gruppotiozzo.it/,phishing
https://extole.com/,legitimate
https://htc.com/,legitimate
https://kuecinlguin.webflow.io/,phishing
https://dubizzle.com/,legitimate
https://thdws.com/,legitimate
https://axiosrecords.com/,phishing
http://o575365.com/,phishing
https://pub-10d0d001fdbc40e6b595c8ceac643e05.r2.dev/,phishing
http://fastestcdn.net/,legitimate
https://congan.com.vn/,legitimate
https://testflightapp.com/,legitimate
https://pub-c52a9a79d9ec4c9fbbc3107c23dccc89.r2.dev/,phishing
https://0312-8hg.pages.dev/,phishing
https://add-secure.vercel.app/,phishing
https://fegn.com/,legitimate
https://sapo.pt/,legitimate
https://mail.royalml-redelivery6pr.com/,phishing
http://free-rolls-20.blogspot.com/,phishing
https://splashtop.com/,legitimate
https://9874.pages.net.br/,phishing
https://zap2it.com/,legitimate
https://instagram-baittouuts.onrender.com/,phishing
http://20-65-108-149.cprapid.com/,phishing
https://oaspapps.com/,legitimate
https://stjude.org/,legitimate
https://arthuryeung.com/,phishing
http://r10.io/,legitimate
https://ad6.fr/,legitimate
https://pakatandn.ml/,phishing
http://erne.co/,legitimate
http://msc.dhlspeedpack.be/,phishing
https://advokatnasibova.ru/,phishing
https://ticketmaster.ca/,legitimate
http://wondershare.com/,legitimate
https://rcsmediagroup.it/,legitimate
https://regrejouquece-7859.vercel.app/,phishing
https://35go.cn/,legitimate
https://ccnz.pl/,phishing
http://legolas-media.com/,legitimate
https://newsok.com/,legitimate
https://i-funbox.com/,legitimate
https://boreal-studio.pages.dev/,phishing
https://famous-kelly-electronic-tells.trycloudflare.com/,phishing
https://rcvyacntstdbsnss.ydns.eu/,phishing
https://eaton.com/,legitimate
http://adsoncaar.in/,phishing
https://evolvingseo.com/,legitimate
https://arjun-manikkoth.github.io/,phishing
https://omalight.com/,phishing
http://qj473shcrhojep0a63tr7as8lpu.lspower.xyz/,phishing
https://akshitgarg9581.github.io/,phishing
https://awannabikaizokuoreawa34.gq/,phishing
https://5fgfgfgrg4g4g4g.blogspot.com.ng/,phishing
https://f0670714.xsph.ru/,phishing
https://metachromes.info/,phishing
https://aollmailserve.niryjuqu7278.workers.dev/,phishing
https://geewa.com/,legitimate
https://opposingviews.com/,legitimate
http://eiitadfswxafdkjsxmipuhlnpx-dot-gleowayel400503.uc.r.appspot.com/,phishing
https://help-center682.crabdance.com/,phishing
http://iolo.com/,legitimate
https://collectnewtexera.com/,phishing
http://torrentreactor.net/,legitimate
https://blue-de-spoexi.codeanyapp.com/,phishing
https://8arnh7jcysorvgb.wbmaillog.com/,phishing
https://aaospace.com/,phishing
https://ecotaskforce.com/,phishing
https://alliancesforafrica.tk/,phishing
http://appleid-applesupport748782.com/,phishing
http://hersanpalet.com/,phishing
http://instructure.com/,legitimate
https://case-help-1018686711057.ketlyef.com/,phishing
https://buraksengul.com.tr/,phishing
https://hitfix.com/,legitimate
http://yeniaktuel.com.tr/,legitimate
https://regalrepentantvaporware.heiserstaffingg.repl.co/,phishing
http://aollserviceteam.kedrodafya.workers.dev/,phishing
https://wpxi.com/,legitimate
https://pow7.com/,legitimate
https://comfb-xcb717rfiu.glossy.uz/,phishing
https://vocativ.com/,legitimate
http://mygoverifymyaccount.3utilities.com/,phishing
https://247-inc.net/,legitimate
http://79.docs.google.com/,phishing
https://ooesw3r3.kokoo8899.com/,phishing
https://klycqphiukvezhjs-dot-millinium.ey.r.appspot.com/,phishing
http://herewetest.com/,legitimate
http://americanas.ofertadasemana-br.com/,phishing
https://cubecdn.net/,legitimate
http://bnlareariservata.netsons.org/,phishing
http://mediander.com/,legitimate
https://dxh.dxhbf.cloudns.biz/,phishing
https://at-ts-stunning-site-2e1e5a.webflow.io/,phishing
https://socurioso.com/,phishing
https://asibah4.duckdns.org/,phishing
https://aaplimg.com/,legitimate
https://sitescoutadserver.com/,legitimate
https://crowded-ink.surge.sh/,phishing
https://petjh8nfzsd.typeform.com/,phishing
https://thedodo.com/,legitimate
https://usps.com-trackjmx.top/,phishing
https://grupvidioviral-8.duckdns.org/,phishing
https://readserver.net/,legitimate
http://metazenithglobal.com/,phishing
https://ulketv.com.tr/,legitimate
https://imtokoo.com/,phishing
https://kaskus.co.id/,legitimate
https://ultimedia.com/,legitimate
http://off.fbookcom-72609745.kayaclinic.ir/,phishing
https://bekawin.kz/,phishing
http://business-page-appeal-1289751.web.app/,phishing
https://162.240.5.3/,phishing
https://2001j8ldp4fcupv7c9sbnbfc5sl0l896h453e7kl0t2t5n4lpfairto.siasky.net/,phishing
http://luyou360.cn/,legitimate
https://office365news.weebly.com/,phishing
https://btessc.org/,phishing
https://rjqmawavsd.duckdns.org/,phishing
https://archive.org/,legitimate
https://curalate.com/,legitimate
http://torrentbox.com/,legitimate
https://drgc.pages.dev/,phishing
http://j177g.xyz/,phishing
http://horsered.com/,legitimate
https://grupwa4mkd.terbaru-2023.com/,phishing
https://productsmagazines.com/,legitimate
https://groceryserver.com/,legitimate
https://feodpyusmel.ws/,legitimate
http://04320e.com/,phishing
http://ilovevideo.tv/,legitimate
https://logs-krken-docs.pages.dev/,phishing
https://ipredictive.com/,legitimate
http://randomhouse.com/,legitimate
https://demonii.com/,legitimate
https://tap22509gy.cc/,phishing
https://io9.com/,legitimate
http://cctalk.vn/,legitimate
https://aviaralimo.com/,phishing
http://eupholllogusi.godaddysites.com/,phishing
https://anpdm.com/,legitimate
https://yeniasir.com.tr/,legitimate
https://moncompte-free-mobile.c1720870.ferozo.com/,phishing
https://binsonwheelsforhire.com.au/,phishing
https://copacet.com/,legitimate
https://cv8690998185.tmweb.ru/,phishing
https://priivacy-recovery-pages-identiity.web.id/,phishing
https://leagueoflegends.com/,legitimate
https://p0y.cn/,legitimate
https://rules.fbcom-4v7cbcfdj.darryl-siemreap.info/,phishing
https://divx.com/,legitimate
https://espn.com.au/,legitimate
http://midlaj123.github.io/,phishing
https://irs.claimtax-usa-compensation.com/,phishing
https://dzxgristcfg.ws/,legitimate
https://bokep.joinwa.cf/,phishing
https://onlinehome-server.info/,legitimate
https://systemmonitor.us/,legitimate
https://bee7.com/,legitimate
https://nongenqa.weebly.com/,phishing
https://mybinarysystem.com/,legitimate
https://clickbank.net/,legitimate
http://g201fb.com/,phishing
https://vs.com/,legitimate
https://thelocalsearchnetwork.com/,legitimate
https://5fggfggrfg4g4gh.blogspot.com/,phishing
https://longurl.it/,legitimate
http://5fggfgfgfg4g4gfgfg4.blogspot.mk/,phishing
http://registeerbenefitlayoffzonemicroc.7d7sr35izl.free.hr/,phishing
https://metamask-ext.webflow.io/,phishing
https://alohacare.co/,phishing
http://leadboltads.net/,legitimate
https://bdimg.com/,legitimate
https://perennial-microphon.000webhostapp.com/,phishing
https://com-trackezs.top/,phishing
http://fitbit.com/,legitimate
https://cvs.com/,legitimate
https://authenticate-mysantan.com/,phishing
https://autoexpress.co.uk/,legitimate
http://zello.com/,legitimate
https://news2023lhixzuu.mantull.xyz/,phishing
http://411.com/,legitimate
http://amazo-update.p9pi.xyz/,phishing
https://retelajipubo.weebly.com/,phishing
https://pubg-mobile-official.kesug.com/,phishing
http://rlcdn.com/,legitimate
https://amazonjapan.qiudy.cn/,phishing
https://fbhtc.blogspot.is/,phishing
https://fl.de11ty.shop/,phishing
https://appealeation-b-0945f.surge.sh/,phishing
https://cambridge.org/,legitimate
http://feitocaoegatopet.com.br/,phishing
https://hc.ru/,legitimate
https://projectwonderful.com/,legitimate
https://abacast.net/,legitimate
https://jungledisk.com/,legitimate
https://syncstatsdata.com/,legitimate
https://doubleverify.com/,legitimate
https://bafybeiatg56jqpok2hi37esf7p5irfhe2kyjgfia74gw4kgi4piqkfpieq.ipfs.infura-ipfs.io/,phishing
https://ziraat.com.tr/,legitimate
https://thebrittanyfund.org/,legitimate
https://formstack.com/,legitimate
https://openseanftclaim42.vercel.app/,phishing
https://fghgfhgvfhredfdgfdgdg.blogspot.com/,phishing
https://mobilee-pubg.com/,phishing
https://appfb-bu71oax2fai20i3.cali.de/,phishing
http://usnews.com/,legitimate
http://aidotum.net/,phishing
https://csdata1.com/,legitimate
https://mail.mobi-spy.cu.ma/,phishing
https://amateurxexwinfo.ru/,phishing
http://newsprints.co.uk/,legitimate
https://go-event.krafton-redeem.com/,phishing
https://idealo.de/,legitimate
https://dailymotion.com/,legitimate
https://manjit.digitalwebx.com/,phishing
https://mail2world.com/,legitimate
https://vrbo.com/,legitimate
https://btcino.net/,phishing
https://zenmate.com/,legitimate
http://adexcite.com/,legitimate
https://qwmeeqbhv.litesafe.sa.com/,phishing
https://brightcove.com/,legitimate
https://parkhan.net/,phishing
http://starbaby.cn/,legitimate
http://adtima.vn/,legitimate
https://feedbackify.com/,legitimate
http://prevailingbonyintroductory.segurity1.repl.co/,phishing
https://trackingclick.net/,legitimate
https://craigslist.com.au/,legitimate
http://gci.net/,legitimate
https://box.com/,legitimate
https://104.171.123.2/,phishing
https://logingroupmemberjoin.tk/,phishing
http://pub-fa217e96d5ae42afa43328264506de06.r2.dev/,phishing
http://dailyofferservice.com/,legitimate
https://argos.co.uk/,legitimate
http://abouttheupdate.newpaswordamazon.top/,phishing
http://meatamkchrmexto.webflow.io/,phishing
http://bobalopteoprman-6789.firebaseapp.com/,phishing
https://hp-ww.com/,legitimate
https://21780-4315.s3.webspace.re/,phishing
https://katespade.com/,legitimate
http://cbssports.com/,legitimate
https://at-ts-awesome-site-f89b3f.webflow.io/,phishing
http://b551003.com/,phishing
https://hzhrjnnrsafdzrfmfetgopliyy-dot-gloff849483.uk.r.appspot.com/,phishing
http://eztv.it/,legitimate
http://wimp.com/,legitimate
http://bigpara.com/,legitimate
https://leonyyenntedja6.ml/,phishing
https://fduqkswpbx.org/,legitimate
https://stumbleupon.com/,legitimate
https://kets.sd/,phishing
http://47922.base64signalvoice.one/,phishing
http://outletaquecedorescampinas.com.br/,phishing
http://notifyfb-ul24fgqsi1.tv1space.az/,phishing
https://56784849.com/,phishing
http://qadserve.com/,legitimate
http://redfin.com/,legitimate
https://grup-bkpnihcok18.duckdns.org/,phishing
https://mdpcdn.com/,legitimate
http://viaf.org/,legitimate
https://viddler.com/,legitimate
http://amazonghhgfytdrdtfyu.xyz/,phishing
http://312604679159234.graficaaoquadrado.com.br/,phishing
https://axt65gyt7.com/,phishing
https://ask4k.parallexprogrammers.com/,phishing
https://2752-8480-8547.mystrikingly.com/,phishing
http://channelnewsasia.com/,legitimate
https://accurateofes.com/,phishing
https://instargamr.xyz/,phishing
https://sherlockhq.github.io/,phishing
https://join-grup-disiini.duckdns.org/,phishing
https://ttnetmuzik.com.tr/,legitimate
https://revenue-gf.cc/,phishing
http://minhaserie.com.br/,legitimate
https://bantuann.dana-indonesia.top/,phishing
https://enquiryinfo.com/,phishing
https://softpedia.com/,legitimate
https://metemsk-login.webflow.io/,phishing
https://espnshop.com/,legitimate
https://aliexpresscnirwposs.serveuser.com/,phishing
https://mzstatic.com/,legitimate
https://birdstep.com/,legitimate
http://advertisingsupport.net/,phishing
https://gltrkk.net/,legitimate
http://keyless-wallet-bybit.com/,phishing
https://pub-5e5f2378ef1745eca5eddd3400c072bb.r2.dev/,phishing
https://move.com/,legitimate
https://cdngc.net/,legitimate
https://alloramarketing.top/,phishing
https://spn.com/,legitimate
https://oneplusone56789hghjk.000webhostapp.com/,phishing
https://get.com/,legitimate
https://myetheruwallet.info/,phishing
https://openweathermap.org/,legitimate
http://zzz.vn/,legitimate
https://checkmynewphotos.com/,phishing
https://ionicframework.com/,legitimate
http://streamsend.com/,legitimate
https://pondeight.com/,phishing
http://crittercism.com/,legitimate
https://online-metrix.net/,legitimate
http://ee-account-repayment.web.app/,phishing
https://gamiuilagxu.godaddysites.com/,phishing
https://505ebrourepublic404.atwebpages.com/,phishing
https://chtah.com/,legitimate
https://traffic-orgy.com/,legitimate
https://kau.li/,legitimate
https://grupwav1ralkbb6vir.xfz-fii.me/,phishing
http://ltsbmuenq.net/,legitimate
https://contentclick.co.uk/,legitimate
https://cumulus-cloud.com/,legitimate
https://ezsolutions.com.au/,phishing
http://mlapps.com/,legitimate
https://rmv-48714957.mlresto.com/,phishing
https://matiemesusklogien.gitbook.io/,phishing
https://iesnare.com/,legitimate
https://adminuser.telegram-cc.net/,phishing
https://nl-img.com/,legitimate
https://imt0ken-ow.mom/,phishing
http://recode.net/,legitimate
https://cmutulyand.temp.swtest.ru/,phishing
https://sacbee.com/,legitimate
https://amazon.ntfaec.top/,phishing
https://contractordefi.com/,phishing
https://aliyun.com/,legitimate
https://leadme.com.ar/,phishing
http://aa.com/,legitimate
https://escapistmagazine.com/,legitimate
http://bimsmtrsons.com/,phishing
http://secureserver.net/,legitimate
https://xiaomi.com/,legitimate
https://advertising-appeal-review.d3vq9gjvtji0i8.amplifyapp.com/,phishing
https://hmrc-taxrebatenew.com/,phishing
http://latinsoulstudio.com/,legitimate
https://yellowpages.ca/,legitimate
http://activelawgroup.com/,phishing
https://ibwdwbhpzp.duckdns.org/,phishing
https://kcfletopmtmfsjdl-dot-millinium.ey.r.appspot.com/,phishing
https://priari.rs/,phishing
http://freeserve.com/,legitimate
https://chusps.com/,phishing
https://townsquareblogs.com/,legitimate
http://image-maps.com/,legitimate
https://mobilbnkacilik-vakif.cf/,phishing
http://grab-media.com/,legitimate
https://com.ausspl.com.aumail7.sspl.com.aumail7.sspl.com.aucom.aucom.aumail7.sspl.com.aumail7.sspl.com.ausspl.com.aumail7.sspl.com.aumail7.sspl.com.au/,phishing
http://aave.liquidity.org.uk/,phishing
https://myfidsacn72.com/,phishing
http://htimg.net/,legitimate
http://clicktale.net/,legitimate
https://farlex.com/,legitimate
http://inquisitr.com/,legitimate
https://metasknexion.gitbook.io/,phishing
http://respiratory-sash.000webhostapp.com/,phishing
http://8bvanetcash.mx-ask2e.casa/,phishing
https://fa748eeacd4982d1.ngrok.app/,phishing
https://yenikadin.com/,legitimate
https://fieldfocusgo.com/,phishing
https://baidu.com.eg/,legitimate
https://berichtboxbeveiliging.club/,phishing
https://3.17.74.149/,phishing
http://gabunggrubxzy.duckdns.org/,phishing
https://filmifullizle.com/,legitimate
https://jetblue.com/,legitimate
http://anrdoezrs.net/,legitimate
https://seatguru.com/,legitimate
http://malignemobile10.yolasite.com/,phishing
http://hubapi.com/,legitimate
https://eiqfp.oze8b.dornaaco.ir/,phishing
http://pogo.com/,legitimate
https://amazon.co.uk.lphw.xyz/,phishing
https://tre-zorbridge-secure.pages.dev/,phishing
https://coccoc.com/,legitimate
http://sailthru.com/,legitimate
https://contactmusic.com/,legitimate
https://en.timoutupdate.in/,phishing
http://f0497053.xsph.ru/,phishing
https://techepoch.com/,legitimate
https://empowernetwork.com/,legitimate
https://66dfe4tew.pages.dev/,phishing
https://9notc.app.link/,phishing
https://mail.japantok.akuanakmamah.de/,phishing
http://cngcomunicaciones.com/,phishing
http://hklkbv.weebly.com/,phishing
http://recharge.tmmlliqi.site/,phishing
https://remarkable-empty-llama.glitch.me/,phishing
https://maturetube.com/,legitimate
https://globalnews.ca/,legitimate
http://technetevents.com/,legitimate
https://cargocollective.com/,legitimate
https://btconnect-d7bc67.webflow.io/,phishing
http://rackcdn.com/,legitimate
http://searchignite.com/,legitimate
https://luminate.com/,legitimate
https://vietnamnet.vn/,legitimate
https://sachinsharma-2003.github.io/,phishing
https://google.com.tr/,legitimate
https://weightlosspath.com/,legitimate
http://digitalbitfarms.top/,phishing
https://digitaltrends.com/,legitimate
https://enigmasoftware.com/,legitimate
https://bancogalicia.2banking.repl.co/,phishing
https://ntqj4-caaaa-aaaad-qdpea-cai.raw.ic0.app/,phishing
https://digilant.com/,legitimate
https://arcadeweb.com/,legitimate
http://onedr1ve-dc-iavdk.ondigitalocean.app/,phishing
https://joingrup726.whatsapp-16288.gq/,phishing
https://starmagazine.com/,legitimate
https://bba888.aaowqqkk45.top/,phishing
https://shopping-guide-centre.com/,legitimate
https://akqstjbu.cn/,legitimate
https://deliads.com/,legitimate
https://cfcloudcdn.com/,legitimate
https://0tn0lex.duckdns.org/,phishing
https://homestore.com/,legitimate
http://account-update.stljqyo.cn/,phishing
https://reliableremodeler.ca/,legitimate
https://vqwcgak.ws/,legitimate
https://oovoo.com/,legitimate
https://fb-loginfdxcq.viip-sz270.biz.id/,phishing
https://vupdate2.com/,legitimate
https://marktplaats.164343.com/,phishing
https://broadwayworld.com/,legitimate
http://lmo3.tricom-online.online/,phishing
http://novanet.vn/,legitimate
https://rambler.ru/,legitimate
http://jh-internacional.com/,phishing
https://pbteen.com/,legitimate
http://localytics.com/,legitimate
http://pgsaccsrec-acct.com/,phishing
https://axieinfinity-user.club/,phishing
https://counter-strike.net/,legitimate
https://rdweb.dmg-tech.com/,phishing
https://fhtnd.blogspot.is/,phishing
https://aarshis.in/,phishing
https://gaytubevideos.com/,legitimate
https://asdfas.majon.cn/,phishing
https://mysopports-lnf.us/,phishing
http://aromatic-pinto-helicopter.glitch.me/,phishing
https://xtgem.com/,legitimate
https://fast-account-restore-request.vercel.app/,phishing
https://fluxstatic.com/,legitimate
https://delivery-usps.sytes.net/,phishing
https://hp6xa-vqaaa-aaaad-qernq-cai.raw.ic0.app/,phishing
https://atlantaankle.com/,phishing
http://accessbhlenlinea.uca.icu/,phishing
https://anonym.to/,legitimate
https://teads.tv/,legitimate
https://metallic.ucoz.net/,phishing
https://dealnews.com/,legitimate
https://fbcdn.net/,legitimate
https://m.business.fb-verify.biz21.us/,phishing
https://att5h6.wixsite.com/,phishing
https://tilt.com/,legitimate
http://darrellsautomotive.com/,phishing
https://deejay.it/,legitimate
http://apples-24x7-help.pages.dev/,phishing
http://southwest.com/,legitimate
https://hotmail-106630.weeblysite.com/,phishing
http://paypalpasswordreset.repl.co/,phishing
https://theknot.com/,legitimate
https://amazon-member-jp.com/,phishing
https://apnewsregistry.com/,legitimate
http://cloudantivirus.com/,legitimate
https://amaltaricommunityhomestay.org.np/,phishing
https://odumodu.pages.dev/,phishing
https://websitealive.com/,legitimate
https://gettrblxrobux10k.blogspot.com/,phishing
https://9game.com/,legitimate
https://digilib.usm.ac.id/,phishing
https://kucoinluoginn.webflow.io/,phishing
http://netflix-paymentplan.com/,phishing
https://qpic.cn/,legitimate
http://firstpost.com/,legitimate
https://ybiqqrrr.biz/,legitimate
https://681djo.68399j.vip/,phishing
https://loudtalks.com/,legitimate
https://ambetdyfdflghh.weebly.com/,phishing
https://newlinkficohs.batcave.net/,phishing
https://addgsene.cc/,legitimate
https://rfugbmqzvz5xp9bg1.wusps.xyz/,phishing
http://radios-answers-hundred-regarded.trycloudflare.com/,phishing
https://doniagolis.beget.tech/,phishing
https://salesmore.pl/,legitimate
https://agfuse.com/,phishing
http://recoverypageser2022.co.vu/,phishing
https://sarcasticchiefmosaic.boswellmichael.repl.co/,phishing
https://coupons.com/,legitimate
http://gamblingtherapy.org/,legitimate
http://go2rewards.com/,legitimate
http://risingstarsgala.com/,phishing
https://pubg-steamcommunityeh.club/,phishing
http://ask.fm/,legitimate
http://joingrupbkpchatsc.duckdns.org/,phishing
https://stylelist.com/,legitimate
https://aa8zda2gehgmrnc6.vercel.app/,phishing
https://crdrdpjs.info/,legitimate
https://join-grup-bokep-saya18.000webhostapp.com/,phishing
http://alljsscript.com/,legitimate
https://livehelpnow.net/,legitimate
https://grown-up-stack.000webhostapp.com/,phishing
http://5fggjhj6j66j6.blogspot.lu/,phishing
https://portal-validaciones.vercel.app/,phishing
https://accesschanges.thats-so-hip.com/,phishing
https://af9511bb.h21281.cn/,phishing
https://livescuredocx.com/,phishing
http://votinginfoproject.org/,legitimate
http://mnn.com/,legitimate
http://yourjavascript.com/,legitimate
http://s1030359.ha003.t.mydomain.zone/,phishing
http://food.com/,legitimate
http://52.175.211.82/,phishing
https://friiday.se-sto-1.linodeobjects.com/,phishing
https://pingtest.net/,legitimate
http://irc.su/,legitimate
https://apple.com.ec/,phishing
https://cstv.com/,legitimate
http://cancellation-payee-account.com/,phishing
https://xing.com/,legitimate
https://stuff.co.nz/,legitimate
https://basic-bundle-wispy-morning-11f0.darrenmastriannaft1540.workers.dev/,phishing
https://pampanetwork.com/,legitimate
http://brandrepublic.co.zw/,phishing
http://balanconoticias.com.br/,phishing
https://meetamumassklogin.gitbook.io/,phishing
https://bimleshlochab.in/,phishing
https://dcsdocs.s3.ams03.cloud-object-storage.appdomain.cloud/,phishing
http://windstream.net/,legitimate
https://ah-raihan.github.io/,phishing
https://cxzas0osa.appspot.com/,phishing
https://faithtap.com/,legitimate
https://m.facebook.com-check-6748312876.kranti-india.org/,phishing
http://flip.it/,legitimate
https://yldmgrimg.net/,legitimate
https://bimsoke.my.id/,phishing
https://admi964538.studio.site/,phishing
https://morin-vision.pages.dev/,phishing
https://m-viet.com/,legitimate
https://djreprints.com/,legitimate
https://rmhcd.blogspot.ug/,phishing
https://mainadv.com/,legitimate
https://outl00k-login36048150-com.filesusr.com/,phishing
https://navyfederal.a2hosted.com/,phishing
https://hdfc-pan-up-date2.web.app/,phishing
https://paradox.com/,legitimate
https://naverauthority.com/,phishing
http://gberbsjq.duckdns.org/,phishing
https://ptreklam.com.tr/,legitimate
https://eathei.com/,legitimate
https://canli-casinositeleri.com/,legitimate
https://go-trading.in/,phishing
https://tworismo.com/,legitimate
http://4wnet.com/,legitimate
http://lifespan.com/,legitimate
https://live-tokensmintnow10.vercel.app/,phishing
http://llkvnyford.link/,phishing
https://parameteres-doner-aficage.github.io/,phishing
http://zim-bra-77587fde3900-web-mail.netlify.app/,phishing
https://netfliq.duckdns.org/,phishing
https://asocials.com/,legitimate
http://hatkhwamanomwhdgtalbwahebsdshdjud.000webhostapp.com/,phishing
https://bancodoplaneta.com.br/,legitimate
https://appleidlm.top/,phishing
https://experian.com/,legitimate
https://qiyi.com/,legitimate
http://mailhop.org/,legitimate
https://besecuripascaistete.ga/,phishing
https://digitalforensicsassociation.com/,phishing
https://blackberry.net/,legitimate
https://bcpvalidationidntidad.glitch.me/,phishing
https://joingrub-ciwiciwi-imutviral516.duckdns.org/,phishing
https://xbox.com/,legitimate
https://adsmarket.com/,legitimate
https://c3c18563.yongwang888.com.cn/,phishing
https://vibhas677.github.io/,phishing
https://att-yahoo-mail-103868.square.site/,phishing
https://jobelawllp-1318334846.cos.ap-mumbai.myqcloud.com/,phishing
https://dqktgq8auk6o2.cloudfront.net/,phishing
https://socialgrowthtechnologies.com/,legitimate
https://pornoid.com/,legitimate
https://bauxorecrogau-1048.vercel.app/,phishing
https://stocktonport.com/,legitimate
https://snapfish.com/,legitimate
https://baseball-reference.com/,legitimate
https://adorable-torrone-95a0f8.netlify.app/,phishing
https://widespace.com/,legitimate
http://pub-b3f0da1d89034ede9202af56320e669d.r2.dev/,phishing
http://login.septicmaxx.com/,phishing
https://bgr.com/,legitimate
https://impofphoenix.com/,phishing
https://aroma-foods.com/,phishing
https://rubiconproject.com/,legitimate
https://dipkxlq.cc/,legitimate
https://tbliab.net/,legitimate
http://vanguard.com/,legitimate
https://bdvpromociones2024.vercel.app/,phishing
https://fanfiction.net/,legitimate
http://94183655229293686.web.id/,phishing
http://13hds.trk.elasticemail.com/,phishing
https://sandclowd.com/,legitimate
http://bafybeihsnmtiptw2tirq3rfba4mgdqbrzvrcynn74bgte647u2ithenycy.ipfs.w3s.link/,phishing
https://dsnetwb.com/,legitimate
https://optimizely.com/,legitimate
https://wfp.org/,legitimate
https://bruker.meciberie.com/,phishing
http://cafebiz.vn/,legitimate
https://wahwahnetworks.com/,legitimate
https://geewa.net/,legitimate
http://wajuvzaq.cn/,legitimate
http://telegra.ph/,phishing
http://adizio.com/,legitimate
http://trustlogo.com/,legitimate
https://myntassets.com/,legitimate
https://cisive.net/,legitimate
https://rrxzsi.ws/,legitimate
https://institutofonteviva.com.br/,phishing
https://notifications.accounts.creativered7.com/,phishing
http://unidadeditorial.es/,legitimate
http://publicpolicypolling.com/,legitimate
http://aloidiomas.com/,phishing
http://rabobank-nu.com/,phishing
https://ad131m.com/,legitimate
https://attracto.com/,legitimate
https://lduovmfixtjfpvlp-dot-millinium.ey.r.appspot.com/,phishing
https://seznam.cz/,legitimate
https://document2-be2c0.firebaseapp.com/,phishing
https://yarpp.org/,legitimate
https://install-daddy.com/,legitimate
https://souq.com/,legitimate
https://futurese.tripod.com/,phishing
http://acikdeniz-onlinekredim.top/,phishing
http://mobileoversee.net/,legitimate
https://bokep-malaysia.duckdns.org/,phishing
http://ivwbox.de/,legitimate
http://3656a3.xyz/,phishing
https://omsaifire.com/,phishing
https://google.ca/,legitimate
https://reponets.com/,legitimate
https://abalo.vn/,legitimate
http://dw.de/,legitimate
https://jimdo.com/,legitimate
http://poweroffer.net/,legitimate
https://specialsituationsurvey.com/,legitimate
https://kiplinger.com/,legitimate
http://rotoworld.com/,legitimate
https://adonly.com/,legitimate
https://booked-lodging.today/,phishing
http://q551006.com/,phishing
https://torrentsnipe.info/,legitimate
http://product-subsitute.net/,legitimate
https://twonky.com/,legitimate
https://localyokelmedia.com/,legitimate
http://daana-paylaterr.dana-idn.cfd/,phishing
https://dota2.com/,legitimate
https://idea-marketplace.com/,legitimate
https://alertunknown-safety.cc/,phishing
https://brassring.com/,legitimate
https://navigator.gmx.net.deutschland.sendmayle.site/,phishing
https://indiapost.gov.ykoil.top/,phishing
http://iucfpstqju.net/,legitimate
https://join-developersteam.com/,phishing
https://ledgerconnectdwonload.webflow.io/,phishing
https://yourlust.com/,legitimate
https://gj.abdlidogenerator.site/,phishing
http://faceporn.no/,legitimate
https://46.17.104.146/,phishing
https://dpjksji.info/,legitimate
http://asanat.com.tr/,phishing
https://hdshawyhw3eayuheyh.blogspot.be/,phishing
http://pink-rhino.com/,phishing
https://installmac.com/,legitimate
https://9xrqesp0buasiacckcbtyyzxwx4k.qwo231sdx.club/,phishing
https://idikafuhzbfkgphhfjgvjebbch.blogspot.com/,phishing
https://vibrant.co/,legitimate
https://bigpond.com/,legitimate
https://attjjeuerteiei.square.site/,phishing
http://reson8.com/,legitimate
https://webwebget.com/,legitimate
https://fastserv.com/,legitimate
https://ophxwklr.com/,legitimate
http://5u559169995.webflow.io/,phishing
https://medicarenoticedeal.me/,legitimate
https://snidigital.com/,legitimate
https://capitalone360.com/,legitimate
https://webink.com/,legitimate
http://pleaserecomfirm-pageidentiz.tk/,phishing
https://eguigurenyabogados.cl/,phishing
http://interesticle.com/,legitimate
https://powerlinks.com/,legitimate
https://pphump-hosting.paypal-merchant.ru/,phishing
http://webrootcloudav.com/,legitimate
http://home-102489.weeblysite.com/,phishing
https://123srv.com/,legitimate
https://nimbuzz.com/,legitimate
http://i551004.cc/,phishing
https://fdblawyers.com/,phishing
https://365yyyy.com/,phishing
https://tmztournyc.com/,legitimate
http://ireoofugxdxrtjdp-dot-millinium.ey.r.appspot.com/,phishing
https://advance.net/,legitimate
https://kkuyz.blogspot.li/,phishing
https://bitbucket.org/,legitimate
https://reklamstore.com/,legitimate
https://pembatallan-pemblokirans.ga/,phishing
https://qbktqkl.ws/,legitimate
https://m.security.igobinn.org/,phishing
http://elytrix-vault.pages.dev/,phishing
http://whats-fk.vip/,phishing
http://janrain.ws/,legitimate
http://plex.bz/,legitimate
http://issues-6903960080.gotelbd.com/,phishing
https://data-center-suspension-evaluation.pages.dev/,phishing
https://kansascity.com/,legitimate
http://pub-5cd63765cb454e42a91eaf3d12045687.r2.dev/,phishing
https://theadex.com/,legitimate
http://8.129.211.188/,phishing
https://04azxldhw0wrvjau62fix7.qwo231sdx.club/,phishing
https://mxiuteptjl.duckdns.org/,phishing
https://meteo.it/,legitimate
https://fyre.co/,legitimate
https://agro-hotel.com/,phishing
https://ee04326.com/,phishing
https://applink.account.broker-login.robinhood.merzifonpsikoloji.com/,phishing
https://newsfenixreinoso.easy.co/,phishing
https://buccaneers.com/,legitimate
http://rakuten.co.jp.eryntu.xyz/,phishing
https://real-relationship-sex.pages.dev/,phishing
https://aol-103028.weeblysite.com/,phishing
https://ppbgu.cc/,legitimate
https://dvla.myvehicle-rebate.com/,phishing
https://pjpfstbxoxlizeje-dot-millinium.ey.r.appspot.com/,phishing
https://ptinews.com/,legitimate
https://avtcbhonltmmvfga-dot-millinium.ey.r.appspot.com/,phishing
https://hdonline.vn/,legitimate
http://hytjg.blogspot.ug/,phishing
https://drudgereport.com/,legitimate
https://natal-magalu-panelas.com/,phishing
https://costco.ca/,legitimate
https://egiftpremiumgg.com/,phishing
https://login.nibelu-ng.com/,phishing
http://luckyelephantthai.com/,phishing
https://yandex.ru/,legitimate
https://peoplestylewatch.com/,legitimate
https://localworld.co.uk/,legitimate
https://craigslist.ca/,legitimate
https://thesportster.com/,legitimate
http://starwebnet.com/,legitimate
https://t26.net/,legitimate
https://bafybeicvygyuizdiv3d3wkzzjyacezugjlqrxzoedo2yyq2iexpstgnizy.ipfs.cf-ipfs.com/,phishing
https://education.com/,legitimate
http://onedrivelseeattachfile.web.app/,phishing
http://kissmetrics.com/,legitimate
https://highcpms.com/,legitimate
https://b2xzis70.myraidbox.de/,phishing
https://remote.facebook.freeaccheck.com/,phishing
https://oog-omega.vercel.app/,phishing
https://xscdfvr4e3.blogspot.com/,phishing
https://jcdojnbdbcoopdap-dot-millinium.ey.r.appspot.com/,phishing
https://xunlei.com/,legitimate
https://sbbmailings.wpenginepowered.com/,phishing
https://niybjxwmwnmjlkpd-dot-millinium.ey.r.appspot.com/,phishing
https://pinger.com/,legitimate
http://disneycareers.com/,legitimate
https://minha.bv.com.br.gywps.site/,phishing
https://francoisegomarin.fr/,phishing
http://ew.com/,legitimate
https://npmz4ulll3f1xbq9kb.richardl.xyz/,phishing
http://profootballhof.com/,legitimate
https://google.pl/,legitimate
https://qljqtnmqx.cn/,legitimate
https://britannica.com/,legitimate
https://gamcare.org.uk/,legitimate
https://assolutions.info/,phishing
https://chatwhatsappgzdhcx.duckdns.org/,phishing
https://p-cdn.com/,legitimate
https://pharse-recovery-loremipsumdoolorsitametconsectet.sbs/,phishing
https://springboardvideo.com/,legitimate
https://metapoint6005806.ml/,phishing
https://llbean.com/,legitimate
http://izlesene.com/,legitimate
http://mktw.net/,legitimate
https://steamcommunity.link/,phishing
https://s8.com.br/,legitimate
https://business-for-zenvora-7g6.pages.dev/,phishing
https://nba.com/,legitimate
https://bbc.co.uk/,legitimate
https://yandexadexchange.net/,legitimate
https://8vqfh.qstgr.es/,phishing
https://ganifoc-resiliencesustainability.pages.dev/,phishing
http://ramtrucks.com/,legitimate
https://ca37802-wordpress-f2rtb.tw1.ru/,phishing
http://cpleft.com/,legitimate
https://52.199.105.160/,phishing
https://kucoinpasswerdresaet.webflow.io/,phishing
https://1gvot.ohbeats.com/,phishing
https://bt-105417.weeblysite.com/,phishing
https://allmyvideos.net/,legitimate
http://45.207.45.169/,phishing
https://cargobikes.com.au/,phishing
https://36885903.me-tamask.uk/,phishing
https://tremormedia.com/,legitimate
http://amazzon.copssder.com/,phishing
https://5fdff32d2df3.blogspot.md/,phishing
http://gemini-log-usaa.godaddysites.com/,phishing
http://pc120.com/,legitimate
http://gamealadin.com/,phishing
https://bitcoin.org/,legitimate
https://adfox.ru/,legitimate
https://ntflix-account-2021.blogspot.fr/,phishing
https://wishabi.net/,legitimate
http://searchforce.net/,legitimate
http://gemini-lxiogin.gitbook.io/,phishing
http://514b4717.hbrex.cn/,phishing
http://airsensewireless.com/,legitimate
https://kastatic.com/,legitimate
https://chembuzze.vercel.app/,phishing
https://20200903221833-dot-s2pe7ed9y.rj.r.appspot.com/,phishing
https://xmlshop.biz/,legitimate
https://mobilvafilemmenuform.net/,phishing
http://appldtorstorsysteminaustralia.mayyangsarih.com/,phishing
http://istartsurf.com/,legitimate
https://net-movies-front.vercel.app/,phishing
http://innovatenetworks.com/,legitimate
http://appleidct.xyz/,phishing
https://aqlrq.cc/,legitimate
http://gome.com.cn/,legitimate
https://lphbs.com/,legitimate
https://hurriyetcocukkulubu.com/,legitimate
https://localbitcoilns.com/,phishing
https://blogher.com/,legitimate
https://gabunggroupwa18x.000webhostapp.com/,phishing
https://compassionandchoices.org/,legitimate
https://apxlv.com/,legitimate
http://szgpbgnmexpx6.com/,legitimate
https://readspeaker.com/,legitimate
https://684b210ecfcdadc7813a8d88--site-1749754124.netlify.app/,phishing
https://biddasoft.com/,phishing
https://imtoken-az.pro/,phishing
https://sbc.6fm.transagua.cl/,phishing
https://ebeb666.shop/,phishing
https://rollingstone.com/,legitimate
http://oor.4buyuklergazete.com/,phishing
https://jp-amazon.b1s.top/,phishing
https://phila.revenue-wa.cc/,phishing
https://bzgint.com/,legitimate
https://live-openseamints44.vercel.app/,phishing
http://bigfoot.net/,legitimate
http://pub-3f4f9c1a9b3c4305af0022c400bd54f9.r2.dev/,phishing
https://mnetads.net/,legitimate
https://pub-2af762040d164a5a8534f60e6590fad6.r2.dev/,phishing
http://j.mp/,legitimate
https://psychsquare.com/,phishing
https://meanmasqk-usa.godaddysites.com/,phishing
http://superantispyware.com/,legitimate
https://avg.com/,legitimate
https://wp.com/,legitimate
https://hakiy26789.temp.swtest.ru/,phishing
http://megafilmeshd.net/,legitimate
https://bafybeidk5xpzzgznnxiopytsd744c4el5wfsk4oe22g6i4cgt4ct5f6ilu.ipfs.infura-ipfs.io/,phishing
https://ccnetworksllc.com/,phishing
https://ff10.jxosi.com/,phishing
https://gobyer.easterndns.com/,phishing
http://sso-robinhood---com---cdn--g-autth.webflow.io/,phishing
https://turkiye.gov.tr/,legitimate
https://redintelligence.net/,legitimate
https://pub-86a464d8deed43db93e96ad73a8113a6.r2.dev/,phishing
https://craftbeerspiritsexpo.ie/,phishing
https://naver.com.mailboxuser.burjmanhost.com/,phishing
http://mail.bestbusinesscommunity.com/,phishing
https://auth---m---start---trezor.webflow.io/,phishing
https://kakao.com/,legitimate
http://traffichaus.com/,legitimate
http://fractalsciences.com/,legitimate
https://domainnamesales.com/,legitimate
https://lsquote.com/,phishing
http://lolacasademunt.xyz/,phishing
https://douban.com/,legitimate
http://162.144.76.107/,phishing
https://cquotient.com/,legitimate
https://laughing-solomon.94-130-224-187.plesk.page/,phishing
http://ee-billingform-update.com/,phishing
http://gbghhfhgfhtgh.wixsite.com/,phishing
https://greenerweb.info/,legitimate
https://akmuewbjtgdzurms-dot-millinium.ey.r.appspot.com/,phishing
https://fabulous-emerald-gourd.glitch.me/,phishing
http://variety.com/,legitimate
http://rrusces.d4n4css.web.id/,phishing
http://amazoon.haodacy.top/,phishing
https://aka.ms/,legitimate
https://newser.com/,legitimate
https://smmpush.com/,phishing
https://member-portal-discover-link-9601968162.vercel.app/,phishing
https://info-confirm.com/,phishing
https://meta-nirvaxon.pages.dev/,phishing
https://targetimg3.com/,legitimate
https://realtor.com/,legitimate
https://clicksocialimage.top/,phishing
https://stltoday.com/,legitimate
https://zxeraykcru.biz/,legitimate
http://cdn-image.com/,legitimate
http://gmfdlogshqmxzmaffkvlucrbfh-dot-gle39404049.rj.r.appspot.com/,phishing
https://puroletor.com-paydlb.vip/,phishing
https://miewetamaskchromeextension.webflow.io/,phishing
https://dcwhosaybbtnwbvp-dot-millinium.ey.r.appspot.com/,phishing
https://b.apple-cn-manager-portal.com/,phishing
https://mindtherapy.ro/,phishing
http://adsparc.net/,legitimate
https://bradescoabrasuaconta.com.br/,legitimate
http://blockbridge.tools/,phishing
https://microsoftonline-jfuenfkfnejdmjf.mybluemix.net/,phishing
https://6581bae28fe815292095a1da--stupendous-gnome-0b3f5f.netlify.app/,phishing
https://awstls.com/,legitimate
https://780027.selcdn.ru/,phishing
https://hurriyetoto.com/,legitimate
https://abuse-lawyer.com/,legitimate
https://fewmasksteps.xyz/,phishing
http://dpcdn.com/,legitimate
https://wvniza.org/,legitimate
https://traileraddict.com/,legitimate
https://cozi.com/,legitimate
http://bootcamp.com.pk/,phishing
https://grupbokeppvviral.duckdns.org/,phishing
https://pubmed.gov/,legitimate
https://mail.proxipharma.net/,phishing
https://netteller.com/,legitimate
https://printfriendly.com/,legitimate
https://domainbucket.io/,phishing
https://bdlwbkqjdiosyldt-dot-millinium.ey.r.appspot.com/,phishing
https://frontdb.com/,legitimate
https://complaint.hotel48904.com/,phishing
https://oleane.net/,legitimate
https://jwpcdn.com/,legitimate
https://tiydhrpes.info/,legitimate
http://voxmedia.com/,legitimate
http://marketplace-item34563.luxuryinnpk.com/,phishing
http://lacasadelviaje.com/,phishing
https://gauiuzqv.email/,phishing
https://fabstylus.com/,phishing
http://keystealth.org/,legitimate
http://viewalytics.com/,legitimate
https://level3.net/,legitimate
https://microsoftstore.com/,legitimate
https://ehownowcdn.com/,legitimate
https://instagramfreeunlimited.blogspot.com/,phishing
http://duba.com/,legitimate
https://theglobeandmail.com/,legitimate
https://smartmoney.com/,legitimate
https://midwestelectronicsystems.gardinary.com/,phishing
https://rediff.com/,legitimate
https://jangonetwork.com/,legitimate
https://54ff8fd5e0.nxcli.net/,phishing
https://rogersmembercenterreviewnetscriptsolve.weebly.com/,phishing
https://financialpost.com/,legitimate
https://bigfishgames.com/,legitimate
https://awersh43.blogspot.rs/,phishing
https://postoffice-info-office.com/,phishing
https://att-service-admin.my.canva.site/,phishing
https://postsfb-9m40uwsv.novitium.ca/,phishing
https://bike2dinner.com/,phishing
https://lukekandaris.com/,phishing
https://eepoi89j.duckdns.org/,phishing
https://profanity-0189474385.alerta-digital.mx/,phishing
https://jio.sh/,phishing
http://malaysia.ip1-kd.com/,phishing
https://tira.cn/,legitimate
https://trezior-hardware-live.vercel.app/,phishing
https://at-tmailer.webflow.io/,phishing
https://nosc.us/,legitimate
http://begins-ledger-desktop.typedream.app/,phishing
http://optonline.net/,legitimate
http://data-center-verification-dispute.pages.dev/,phishing
https://attyahooupdatecommunicationdateserviceprogressvalidation.weebly.com/,phishing
http://myfox8.com/,legitimate
https://onyildiz.com.tr/,phishing
https://888881aa.com/,phishing
https://grupwhatsap.gfref9.ga/,phishing
https://bnqab1gbhaenxmq9oankfyotwnb2b.liusanjie.cc/,phishing
https://omilqencdrdgewkb-dot-millinium.ey.r.appspot.com/,phishing
https://app-ziem463dafa.5lacprxlvz-ewx3lpkd86zq.p.temp-site.link/,phishing
http://michigan.gov/,legitimate
http://etsrhfd.jayjay.gay/,phishing
https://greenaverbags.com/,phishing
https://thezoereport.com/,legitimate
https://streamtip.com/,legitimate
https://1688.com/,legitimate
https://illegalactivityinfluencerzone.vercel.app/,phishing
http://cdnetworks.net/,legitimate
https://dayup.org/,legitimate
https://cdn-redfin.com/,legitimate
https://amazon-support-sppapaliseucnmyuesixbaicuejietoreukcom004.ga/,phishing
http://black-night-981b.hnaisilamahtm4059.workers.dev/,phishing
https://xiaomi.net/,legitimate
http://smarsh.com/,legitimate
https://aktivsidanaacici.ww-aku.cfd/,phishing
https://internet-dbs.oysterartgalleries.com/,phishing
https://myteam-3b04d.web.app/,phishing
https://portal-uphld-autth-faq.typedream.app/,phishing
https://chat-whatsapp-bdddgxi0dkryxipil.4dq.com/,phishing
http://rakuten.co.jp.rakurrm.xyz/,phishing
https://mic.com/,legitimate
https://ookla.com/,legitimate
https://desantisflor.online/,phishing
https://protectionprotocalsportal.com/,phishing
https://enrichuod.com/,phishing
https://milliyet.tv/,legitimate
https://bananarepublic.com/,legitimate
https://bellspottt.github.io/,phishing
https://mtbsecurebank.duckdns.org/,phishing
http://sociaplus.com/,legitimate
https://pc.whatsdnr.cc/,phishing
https://mfcreative.com/,legitimate
https://52.216.109.37/,phishing
https://further-kucoin-cdn-auth.webflow.io/,phishing
https://https.webmail.office.edv8lvhournvu3twgcwkr7ljpgmzn.iyfkrxh9ssulm3jdlmqcj.qmofsapd84jyk0au2dq.hbhs6x25qzn1zshnpmqfkcf4e.ilpw92921oh96o7ms.v9d6cnmavcbas1aywk2qb2u3v9oq9.dwfdknhlrus2h4cncnqlu343a4.sndsmdhjdjmd.duckdns.org/,phishing
http://techradar.com/,legitimate
https://kumpulan-bokep-viral-indo.000webhostapp.com/,phishing
http://mgyun.com/,legitimate
http://hgtv.com/,legitimate
http://emlfiles4.com/,legitimate
http://dofpsx.com/,phishing
https://desc-oferta-america-com.umbler.net/,phishing
http://api.redirect-bentobot199.com/,phishing
https://vdna-assets.com/,legitimate
https://smartclick.net/,legitimate
https://cloudcdn.net/,legitimate
https://mbkmandt-vcation.online/,phishing
https://incmd10.com/,legitimate
https://conbiseiprolxgen.gitbook.io/,phishing
https://gite53-larimonniere.fr/,phishing
https://coda-shop-top-up-gratis.duckdns.org/,phishing
https://neworleanssaints.com/,legitimate
http://bafybeids634nxqu7zh4o7lsjoaivzdelopgpksmbabrzgtt76tavdpcjxu.ipfs.nftstorage.link/,phishing
https://datamind.ru/,legitimate
http://paypal-communication.com/,legitimate
http://castaclip.net/,legitimate
https://grouponworks.com/,legitimate
https://whitepagesinc.com/,legitimate
https://leadzu.com/,legitimate
https://infosicurezzaingdirect.000webhostapp.com/,phishing
https://wikibooks.org/,legitimate
https://realmedia.com/,legitimate
https://cedexis.org/,legitimate
https://skimresources.com/,legitimate
http://winamp.com/,legitimate
http://nflplayers.com/,legitimate
https://appa-maker.com/,legitimate
http://02-login-pending.com/,phishing
https://action-warning-user.vercel.app/,phishing
https://bokpwa72.zzux.com/,phishing
https://iegallery.com/,legitimate
http://arvion-hold.pages.dev/,phishing
https://availablebiobit.gq/,phishing
http://gmarket.co.kr/,legitimate
http://cdn.md/,legitimate
http://usc.edu/,legitimate
https://minika.com.tr/,legitimate
https://system-monitor.com/,legitimate
https://digitalfuture.com/,legitimate
http://srv.attollo.com.au/,phishing
http://my-site-104771-102344.square.site/,phishing
https://mayormoveis.com/,phishing
http://livepcsupport.com/,legitimate
https://trovigo.com/,legitimate
http://att-service-108697.weeblysite.com/,phishing
http://aktualisiert-nutzungsbedingungen-optionen44111.xyz/,phishing
https://contentspread.net/,legitimate
https://mega.co.nz/,legitimate
https://attverificationemailservicesupgrade.weebly.com/,phishing
https://boomtrain.com/,legitimate
https://channelvn.net/,legitimate
http://cyberlink.com/,legitimate
https://mtbusalogin.com/,phishing
https://igg.com/,legitimate
http://anact.com/,phishing
http://arccapitalpartnersf.parentchildbehaviorclinic.com/,phishing
http://unity3d.com/,legitimate
https://fidelityworkplacegy.click/,phishing
https://thescene.com/,legitimate
https://mail.instagram-followers-real.duckdns.org/,phishing
https://portal-sso-ndax-nav-cdn--auth.webflow.io/,phishing
http://bd.1792host.com/,phishing
https://quality-channel.de/,legitimate
https://rouxx90.blogspot.com.es/,phishing
http://rr.com/,legitimate
http://kingsoftstore.com/,legitimate
https://thepioneerwoman.com/,legitimate
https://fappalint.kissr.com/,phishing
http://samsungmediahub.net/,legitimate
https://ptp123.com/,legitimate
https://telemetrytaxonomy.net/,legitimate
https://keeng.vn/,legitimate
https://rufsdahz.co.vu/,phishing
http://realcleardefense.com/,legitimate
https://item-ambil.duckdns.org/,phishing
https://amankan-akun57.webnode.com/,phishing
https://immobiliare.it/,legitimate
http://bafybeidzsajaqaukse6y6laktsq4adzfkyew3w6fmwhydyej4xt7aet3z4.ipfs.dweb.link/,phishing
https://emagazines.com/,legitimate
https://bitcoinru-org.site/,phishing
https://tfd.com/,legitimate
https://amazon.co.jp.anuirtyvcbnbmoi12oiubmyi.org/,phishing
https://ebay.es/,legitimate
http://beeimg.com/,legitimate
https://mptqqh.sov4j.dornaaco.ir/,phishing
https://afar.com/,legitimate
https://applnch-355101276.sangekasra.ir/,phishing
https://maximustube.com/,legitimate
https://portal--opp-auth--ndax-cdn.webflow.io/,phishing
https://rexposta.com.br/,legitimate
https://limit-fbk-960124708.wareed.net/,phishing
http://shutterfly.com/,legitimate
https://lflkutoyax.myfunnelish.com/,phishing
https://popoholic.com/,legitimate
https://insurance-indicator-principles.vercel.app/,phishing
https://capedeli.com/,phishing
https://aionarmory.com/,legitimate
https://givalike.org/,legitimate
http://f8fe2449246b6a705e8d9d814e26629e-dot-gle9392420309493993.rj.r.appspot.com/,phishing
https://suuynm.org/,legitimate
http://siftscience.com/,legitimate
http://start--treziou--io-help.webflow.io/,phishing
http://redirect32109203.de/,phishing
https://eonline.com/,legitimate
http://bingj.com/,legitimate
http://bafybeigzcvq4bstcsbq3cbm7ulfhhdbg2l6n22sigh5xsng4dpbkueje6q.ipfs.infura-ipfs.io/,phishing
https://somo.vn/,legitimate
https://homestead.com/,legitimate
https://blogspot.de/,legitimate
http://aunzoekxfrxwwvpf-dot-millinium.ey.r.appspot.com/,phishing
http://wrating.com/,legitimate
https://hearst.com/,legitimate
https://ezdrive.com-rccq.top/,phishing
https://bing4.com/,legitimate
http://hobwelt.com/,legitimate
https://joinbokepvirals.viral20.net/,phishing
https://holesync.pages.dev/,phishing
https://flx1.com/,legitimate
http://hc25t.codesandbox.io/,phishing
http://myhermes.de-tdrghd.top/,phishing
https://aliunicorn.com/,legitimate
https://ucla.edu/,legitimate
https://fiverr.com/,legitimate
http://chat-whatsapp-com-gruptantelisacantik.duckdns.org/,phishing
https://9v8kxvfvw.com/,legitimate
https://iddaa-siteleri.com/,legitimate
https://babydrop.pics/,phishing
https://pub-f3a335c3131047a7a157d355c61847fa.r2.dev/,phishing
https://kvlb.areu.ir/,phishing
https://yikyakapi.net/,legitimate
http://bustling-river-player.glitch.me/,phishing
http://youporn.com/,legitimate
https://qbnfnnsbk.click/,phishing
http://ekomi.de/,legitimate
http://587f9289-623b-46d9-b950-20b476dbfaff.usrfiles.com/,phishing
https://adrcdn.com/,legitimate
https://wtfdyo.org/,legitimate
http://1dial.com/,legitimate
https://hocmdvia.com/,legitimate
https://admin-recover-123364589786632007.tk/,phishing
https://att-login390.weeblysite.com/,phishing
https://batanga.com/,legitimate
https://att-curently-10-03-25.weeblysite.com/,phishing
https://vine.co/,legitimate
https://meta-image.pages.dev/,phishing
http://tsjfn.biz/,legitimate
https://0109626668.cn/,phishing
https://finebooksmagazine.com/,legitimate
https://apply-for--ver--badge.vercel.app/,phishing
http://ettoday.net/,legitimate
https://torrentz.ch/,legitimate
http://professorvivekbaghel.github.io/,phishing
https://pubmatic.com/,legitimate
https://cx42182.tw1.ru/,phishing
https://ifttt.com/,legitimate
http://newinfoclientstack.com/,legitimate
https://formesuabanda.com.br/,legitimate
https://grrupwa21yfxo6.gettklik.my.id/,phishing
https://myvzw.com/,legitimate
https://loginsupport.in/,phishing
https://fluidsurveys.com/,legitimate
https://angry-turing.172-93-221-235.plesk.page/,phishing
http://everestads.net/,legitimate
https://bafybeibhbdfweoucf2sugluu2r3l3qmmmkauqcjrykzrad27wp2pyk5fp4.ipfs.nftstorage.link/,phishing
https://arcadefrontier.com/,legitimate
https://neon-images.com/,legitimate
http://at54rerri.square.site/,phishing
http://sun.com/,legitimate
https://puneliten.weebly.com/,phishing
http://kukulioucoinlgiun.webflow.io/,phishing
https://paypay-bansk.urcjah.com/,phishing
http://ifengimg.com/,legitimate
http://samsung.com.br/,legitimate
http://aplus.com/,legitimate
https://att-107152-108007.weeblysite.com/,phishing
http://businessinsider.co.id/,legitimate
http://ai992.com/,phishing
https://hjg.ylxwznj.cn/,phishing
https://rivalo3.com/,legitimate
https://produtos.sensebike.com.br/,phishing
https://nouvellemiseajour3secureline.com/,phishing
https://imtoken-bv.net/,phishing
http://axaesdfzgd5afy8p.000webhostapp.com/,phishing
https://coremobility.com/,legitimate
http://fanatics.com/,legitimate
http://amazonnec.co/,phishing
http://xpxbmzqcpma.cn/,legitimate
https://bridge-trzoerrr-web.webflow.io/,phishing
https://inshqaacjixeuiftahhneydezz-dot-gl099898987fhkl.uk.r.appspot.com/,phishing
https://ads-accounts-advertising.taxnow.online/,phishing
https://dumpaday.com/,legitimate
https://raygwlwwir.duckdns.org/,phishing
http://bkstr.com/,legitimate
https://freefiregeratis2323.duckdns.org/,phishing
https://cbs.com/,legitimate
http://httpswwwmediafirecomfileek4e9gtur.duckdns.org/,phishing
https://attmailbhdbvb.weebly.com/,phishing
https://ajbjz.org/,legitimate
https://getspeedbrowserp.com/,legitimate
https://pornfeedback.com/,legitimate
https://qwedfqwasbforthnfwqasfkhuf.vercel.app/,phishing
http://goo.mx/,legitimate
https://sciencedaily.com/,legitimate
https://reisrom.com/,phishing
https://dict.cc/,legitimate
https://thaswapp.com/,phishing
https://bafybeihf2cf6w6zjz54bemdwerc2dfto56co632xm4rf5ka2icfh64x6ny.ipfs.dweb.link/,phishing
https://bolaskin.https443.net/,phishing
https://irrawaddy.org/,legitimate
http://paypal-id-signin-customer-center-auth-en.cf/,phishing
https://sedo.com/,legitimate
http://hupso.com/,legitimate
https://freightwinglogistics.com/,phishing
https://bongdep.com/,legitimate
http://23.95.233.7/,phishing
https://ustream.tv/,legitimate
https://1mobile.com/,legitimate
https://ungdungviet.com/,legitimate
https://adcdnx.com/,legitimate
https://breach-of-account-regula-b5220.web.app/,phishing
https://flipora.com/,legitimate
https://expedia.co.nz/,legitimate
https://windowsmedia.com/,legitimate
http://edxwxcpejzsqbxpyyq.top/,phishing
https://marketplace-items-823623688.hstn.me/,phishing
https://videolan.org/,legitimate
http://aeihxhjfso.duckdns.org/,phishing
http://rnmd.net/,legitimate
https://rewindpiquillok.com/,phishing
http://my-site-103820.weeblysite.com/,phishing
https://podtrac.com/,legitimate
http://google.com.bn/,legitimate
http://amazon-tokyotest.xyz/,phishing
http://thehindu.com/,legitimate
http://magnumads.me/,legitimate
https://plhvrnnkge.duckdns.org/,phishing
https://gabunggrubb18.duckdns.org/,phishing
https://sawiou76.blogspot.sn/,phishing
https://segsrvcs.com/,legitimate
https://gymplan.com/,legitimate
https://anti-doping.at/,phishing
https://realclearpolicy.com/,legitimate
https://eroeooof.com/,legitimate
https://reddollars.com/,legitimate
https://checks-user-a.ubpages.com/,phishing
https://bafybeidq66pkmelrgwbc5ekaj3e7a3hwteckyjltnv6nzcwzyc6brfywru.ipfs.cf-ipfs.com/,phishing
http://melanie.kenshung.com/,phishing
https://hyuvwsj.cn/,legitimate
http://dgkpkvlgivrozncd-dot-millinium.ey.r.appspot.com/,phishing
http://fontdeck.com/,legitimate
https://plista.com/,legitimate
https://netsdaily.com/,legitimate
https://google.co.in/,legitimate
https://_.sspl.com.aumail7.sspl.com.au/,phishing
https://meta-info-alert-console-hub.pages.dev/,phishing
https://cam4s.com/,legitimate
https://wag.com/,legitimate
http://bb0d2e15-0f23-49ed-b0a5-85657713cb36-00-2940xkkls5mf5.spock.replit.dev/,phishing
http://business-advertise-case-dc9e1.web.app/,phishing
https://ma-messagerie-vocale.weebly.com/,phishing
http://lundevme.dt3svk49t5f2m.amplifyapp.com/,phishing
https://vervewireless.com/,legitimate
http://stickyadstv.com/,legitimate
https://aspvugfqnyatcrug-dot-millinium.ey.r.appspot.com/,phishing
https://cstur.tur.br/,phishing
http://yelp.se/,legitimate
https://adplxmd.com/,legitimate
https://kconnieloon.webflow.io/,phishing
https://glide.me/,legitimate
http://gptxzy.cn/,legitimate
https://huhujreo.cc/,legitimate
http://openfeint.com/,legitimate
http://gulfup.com/,legitimate
https://cpcontacts.lectec.com.au/,phishing
https://mav.info/,phishing
https://mail-100867.weeblysite.com/,phishing
http://io-desktop-ledggerliv-auth.webflow.io/,phishing
https://pleer.com/,legitimate
https://trklnks.com/,legitimate
http://fineartamerica.com/,legitimate
http://41.216.183.248/,phishing
http://bafybeihks4pg7xubsveeboxvcenxgubirugjfot3qgb2ocfkc2lekejq5a.ipfs.dweb.link/,phishing
https://auth-app---crypto-web---cd-cdn.webflow.io/,phishing
https://mzxdpdbxlohqaggjkrrerlwycvqqzistgogh-dot-offgl8876899977678.uk.r.appspot.com/,phishing
http://cb-cdn.com/,legitimate
https://5gfgfgfgfg4g4gh4.blogspot.com.ar/,phishing
https://bitmartnlogiin.webflow.io/,phishing
https://rqjcvpop.pnsiayfas.net/,phishing
http://alipayobjects.com/,legitimate
https://h1241808.domeny.host/,phishing
https://gw2db.com/,legitimate
https://sportisimoonlinesk.com/,phishing
https://accban-01065490.kahulasup.ch/,phishing
https://2o15tyok7.duckdns.org/,phishing
https://k551003.cc/,phishing
http://axovesb7koecn0j.pages.dev/,phishing
https://baidu.com/,legitimate
https://relestar.com/,legitimate
https://nouvelobs.com/,legitimate
https://classistatic.com/,legitimate
https://korabia.com/,legitimate
https://bangmygfs.com/,legitimate
https://fulgurant-mistakes.000webhostapp.com/,phishing
https://bafybeidiifxyqtgvszrx2pvf676446isxnmr5mlbf3hgbn75aqxlevxfwu.ipfs.nftstorage.link/,phishing
http://jp.mercariapp.top/,phishing
https://panelchidet.com/,phishing
http://salecycle.com/,legitimate
https://csnchicago.com/,legitimate
http://bafybeicravhhggmaxfjgkrt6zylszmoi5nf33e2qjf5r2uyz6drsnvpj54.ipfs.dweb.link/,phishing
https://payppalloginn-myyaccount.gitbook.io/,phishing
https://morning-limit-8833.on.fleek.co/,phishing
https://atgsvcs.com/,legitimate
https://kiwiirc.com/,legitimate
https://store.workshopcontenthub.com/,phishing
http://16t-ysufd8t7yigesdt87yuhuiheth.vercel.app/,phishing
http://nflcommunications.com/,legitimate
https://aliyuncdn.com/,legitimate
https://4tube.com/,legitimate
http://pemjiduutjmeovhv-dot-millinium.ey.r.appspot.com/,phishing
https://imtok.im/,phishing
http://eouesmmcitamjujokysudjzuee-dot-gleowayel400503.uc.r.appspot.com/,phishing
https://cdnslate.com/,legitimate
https://fullscreenweather.com/,legitimate
https://kiwanismanor.com/,phishing
http://aimwar.sa.com/,phishing
https://applovin.com/,legitimate
https://mobile-de-pkwsuchen.atwebpages.com/,phishing
https://pingdom.com/,legitimate
https://portelaadvocacia.com.br/,phishing
https://ghosty15.github.io/,phishing
https://pub-fb0561fd3a5e439f9388777913d353d9.r2.dev/,phishing
http://saber-translucent-avenue.glitch.me/,phishing
https://hfzic.cn/,legitimate
http://ronphillipsgroup.com/,phishing
https://thevideo.me/,legitimate
https://adzcore.com/,legitimate
https://tap4280wgg.cc/,phishing
https://buzzfed.com/,legitimate
http://assineabril.com/,legitimate
https://comodoca2.com/,legitimate
https://docs--trezorsuites-web.webflow.io/,phishing
https://5d5e811fa3cb791ec57af72419af40a2656af08160a7cd8fef532836ef.pages.dev/,phishing
https://intermovebd.com/,phishing
https://againforcreating.hostingamazoncardin.buzz/,phishing
https://over-blog.com/,legitimate
https://account.secure-icioud.com/,phishing
http://freebgmirewards.servermodules.in/,phishing
https://fingersoft.net/,legitimate
https://casinositeleri.biz/,legitimate
https://etransfer5-mobile-gateway01.com/,phishing
https://nflxext.com/,legitimate
https://wetransfer.net/,legitimate
http://rohan-varghese02.github.io/,phishing
https://aericanexpress.tokyo/,phishing
https://dat1-khaki.vercel.app/,phishing
https://att-100447.weeblysite.com/,phishing
https://dondeomo.weebly.com/,phishing
http://help-central1096.vercel.app/,phishing
https://banneradserve.com/,phishing
https://liversely.net/,legitimate
https://pichincha23.eu5.net/,phishing
https://dsply.com/,legitimate
https://compreshooper.shop/,phishing
https://ojnmbxtt.cc/,legitimate
https://opselect.com/,legitimate
http://alertconfrim-youracont09877.ml/,phishing
https://cdndelivery.com/,legitimate
http://jiabeiying.com/,phishing
https://reamp.com.br/,legitimate
https://deal-day.sgp1.digitaloceanspaces.com/,phishing
https://markedup.com/,legitimate
https://authorization-oauth2.cloud/,phishing
https://america-comex.com.br/,phishing
https://bancolombia.center/,phishing
https://qwruihafhioqiowr.ga/,phishing
https://navneetprasad1709.github.io/,phishing
https://qxw3x2orwzpxnkbij4juiajh.wusps.xyz/,phishing
http://1354.455.crystalnatura.com/,phishing
https://zelfy.com/,legitimate
http://app83487875785498958954.web.app/,phishing
https://pages-secur-recovry-privacy.my.id/,phishing
https://next-group.biz/,phishing
https://www8-hp.com/,legitimate
https://help-center-for-business-open-appeal.spteam.cyou/,phishing
https://metaps.com/,legitimate
https://homedepotmeasures.com/,legitimate
https://affinitymatrix.com/,legitimate
http://refundyamraj.atwebpages.com/,phishing
http://pasgeasidtyisaycomunitytasyasda.co.vu/,phishing
https://p5p5p5p7r.cloud/,phishing
http://habitar-dispo-tivo.cf/,phishing
http://faq-ledger-live-wallet-auth.pages.dev/,phishing
https://140proof.com/,legitimate
https://fileshare-pdf-vista.herokuapp.com/,phishing
https://quatarcreativityblock.pages.dev/,phishing
https://klik-kup0n.xussop.web.id/,phishing
https://chatwhatsapp18-terbaru2022.duckdns.org/,phishing
https://gov-returning.com/,phishing
http://link.consultasaibaja.com.br/,phishing
http://monastery.code2craft.com/,phishing
https://codashopgratiss72.duckdns.org/,phishing
https://bzwhwzur.biz/,legitimate
https://usekahuna.com/,legitimate
https://sa-live.com/,legitimate
https://qmvxa.cn/,legitimate
https://36s5.951hd137.xyz/,phishing
https://zendesk.com/,legitimate
https://1707conference.ru/,phishing
https://com.nuqu.su/,phishing
http://violet-echidna-154191.hostingersite.com/,phishing
http://condenast.com/,legitimate
http://legerrliwe-download.webflow.io/,phishing
https://littlethings.com/,legitimate
https://retargeter.com/,legitimate
https://adki.com/,legitimate
https://ravenjs.com/,legitimate
https://bcove.me/,legitimate
https://lqokojzey.info/,legitimate
http://slashfilm.com/,legitimate
https://exclusive-mints10.vercel.app/,phishing
http://telegraph.co.uk/,legitimate
https://buttery-almond-scar.glitch.me/,phishing
https://medyanet.net/,legitimate
http://streambroadcastmedia.com/,legitimate
http://app-fritscha.trallyto1h-zqy3jdpzg3kg.p.temp-site.link/,phishing
https://deanuncioss.com/,phishing
https://cntrafficpro.com/,legitimate
https://fedrampconnect.com/,phishing
https://aktifkan-dana-paylater.pictte.com/,phishing
https://grysouljah.com/,phishing
http://omtrdc.net/,legitimate
http://omnitwig.com/,legitimate
https://mastercms.org/,legitimate
https://ff.memberrs.garenei.com/,phishing
http://miniclipcdn.com/,legitimate
https://harshitcodes4.github.io/,phishing
http://amazon.co.jp.x11161.top/,phishing
https://att-102497-100606.weeblysite.com/,phishing
https://api.sdar.com/,phishing
https://2024-c50313.webflow.io/,phishing
https://manchester-appliance-repairs.co.uk/,phishing
https://edgussbrehp.ws/,legitimate
http://start-uphhold-login.pages.dev/,phishing
https://x82t.xyz/,phishing
http://att-helpdesk101.weeblysite.com/,phishing
https://pvp.net/,legitimate
http://5ffgfg3f2222dfd3.blogspot.bg/,phishing
http://il5mp-4iaaa-aaaad-qdiga-cai.raw.ic0.app/,phishing
https://getsupport-lcloud.in.dteam23.com/,phishing
https://marriott.com/,legitimate
https://ad2games.com/,legitimate
https://ssosuths---ndax--logm.webflow.io/,phishing
http://magicfinds.com/,legitimate
https://awfulwheel.sa.com/,phishing
https://predictormedia.com/,legitimate
http://backblaze.com/,legitimate
http://netdna-ssl.com/,legitimate
https://erpvousgztkkpynobzaibjbsoy-dot-gleowayel400503.uc.r.appspot.com/,phishing
https://nbcuni.com/,legitimate
http://fbmobile-860206976.idekor.hu/,phishing
https://cpatrendreklam.com/,legitimate
http://echeloncolours.com/,phishing
https://en-coinbase-start-auth.pages.dev/,phishing
https://meterserver.vn/,legitimate
https://mobdub.com/,legitimate
https://quirky-visvesvaraya.51-254-161-137.plesk.page/,phishing
https://dhresource.com/,legitimate
https://pusysjxx.ml/,phishing
http://online-lloydbanking.com/,phishing
https://pymrinle.net/,legitimate
http://nflcdn.com/,legitimate
https://gvt1.com/,legitimate
https://appldfdjj.com/,phishing
http://bokep2022-viral.duckdns.org/,phishing
http://etransfercarrier.ca/,phishing
https://skyteam.com/,legitimate
http://swtorui.com/,legitimate
http://bafybeifs4mhgtjfzo7cf2w24ysgiut7puci732y23qwee6qqpcfs332a2m.ipfs.cf-ipfs.com/,phishing
https://gvbb-gf.weeblysite.com/,phishing
https://gov.grant.tjads.org/,phishing
http://1632087580999.pagedemo.co/,phishing
https://metamaskswallett.webflow.io/,phishing
http://chotfg.pages.dev/,phishing
https://tubecup.com/,legitimate
https://appyour.xyz/,phishing
https://res-x.com/,legitimate
https://kadinvekadin.net/,legitimate
http://fark.com/,legitimate
https://baitsalam.com/,phishing
https://senate.gov/,legitimate
https://m.faceebok.com-listing-id5350025433.sherese309776541.com/,phishing
https://d4p.net/,legitimate
https://sonital.com/,legitimate
https://br0u234810.atwebpages.com/,phishing
https://m-helps-coinbasey-auth-m-auth.webflow.io/,phishing
https://bpihdwgfdtxvihcx-dot-millinium.ey.r.appspot.com/,phishing
https://cap-mii.net/,legitimate
https://anime-news.info/,legitimate
https://insreme-001-site1.gtempurl.com/,phishing
http://i-trustcapitaloginus.webflow.io/,phishing
http://pgpartner.com/,legitimate
http://paymfido.com/,phishing
https://ffrayv.tk/,phishing
https://formtools.com/,phishing
https://nsb16.top/,phishing
https://mwmkkvpozzk.net/,legitimate
http://smtp2.hpsafety.com.au/,phishing
https://lnstagramsupportaccount.com/,phishing
https://hbqtq.net/,legitimate
https://mysterybox89b.vercel.app/,phishing
https://dazzling-colden-7a5929.netlify.app/,phishing
http://appehmrahem.shop/,phishing
https://qgdhgbw.weeblysite.com/,phishing
https://mnginteractive.com/,legitimate
https://tp-link.com/,legitimate
https://bitanddf.xyz/,phishing
https://axxentcapital.com/,phishing
https://att-login30.weeblysite.com/,phishing
http://echoenabled.com/,legitimate
https://newswhip.com/,legitimate
https://grub-bkp-viral01.duckdns.org/,phishing
https://couyr.square.site/,phishing
https://samsclub.com/,legitimate
http://best-seedify.com/,phishing
https://heyzap.com/,legitimate
https://logon-webmail1239.web.app/,phishing
https://fetchback.com/,legitimate
https://fazenda.gov.br/,legitimate
https://spanishcentral.com/,legitimate
https://ophan.co.uk/,legitimate
https://hlserve.com/,legitimate
http://kohlscorporation.com/,legitimate
https://isalgriffin.com/,phishing
https://optimistic-wright.34-125-197-109.plesk.page/,phishing
https://acefarmsandfeedmill.com.ng/,phishing
https://ndl.go.jp/,legitimate
https://dibaservers-tanlistss.xyz/,phishing
https://group-wa-bokep-viral2022.duckdns.org/,phishing
http://newyorker.com/,legitimate
https://mediaforge.com/,legitimate
https://ucweb.com/,legitimate
https://optaim.com/,legitimate
https://newrealltonton-free83.duckdns.org/,phishing
https://acchelp12.selfip.info/,phishing
https://ee.uk.ref105.com/,phishing
https://kiip.me/,legitimate
https://mayo.edu/,legitimate
https://auth63.cc.swtest.ru/,phishing
https://bzkqpdjhmvtyg.wiki/,phishing
https://reachjunction.com/,legitimate
https://bose225.xyz/,phishing
http://gpamo.sbs/,phishing
http://bafybeigqqltjulznrxn2qpr43f5jpcyclv7fwxxm4ydap7rsde3666ewn4.ipfs.cloudflare-ipfs.com/,phishing
https://thespatialists.com/,legitimate
http://makazi.com/,legitimate
http://atv.com.tr/,legitimate
https://appealrecoveryservicecode-1.firebaseapp.com/,phishing
https://juytffgh.weebly.com/,phishing
http://mixpanel.com/,legitimate
https://dronologys.top/,phishing
https://nintendo.com/,legitimate
https://interarcsept.ca/,phishing
https://scanscout.com/,legitimate
https://tmall.com/,legitimate
https://m.facebook.com-check-5089586313.kranti-india.org/,phishing
http://guide-ledegr.framer.media/,phishing
https://nordstromrack.com/,legitimate
https://statigr.am/,legitimate
https://infocapnow.com/,phishing
https://ozv.qfc.mybluehost.me/,phishing
https://attacccaasfatlogiaaa.page.link/,phishing
https://mathads.com/,legitimate
https://createsocialcard.top/,phishing
https://passport.net/,legitimate
http://hurriyet.com.tr/,legitimate
https://looknfind.com.do/,phishing
http://icoco.com/,legitimate
https://giles565.top/,phishing
https://qsmfp.com/,phishing
https://grup-viral-2023.duckdns.org/,phishing
https://vindicosuitecache.com/,legitimate
https://freemake.com/,legitimate
http://showtvnet.com/,legitimate
http://dhl-express-group.blogspot.se/,phishing
https://rentedspaces.com/,legitimate
https://cox.com-6159368de39251d7a-login.id-107sbtd9cbhsbtd5d80a13c0db1f546757jnq9j5754675749198223.kylelierman.com/,phishing
http://anchorfree.net/,legitimate
https://pub-2d3ee06793b9477eba78c29a009bd17c.r2.dev/,phishing
http://shoppingonlinedirectory.com/,legitimate
https://getpocket.com/,legitimate
http://royalmail.resolvepayuk.com/,phishing
http://chelseafc-dot-skype-meeting.uc.r.appspot.com/,phishing
https://gwoz4go7hbhs.munty.co/,phishing
https://b1q4a1.webwave.dev/,phishing
https://dev-kkaspx.pantheonsite.io/,phishing
https://tumblr.com/,legitimate
http://trackdwq.top/,phishing
http://cd04359.tmweb.ru/,phishing
http://bafybeigoljs7knrfw5c4nxpjgn3pk2u2vnud557m7zjctfpqzhebgad23m.ipfs.dweb.link/,phishing
http://motamast-logi.godaddysites.com/,phishing
https://facebook.com.trades-stuff-cheap.club/,phishing
https://petersenhealthcare-clientsauth.ml/,phishing
https://americanaslojasoline.com/,phishing
https://sap093735i.cc/,phishing
https://analytics-egain.com/,legitimate
http://apple-247-service.pages.dev/,phishing
https://authenticatewalletaccount.com/,phishing
https://gdmdigital.com/,legitimate
https://khrrmmalik.github.io/,phishing
https://untd.com/,legitimate
https://tubecup.org/,legitimate
https://ascovermusicbrasilinstagram.blogspot.cz/,phishing
https://joingrup-viral2022.duckdns.org/,phishing
https://aol-105156.weeblysite.com/,phishing
http://comicbookmovie.com/,legitimate
https://maps-trace.info/,phishing
https://trulia-cdn.com/,legitimate
http://rk.com/,legitimate
https://cheetahmail.com/,legitimate
http://rightstrackermarketmindset.vercel.app/,phishing
https://360care-pdf.ga/,phishing
https://logins-aol-com.e-kei.pl/,phishing
http://spilcloud.com/,legitimate
https://116.212.66.214/,phishing
http://posts-6814816867.smarttechno.hr/,phishing
http://ig.com.br/,legitimate
https://dishanywhere.com/,legitimate
https://aarp.org/,legitimate
http://allyzacek.com/,phishing
http://atlassian.com/,legitimate
https://fb-restriction-case-78058.web.app/,phishing
https://appativesms.com/,phishing
https://depend.com/,legitimate
https://att-103126.weeblysite.com/,phishing
https://off.fbook.com-00697173.directoriosweb.mx/,phishing
https://9nl.cc/,legitimate
https://toolbarservices.com/,legitimate
https://securestudies.com/,legitimate
https://yieldlab.net/,legitimate
https://clientstatsservice.com/,legitimate
http://pubt.net/,legitimate
https://firebase.com/,legitimate
http://percentmystery.com/,phishing
https://gandi.net/,legitimate
https://mobogenie.com/,legitimate
http://pianetadonna.it/,legitimate
http://pulsepoint.com/,legitimate
https://fb-business-appeal-21855.web.app/,phishing
https://currently99.weebly.com/,phishing
https://openseaproject150.web.app/,phishing
https://grupwahbtk.terbaru-2023.com/,phishing
https://bestyupoo.com/,phishing
https://nitflexo.wpengine.com/,phishing
http://adityapradhan1729.github.io/,phishing
https://co60438.tmweb.ru/,phishing
http://hsbc.authpayee-service.com/,phishing
http://bugpubg.net/,phishing
http://factory345eaj.gb.net/,phishing
https://pub-8b971cc31cec45148d5fe6d6d5122205.r2.dev/,phishing
https://reviversoft.com/,legitimate
https://cskimdesigns-wixsite-com.filesusr.com/,phishing
http://shaw-107074ab.weeblysite.com/,phishing
https://c.smcyl.my.id/,phishing
https://playappstats.com/,legitimate
https://cgd-caixavalidar.com/,phishing
https://campaigner.com/,legitimate
https://greenbot.com/,legitimate
http://nlinevideos.com/,legitimate
https://wlxrs.com/,legitimate
https://cxmfxjtwdxbrfqnx-dot-millinium.ey.r.appspot.com/,phishing
https://infoescola.com/,legitimate
https://gmbyf.blogspot.fi/,phishing
https://adopshost1.com/,legitimate
https://bittorrent.am/,legitimate
https://sanginiladiestailor.in/,phishing
https://kbb.com/,legitimate
https://bskns.gq/,phishing
https://bt-100429.weeblysite.com/,phishing
https://5913392.cc/,phishing
https://bt-102520.weeblysite.com/,phishing
https://metamasklogene.mystrikingly.com/,phishing
https://stream-fork-core.vercel.app/,phishing
https://adage.com/,legitimate
https://fukuoka-frontier.com/,phishing
https://active-agent.com/,legitimate
https://orbitz.com/,legitimate
http://onlylady.com/,legitimate
https://jumptap.com/,legitimate
https://ivillage.com/,legitimate
https://23396-5609.s3.webspace.re/,phishing
http://nasledie55.ru/,phishing
http://revsci.net/,legitimate
https://fb-pageinfo-100000112345672686953600335.tk/,phishing
https://amazon.helpmail-co-jp.club/,phishing
http://flamboyant-babbage.136-144-141-188.plesk.page/,phishing
https://feedblitz.com/,legitimate
https://att-update.vercel.app/,phishing
https://aktivaz-id-danaa.thewayy.my.id/,phishing
https://fun.tv/,legitimate
https://authenticatio-meta.com/,phishing
https://airbnb.rooms1623783.com/,phishing
https://taboolasyndication.com/,legitimate
http://id71.business-partner-invite.com/,phishing
https://booking.id-7531.com/,phishing
https://ammadv.it/,legitimate
http://cracked.com/,legitimate
https://attwebservice.weebly.com/,phishing
https://mohinhvn.com/,phishing
https://resulted-interval-deadline-colors.trycloudflare.com/,phishing
https://orajsdjclblxlilfyxrmgaaspgxcnqqlvrbs-dot-gl494903049.wl.r.appspot.com/,phishing
http://dowjoneson.com/,legitimate
https://oneallcdn.com/,legitimate
https://minha.bv.com.br.en.wpso.biz/,phishing
https://bafybeibx3aaeiymq7ey262ub772xpofliqv7lekcjoeg3koc55sktae634.ipfs.nftstorage.link/,phishing
https://groupgroup.rozblog.com/,phishing
https://agesafeamerica.services/,phishing
https://novanetservice.com/,legitimate
https://atttmailyahoo.dvrlists.com/,phishing
https://ezdrivema.com-zlhsbk.top/,phishing
https://tasteofhome.com/,legitimate
https://ebay.at/,legitimate
https://someecards.com/,legitimate
https://suprbay.org/,legitimate
https://pagefair.net/,legitimate
http://brightcloud.com/,legitimate
https://norely-advertising-meta-case-94910.netlify.app/,phishing
https://icscards-sca.web.nitro-host.space/,phishing
https://lottomatica.it/,legitimate
https://samsungapps.com/,legitimate
http://gb-ee.com/,phishing
https://dlnbqsrjgxvkm.wiki/,phishing
https://aeon-nfo.com/,phishing
http://ustatik.com/,legitimate
https://sublimetext.com/,legitimate
https://salesforceliveagent.com/,legitimate
http://64496cd2de010d.lhr.life/,phishing
http://lunar-island-archduke.glitch.me/,phishing
https://primazia.com.br/,phishing
https://retag-2316137769.trapinfo.be/,phishing
https://join-grubwa21k.duckdns.org/,phishing
https://redtube.com/,legitimate
http://vg247.com/,legitimate
https://sonobi.com/,legitimate
http://muare.vn/,legitimate
http://360ookkdxhjk.tokeopacxket.pro/,phishing
https://instagram-best-clone.vercel.app/,phishing
https://metamasksigins.blogspot.dk/,phishing
https://geek.com/,legitimate
https://craigslist.de/,legitimate
https://masrawy.com/,legitimate
https://mozdev.org/,legitimate
https://rutracker.org/,legitimate
https://mertkelekcintrr.com/,phishing
https://hubspot.com/,legitimate
https://help-page-trezoorhadware.webflow.io/,phishing
https://tapad.com/,legitimate
https://9qqaornmixk.qwo231sdx.club/,phishing
https://94adbee6-12a8-4749-8f6e-7066386a115c.id.repl.co/,phishing
http://77163090188006048461479.jamb2022.co/,phishing
https://pub-ea585ada54bb4b5282e7ae85fd88350e.r2.dev/,phishing
https://artlinqmz.com/,phishing
https://data-center-violation-customer.pages.dev/,phishing
https://toplist.eu/,legitimate
https://rebrandzkcentralize.pages.dev/,phishing
http://medianewsgroup.com/,legitimate
https://cherylstyle.com/,legitimate
https://nidoasia.com/,phishing
http://pinbo80.com/,phishing
https://17084-3035.s2.webspace.re/,phishing
http://timeincnewsgroupcustompub.com/,legitimate
https://open24review-security.com/,phishing
https://anycastcdn.net/,legitimate
https://google.dk/,legitimate
http://zara.com/,legitimate
http://webtrends.com/,legitimate
http://metamask.io-1s2r7.dommespace.com.br/,phishing
https://radio.com/,legitimate
http://lloydsbank.secure-auth-fraudulent-prevention.com/,phishing
https://wxug.com/,legitimate
http://ledgercom--start-access.webflow.io/,phishing
https://bidtrk.com/,legitimate
https://everyplay.com/,legitimate
http://stridenation.com/,legitimate
https://010365vip.com/,phishing
https://att-102453.weeblysite.com/,phishing
https://anamzom.putqp.com/,phishing
https://hqq.tv/,legitimate
https://3aoq1dysh0.preview-beefreedesign.com/,phishing
https://frolicking-basbousa-1e27ed.netlify.app/,phishing
https://cafemomstatic.com/,legitimate
https://verticalscope.com/,legitimate
http://insnw.net/,legitimate
https://general-marketplace.com/,legitimate
https://mail4493.xyz/,phishing
http://5tghjhjyth5g4g44h.blogspot.mk/,phishing
https://ani-view.com/,legitimate
https://knoworthy.com/,legitimate
http://revenuehits.com/,legitimate
https://yakala.co/,legitimate
https://store.securepowered.com/,phishing
http://qvvwexnjhxcyiunutafe-dot-gleowyel040493443434989.wl.r.appspot.com/,phishing
https://amazon.com.au/,legitimate
https://screencast.com/,legitimate
http://quietdoorhardware.com/,phishing
https://coinbaseexte-org.webflow.io/,phishing
https://qrius.me/,legitimate
http://3-136-18-120.cprapid.com/,phishing
https://83b2c619-f7bc-47e7-994b-f3530effa2bd.htmlpasta.com/,phishing
https://logen-trezor-info.pages.dev/,phishing
http://jppost-bki.top/,phishing
https://join-grupwhatsapp88.duckdns.org/,phishing
https://in-appadvertising.com/,legitimate
https://firstfidelitys.com/,phishing
https://adnetwork.vn/,legitimate
https://ff0000-cdn.net/,legitimate
http://landsofamerica.com/,legitimate
https://reload.com0c.casa/,phishing
https://afculandzone09-bc0a94.ingress-erytho.ewp.live/,phishing
http://gwu.edu/,legitimate
https://openstreetmap.org/,legitimate
https://akilli.tv/,legitimate
http://albaitalshamy.com/,phishing
https://livestrongcdn.com/,legitimate
https://requestnextadnet.com/,legitimate
https://wmobjects.com.br/,legitimate
https://365ok23.com/,phishing
https://aa.com.tr/,legitimate
https://mzrurvxdfkekxxvtzmifijoqvb-dot-gleowayel400503.uc.r.appspot.com/,phishing
https://mobilityfundbel.com/,phishing
https://868qifkncxg9f1xnddoduha.lspower.xyz/,phishing
http://viewster.com/,legitimate
https://dcyuf.com/,phishing
https://932523298520981615.tvtrk.io/,phishing
http://moatads.com/,legitimate
https://member-servic-dbf7.r776.workers.dev/,phishing
https://veybrms.com/,legitimate
http://gap.com/,legitimate
https://bongacash.com/,legitimate
https://api.pseconect.win/,phishing
http://unicornmedia.com/,legitimate
http://boltsfromtheblue.com/,legitimate
https://fbappeal-guidelinereview.surge.sh/,phishing
https://mhatre-doc4758839222-spreadsheet.weebly.com/,phishing
https://rellationsystemhavordonline.uk/,phishing
http://fuse.net/,legitimate
https://113.164.17.147/,phishing
https://k99.yunethosting.rs/,phishing
https://attslimonlineverification.weebly.com/,phishing
https://longtailvideo.com/,legitimate
https://ahram.org.eg/,legitimate
https://tribpub.com/,legitimate
https://vidible.tv/,legitimate
https://arodkasalek.blogspot.hr/,phishing
https://care2.com/,legitimate
https://dgmtrusotknyasrvcepge01.surya1601.my.id/,phishing
https://proj-massgft21.vercel.app/,phishing
http://btemail-index-x3r.vercel.app/,phishing
http://chatwhatsappgroups00042.duckdns.org/,phishing
https://yahoo.co.jp/,legitimate
https://mail.mymathgeek.com/,phishing
https://downloadmeteoroids.com/,legitimate
http://mail.wanewgrup18.goo-gle.best/,phishing
http://entrepreneur.com/,legitimate
https://webspectator.com/,legitimate
http://ligg8-latytjs-projects.vercel.app/,phishing
https://guildwars2guru.com/,legitimate
http://fashiontmes.com/,legitimate
https://nct.vn/,legitimate
https://qzone.com/,legitimate
http://msfnmperjhvhhzumiqskqtpczq-dot-gleowayel400503.uc.r.appspot.com/,phishing
https://advertising-appeal-review.d1unbakmgyfp0x.amplifyapp.com/,phishing
https://ignitionclaim.com/,phishing
https://123phim.vn/,legitimate
https://3olotoavatar35e.000webhostapp.com/,phishing
https://magdg.media4europe.info/,phishing
https://robsauto.com.au/,phishing
http://sayyac.com/,legitimate
https://clarovideo.com/,legitimate
https://kioskea.net/,legitimate
https://0432.vip/,phishing
https://servicehpa.quest/,phishing
http://rferl.org/,legitimate
https://lanconnex.com/,phishing
http://okuyt.barrell-of-knowledge.info/,phishing
https://cricketcb.com/,legitimate
https://5j39o0gu62.s3.us-south.objectstorage.softlayer.net/,phishing
https://598503.selcdn.ru/,phishing
https://fhserve.com/,legitimate
https://ntjbiwzioannnoag-dot-millinium.ey.r.appspot.com/,phishing
http://goobzo.com/,legitimate
https://after-paying-biling-secure.com/,phishing
https://vidmate.net/,legitimate
http://buonissimo.org/,legitimate
http://pwshqtanxpi.cn/,legitimate
https://iridescent-banoffee-f91bd6.netlify.app/,phishing
https://perfectformtech.com/,phishing
https://smowtion.com/,legitimate
https://marriott-email.com/,legitimate
http://gewgwadw.firebaseapp.com/,phishing
https://ueijed.cn/,phishing
https://tdcanadatrust.com/,legitimate
http://jmeridew.compro2go.com/,phishing
https://firefox.com/,legitimate
https://metamtrsk-walletr.gitbook.io/,phishing
https://ndihocodas.biz.id/,phishing
https://g0vvyytqvtgw0qutq00.chinanaqin.com/,phishing
https://al-razzi-holding.glitch.me/,phishing
http://himtkvxfypriqtdqasblxwjjty-dot-gleowayel400503.uc.r.appspot.com/,phishing
https://coolmath-games.com/,legitimate
http://gamecloudnetwork.com/,legitimate
http://tzor-bridge-public-d.pages.dev/,phishing
http://rtuvrdso.com/,legitimate
https://tiktok-shops.live/,phishing
http://mudah.my/,legitimate
https://ad-confirm-policy-alert.web.app/,phishing
http://grubmabar.ffevents21.ga/,phishing
http://mcssl.com/,legitimate
http://memecdn.com/,legitimate
http://opensecrets.org/,legitimate
https://livefyre.com/,legitimate
http://adlegend.com/,legitimate
https://pub-f55e4a7a38f54e858d6f6bb74100ff5d.r2.dev/,phishing
http://gabung-wa32.duckdns.org/,phishing
https://smartling.com/,legitimate
https://dmcaremoval-5160167869.info-protech.be/,phishing
http://friv.com/,legitimate
https://rasmussenreports.com/,legitimate
http://prormericaenlinea.vercel.app/,phishing
https://d-nb.info/,legitimate
http://ellite-pass-gratis.000webhostapp.com/,phishing
https://arremittancefinal.s3.amazonaws.com/,phishing
https://2qnwtlkeul.onsitetruckrepairssydney.com.au/,phishing
https://entrepreneurcircle.audacitygroupsocialenterprise.com/,phishing
http://google.com.pe/,legitimate
https://citrixonline.com/,legitimate
https://gsllsm.cn/,phishing
http://link.net/,legitimate
https://tirerack.com/,legitimate
https://independent-social-network-00005.my.id/,phishing
https://who.int/,legitimate
http://pub-ad0be47ef6da4c73a4ee2a8f0950827c.r2.dev/,phishing
https://app-qke-whatshktw.com/,phishing
https://platform-policies-and-responsibility.pages.dev/,phishing
https://imlive.com/,legitimate
https://m.fb-reattend-vwzgyzhsah.bostan-city.ir/,phishing
https://francissabiojr.com/,phishing
http://cogentco.com/,legitimate
https://rogerscommunication247.weebly.com/,phishing
https://markusgl17.github.io/,phishing
https://banzaiadv.it/,legitimate
https://log-handler-15828003109.vercel.app/,phishing
https://blissful-beaver-7cca49.netlify.app/,phishing
http://ihahmadkhan.github.io/,phishing
https://fkliywtazi.duckdns.org/,phishing
https://video-one.com/,legitimate
http://ncaa.com/,legitimate
http://ameriicanas-promocoes.com/,phishing
https://forbesid.com/,legitimate
https://mail.tab-login2207.duckdns.org/,phishing
http://hitsprocessor.com/,legitimate
https://commentcamarche.net/,legitimate
https://steampoweredapp140935.com/,phishing
https://adminservcsxoems.square.site/,phishing
https://qjgwtrkdqawbqglr-dot-millinium.ey.r.appspot.com/,phishing
http://havefunineurope.com/,phishing
http://boardedor.weeblysite.com/,phishing
https://creativecloud.com/,legitimate
https://hipxxx7.xyz/,phishing
https://lexisnexis.com/,legitimate
https://32375314.fastbiz.com.br/,phishing
https://yieldmanager.com/,legitimate
https://htovipmvxyoakvqr-dot-millinium.ey.r.appspot.com/,phishing
https://superdownloads.com.br/,legitimate
https://accountrestrictedadcrafts.vercel.app/,phishing
https://logos.com/,legitimate
https://fidelityworkplacers.qpon/,phishing
https://outlook145.yolasite.com/,phishing
http://oxqgnhu.ws/,legitimate
https://polite-glacier-09968a51e.1.azurestaticapps.net/,phishing
https://tribalfusion.com/,legitimate
http://chat-whatsapp-linkgroup.duckdns.org/,phishing
http://app-list-79342.work/,phishing
https://meta-versea-57m.pages.dev/,phishing
http://personalcreations.com/,legitimate
http://kl-11.top/,phishing
https://rickymagner.com/,phishing
https://gtags.net/,legitimate
http://capitalone.com/,legitimate
https://miniclippt.com/,legitimate
https://lider.md/,phishing
https://tukif.com/,legitimate
http://lumosity.com/,legitimate
https://leavestatus.webadmin-email.com/,phishing
http://gquldikg.ws/,legitimate
https://tweetmeme.com/,legitimate
http://shinystat.com/,legitimate
https://imptrkr.com/,legitimate
https://konfirmasi-givawayy.anakdara9.art/,phishing
https://adsame.com/,legitimate
https://novo.agtturismo.com.br/,phishing
https://20639-3481.s2.webspace.re/,phishing
https://gr-assets.com/,legitimate
https://wnd.com/,legitimate
https://flag-365123300.amarilisperu.com/,phishing
https://pconline.com.cn/,legitimate
http://13721372.32304ey.ninishop.org/,phishing
https://mm-9yh.pages.dev/,phishing
https://valvesoftware.com/,legitimate
https://casasbahia-imagens.com.br/,legitimate
https://batpmturner.com/,legitimate
https://amf-b4.firebaseapp.com/,phishing
https://livingplay.com/,legitimate
https://openx.com/,legitimate
https://ct71052.tmweb.ru/,phishing
https://justuno.com/,legitimate
https://livechatrw.com/,phishing
https://local-branch-offices.com/,phishing
https://bebegimvebiz.com.tr/,legitimate
https://jamesblake76.tripod.com/,phishing
https://authh--crypto-cdn--sso.webflow.io/,phishing
https://ddccdn.com/,legitimate
https://contactlab.it/,legitimate
https://basbakanlik.gov.tr/,legitimate
https://lendersvcs.com/,phishing
https://airmail.net/,legitimate
https://allmovie.com/,legitimate
http://vetstreet.com/,legitimate
https://doublepimp.com/,legitimate
https://uphlod.pages.dev/,phishing
https://ewe365y.xyz/,phishing
http://90b89764.d26218.cn/,phishing
http://pbc.com/,legitimate
https://att-service-100592.weeblysite.com/,phishing
http://pacsun.com/,legitimate
https://rastreo.help/,phishing
https://1digitalstock.com/,legitimate
http://content-8532820038.qaraozek.uz/,phishing
https://vanityfair.it/,legitimate
https://cpmaxads.com/,legitimate
https://boredbug.com/,legitimate
https://acuityads.com/,legitimate
https://sunbelt-software.com/,legitimate
https://howstuffworks.com/,legitimate
https://attttalal.weebly.com/,phishing
http://fazolknakhre.com/,phishing
https://torchbrowser.com/,legitimate
https://say.ac/,legitimate
https://ctv.ca/,legitimate
http://bpsecure.com/,legitimate
https://adgrx.com/,legitimate
http://appl-inc.ga/,phishing
http://softwareprojects.com/,legitimate
https://mediashopping.it/,legitimate
https://coinbase-cln.pages.dev/,phishing
https://incredibar.com/,legitimate
https://vogue.com/,legitimate
https://cardlytics.com/,legitimate
https://elgwpdbdz.biz/,legitimate
https://pubgpmobil.blogspot.al/,phishing
https://babunggrupbokepp2020.000webhostapp.com/,phishing
https://wikimedia.org/,legitimate
https://10.infodaily.eu/,phishing
https://legittechinfo.com/,phishing
https://spamexperts.com/,legitimate
http://mahmure.com/,legitimate
https://2dopeboyz.com/,legitimate
http://posts-1451170556.lglab.lv/,phishing
http://event-codashop-20211.duckdns.org/,phishing
http://abine.com/,legitimate
https://att-103261.weeblysite.com/,phishing
https://regiedepub.com/,legitimate
https://idqqimg.com/,legitimate
https://hurriyetemlak.com/,legitimate
http://login-dhl.web.app/,phishing
http://clicktracks.com/,legitimate
http://pcbaby.com.cn/,legitimate
https://svcmot.com/,legitimate
https://google.bg/,legitimate
https://discord-com-85e9.lthx1026.workers.dev/,phishing
http://tencent.com/,legitimate
https://0888naveankorea-oneinamillion-class.vercel.app/,phishing
https://rechnung.wpengine.com/,phishing
http://bnk4id.web.app/,phishing
https://sfdcstatic.com/,legitimate
https://royalpasucs19.duckdns.org/,phishing
https://gsfn.us/,legitimate
http://aasthaa10.github.io/,phishing
https://arcamax.com/,legitimate
https://kmfdtrtrray-8lk1xw5qcy.edgeone.app/,phishing
http://askubuntu.com/,legitimate
https://pub-46a5f86348ae4aceb3591d126020999f.r2.dev/,phishing
http://join-group-bokep-viral-2022.duckdns.org/,phishing
http://whats-xye.vip/,phishing
http://bellmedia.ca/,legitimate
https://greenlearningandconsulting.com/,phishing
https://valeculturacaixa.com.br/,legitimate
https://ascensionfinancegroup.com/,phishing
http://trustedsource.org/,legitimate
https://cpmfun.com/,legitimate
https://coinbase--pro-info.pages.dev/,phishing
https://facebook-checkpoint-policy-violation-social-network184.ml/,phishing
https://tkwff.ws/,legitimate
http://familiatransition.be/,phishing
https://bloodsweatart.breonny.com/,phishing
https://dana4-indonesiiaxl.resmi-pxi4.xyz/,phishing
http://friendly-concha-1fb687.netlify.app/,phishing
https://dowjones.com/,legitimate
http://marketingdailing.com/,phishing
http://easybreathe.com/,legitimate
http://funshion.com/,legitimate
https://amazon.in/,legitimate
http://bild.de/,legitimate
https://harvard.edu/,legitimate
https://messagerie-vocale-orange140.yolasite.com/,phishing
https://fd6e6c7d.voag.cn/,phishing
https://artgolubeffsh.com/,phishing
http://beedoctor.vn/,legitimate
https://mividaesmejor.info/,phishing
https://acrobat.com/,legitimate
https://alertverificationservice.weebly.com/,phishing
https://mysquareaccunt.com/,phishing
http://bancolominfo.bancolominfo.repl.co/,phishing
http://josscdn.com/,legitimate
https://resssetpassword-onlycoinbase4.com/,phishing
http://0xne.com/,phishing
http://pncmc.com/,legitimate
https://klaimdmff.duckdns.org/,phishing
https://burstnet.com/,legitimate
https://cxgrilxugbffaurh-dot-millinium.ey.r.appspot.com/,phishing
http://wibiya.com/,legitimate
https://metamasiukxtension.webflow.io/,phishing
https://amrazom.co.jp.ifivmmv.cn/,phishing
https://justice.gov/,legitimate
http://pushbullet.com/,legitimate
http://moaskluua.co.vu/,phishing
http://mm-health.com/,legitimate
https://giveawayroyale16.com/,phishing
http://halifax.personal-logon-paym.com/,phishing
http://conbasiiextension.webflow.io/,phishing
http://bafybeidmk3wk2m46zojac7z65o6oh5caspoghfp6knobcypytlsi5exz34.ipfs.dweb.link/,phishing
http://affec.tv/,legitimate
https://theregister.co.uk/,legitimate
https://join.startmlbbrc.my.id/,phishing
https://opaltelecom.net/,legitimate
https://eater.com/,legitimate
http://emailsrvr.com/,legitimate
https://rte.ie/,legitimate
https://linuxmint.com/,legitimate
https://fidelity-media.com/,legitimate
https://litigantscrub.com/,phishing
https://nsimg.net/,legitimate
http://rantsports.com/,legitimate
https://ledgerrr-live-web-wallet.webflow.io/,phishing
https://dateandtimesync.com/,legitimate
https://pravda.ru/,legitimate
https://porch.com/,legitimate
https://forbesmagazine.es/,legitimate
https://abdulzunaid17.github.io/,phishing
https://jdjdjdjdj.neighborhoodmuscle.com/,phishing
http://tellaparts.com/,legitimate
https://bbc.net.uk/,legitimate
https://incapsula.com/,legitimate
https://maltmakloggon.gitbook.io/,phishing
http://themetapicture.com/,legitimate
http://cnbce.com/,legitimate
https://images-amazon.com/,legitimate
https://algorithm-organize-6352f2e7.s3.us-east-2.amazonaws.com/,phishing
http://hiido.com/,legitimate
https://cbcgxnbhjsdbdbd.serveuser.com/,phishing
http://web-exoduscdn.teachable.com/,phishing
https://openoffice.org/,legitimate
https://crypto--com--auth-view-isssue.webflow.io/,phishing
https://researchnow.com/,legitimate
https://simplys-voting.ct.ws/,phishing
https://ckcityunlock.com/,phishing
https://rising.com.cn/,legitimate
https://sancohuyenthoai.vn/,legitimate
https://1205a092-d37d-416c-8e32-72fe44592c12.id.repl.co/,phishing
https://r7.com/,legitimate
https://deximedia.com/,legitimate
https://verification-center-10002324642.page-suspension.com/,phishing
https://neemu.com/,legitimate
https://gov.uk.id.login.update.ssl.encryption-6159368de39251d7a-login.id.security.trackid.piwikb7c1867dd7ba9c57.de1ffa2ee7f3b103b3492aece05b0d41.righthire.co.in/,phishing
https://inrixmedia.com/,legitimate
http://makemytrip.com/,legitimate
https://markant.securetnet.com/,phishing
https://fbsbx.com/,legitimate
https://ebhtn.blogspot.ug/,phishing
http://getanxhkfl.org/,legitimate
http://olapic.com/,legitimate
https://linknavi1.com/,legitimate
https://cafemom.com/,legitimate
https://find-your-jam.com/,phishing
https://c-col.com/,legitimate
https://latest.com/,legitimate
https://orkut.com.br/,legitimate
https://thetimes.co.uk/,legitimate
http://remove.fbcom-370663160.feltna.si/,phishing
https://92publishers.com.pk/,phishing
https://jbvhjsscwv.duckdns.org/,phishing
https://prserv.net/,legitimate
http://rieoaofice.com/,phishing
https://rizel-oned.top/,phishing
https://puroletor.com-payxwm.vip/,phishing
https://claim-free-fire-gratis.duckdns.org/,phishing
https://eosumfx.org/,legitimate
https://smqtpt.com/,legitimate
https://epsihost.com/,legitimate
http://lacivertdergi.com/,legitimate
http://mchsi.com/,legitimate
https://02dinero.com/,phishing
http://pornerbros.com/,legitimate
https://appdevservicesinc.huntington-login.com/,phishing
https://faster-seafood-musicians-transfers.trycloudflare.com/,phishing
https://sdd.uru.ac.th/,phishing
https://jjjhgg.pages.dev/,phishing
https://chuflas21.useruno.com/,phishing
https://libertycdtunion.com/,phishing
https://amazonlogistics.eu/,phishing
http://qvdgr.blogspot.li/,phishing
https://goseeklocation.com/,legitimate
http://apps-pollyqone.com/,phishing
http://alltayer.finance/,phishing
https://qihoo.com/,legitimate
https://placehold.it/,legitimate
https://rustgear.net/,phishing
http://snopes.com/,legitimate
http://samsungvideohub.com/,legitimate
http://account.documentprivatepolicy.com/,phishing
https://siteapps.com/,legitimate
https://fqxyheiqp.org/,legitimate
http://mgid.com/,legitimate
http://salonesyfiestas.mx/,phishing
http://bitter-dust-8181.on.fleek.co/,phishing
https://breelclean.temp.swtest.ru/,phishing
http://pcgames.com.cn/,legitimate
https://fgebhyvqzntgkerjdihuoxquhi-dot-gowa11111111.rj.r.appspot.com/,phishing
https://lejkjnfpepqviujb-dot-millinium.ey.r.appspot.com/,phishing
https://loquacious-gaufre-7e3f0e.netlify.app/,phishing
https://guerrafriaycrisisdelpetrole0.000webhostapp.com/,phishing
https://scubl.com/,legitimate
https://thefoxnation.com/,legitimate
http://id.net/,legitimate
https://nutrend.com/,legitimate
https://apremnsz.co.vu/,phishing
https://scribblelive.com/,legitimate
https://saltwatertx.com/,phishing
https://loans-made.com/,legitimate
https://ians.in/,legitimate
http://qixxrais.ws/,legitimate
https://ally.com/,legitimate
https://rudinhood-logini.gitbook.io/,phishing
https://amazon.co.jp.paypal-up.top/,phishing
https://m9bk.com/,phishing
https://imperiadedetizacao.com/,phishing
http://applnch-125448593.sangekasra.ir/,phishing
http://lourdeslegorreta.com/,phishing
http://amaoznjcpancom.cf/,phishing
https://gawker.com/,legitimate
http://janrain.com/,legitimate
http://btaffaiirss.weebly.com/,phishing
https://dev.teambabycatcher.com/,phishing
https://amazon.kmxqjxpo.cn/,phishing
https://agency-support.kloedeb.com/,phishing
https://soha.vn/,legitimate
http://xvhibyfku.cc/,legitimate
http://cincyjungle.com/,legitimate
http://cn71818.tw1.ru/,phishing
https://expedia.dk/,legitimate
https://compete.com/,legitimate
http://deadline.com/,legitimate
https://eurosport.com/,legitimate
https://paragonads.vn/,legitimate
https://comfirmationoutdated.zoebeautystores.com/,phishing
https://metta-logg-massk-sin.godaddysites.com/,phishing
https://cedexis-test.com/,legitimate
https://deca.vn/,legitimate
https://investopedia.com/,legitimate
https://meta-track-1cv.pages.dev/,phishing
https://kenh14.vn/,legitimate
http://movieclip.com/,legitimate
https://yes.my/,legitimate
https://cox.com-6159368de39251d7a-login.id-107sbtd9cbhsbtd5d80a13c0db1f546757jnq9j5754675749324382.kylelierman.com/,phishing
http://appscomeon.com/,legitimate
https://bryfhdjffgc.weebly.com/,phishing
https://minecraftwiki.net/,legitimate
https://cam4ads.com/,legitimate
https://instructables.com/,legitimate
http://casagarage.com/,legitimate
https://learn--en-suite-cdn-trozor.webflow.io/,phishing
https://orange-turquoise-tea.glitch.me/,phishing
https://att-105338-108179.weeblysite.com/,phishing
https://netflixsubscribe.0ou47fg1csdw.top/,phishing
https://madamenoire.com/,legitimate
https://bloomberg.net/,legitimate
https://offline-2ei.pages.dev/,phishing
https://nivi.vn/,legitimate
https://bepostreportissues15.xyz/,phishing
https://viadeo.com/,legitimate
https://coie.com.au/,phishing
https://dappssynced.com/,phishing
https://tpwallet.pro/,phishing
https://windows.net/,legitimate
http://bluelionsports.com/,legitimate
https://famefocus.com/,legitimate
https://ybpangea.com/,legitimate
https://cca3340f2c7845523.temporary.link/,phishing
https://redvertisment.com/,legitimate
http://closingstatementandcontract.us-southeast-1.linodeobjects.com/,phishing
https://rc9organic.com/,phishing
http://gikei.jp/,phishing
https://advconversion.com/,legitimate
http://tmz.com/,legitimate
http://trafficshop.com/,legitimate
https://canoe.ca/,legitimate
http://kilbick.shop/,phishing
https://5684.discount24x7.com/,phishing
https://barclay.vercel.app/,phishing
http://zyngawithfriends.com/,legitimate
http://tccdn.com/,legitimate
https://huffingtonpost.co.uk/,legitimate
http://shoptime.com.br/,legitimate
https://sendo.vn/,legitimate
http://toysrus.com/,legitimate
https://pugvnnoqzfenasbk-dot-millinium.ey.r.appspot.com/,phishing
https://363f9u3-f39hf39-fi23002-2f3.weebly.com/,phishing
https://vvrqnaibg.com/,legitimate
http://customer-support.mzfb09.click/,phishing
https://stats.com/,legitimate
https://access-reject-payments-help.com/,phishing
http://knypbxnvakayrbej-dot-millinium.ey.r.appspot.com/,phishing
http://neodatagroup.com/,legitimate
https://com.auaumx2.sspl.com.auwww.com.auaumx2.sspl.com.auwww.aumx2.sspl.com.auaumx2.sspl.com.aucom.auaumx2.sspl.com.auwww.com.auaumx2.sspl.com.auwww.aumx2.sspl.com.auaumx2.sspl.com.au/,phishing
https://connectify.me/,legitimate
http://cs-bnk.app.link/,phishing
http://ftjcfx.com/,legitimate
http://myvisualiq.net/,legitimate
https://postrem-8147575830.design-planb.de/,phishing
https://dota2wiki.com/,legitimate
https://azcentral.com/,legitimate
https://app-com-itrustcapital-sso--auth.webflow.io/,phishing
http://takvim.com.tr/,legitimate
https://account.samsung-uy.com/,phishing
http://att-023.weebly.com/,phishing
http://imvu.com/,legitimate
https://easy2.com/,legitimate
http://news2023glm3hlq.mantull.xyz/,phishing
http://qnsr.com/,legitimate
https://stitcher.com/,legitimate
https://quoracdn.net/,legitimate
https://raeessi.blogspot.mx/,phishing
https://topeleven.com/,legitimate
https://nguyenkim.com/,legitimate
https://kayak.com/,legitimate
http://pageid-verify3417.com/,phishing
http://bancobrasil.com.br/,legitimate
http://server.typedream.app/,phishing
https://accounts.marketwebb.ac/,phishing
https://stripe.com/,legitimate
https://caf-allocations-familiales.com/,phishing
http://hakirasilimali.or.tz/,phishing
https://pub-ab781609cdd349409b91d03b908aaf4c.r2.dev/,phishing
http://magazinkolik.com/,legitimate
http://lskgv6.cn/,phishing
https://apps.verification-information.afkbkq.apartments/,phishing
http://axisadesignstudio.com/,phishing
https://shreya-wani.github.io/,phishing
https://it168.com/,legitimate
http://aolnotificationwarning.weebly.com/,phishing
http://bt-internet-106822.square.site/,phishing
http://log-in-job-facebook-lebanon.blogspot.com/,phishing
http://appcolombialibre.replit.app/,phishing
https://grupwa-mengunjungi-websitecxztt.kangpanel.biz.id/,phishing
http://tfbnw.net/,legitimate
https://meta-getsupport600151.firebaseapp.com/,phishing
http://pormericquita.netlify.app/,phishing
http://halifaxbankalerts.com/,phishing
https://pjmedia.com/,legitimate
https://shoprunner.com/,legitimate
https://instagram.cc94110.tmweb.ru/,phishing
https://bireyselin.acikdeniz.denizbank.18-133-220-72.plesk.page/,phishing
http://lemde.fr/,legitimate
https://facebook-checkpoint-policy-violation-social-network131.ml/,phishing
https://wikipedia.com/,legitimate
https://jp-amazon.a1u.top/,phishing
http://facebook-help.digital/,phishing
http://innovid.com/,legitimate
https://infonewsyqqdtev.baruxxi3.biz.id/,phishing
https://expedia.co.kr/,legitimate
https://xyimg.net/,legitimate
https://ricoresort.com/,phishing
https://09.l12h.repl.co/,phishing
https://dbjhr.com/,legitimate
http://boko345.anakembok.de/,phishing
https://dev-li068277641121.pantheonsite.io/,phishing
https://gett23.is-gd1.com/,phishing
http://jd.com/,legitimate
https://tabwpm.us/,legitimate
https://bwxnt.blogspot.li/,phishing
https://amazon.co.jp.caogaojie.com.cn/,phishing
http://presselite.com/,legitimate
http://pleasant-childlike-drink.glitch.me/,phishing
https://infusionsoft.com/,legitimate
https://youdaxxysm.top/,phishing
https://51.la/,legitimate
https://kfjensnmqunkikodqxfgcymnheldynguhace-dot-cedar-code-289917.nn.r.appspot.com/,phishing
https://meta-instance-gon.pages.dev/,phishing
https://assinefolha.com.br/,legitimate
https://icbc.com.cn/,legitimate
https://ifltldxwaekyzuvn-dot-millinium.ey.r.appspot.com/,phishing
http://jacktomstick.gq/,phishing
https://freeclub834.duckdns.org/,phishing
https://att-104964.weeblysite.com/,phishing
https://netshoes.com.br/,legitimate
https://voegol.com.br/,legitimate
https://rantchic.com/,legitimate
http://4dd187d0.yongwang888.com.cn/,phishing
https://co98618.tmweb.ru/,phishing
https://peringatanverifikasiaccount.lidah.my.id/,phishing
https://staples-static.com/,legitimate
https://purenetworks.com/,legitimate
http://securedvisit.com/,legitimate
https://beaconads.com/,legitimate
https://maudau.com/,legitimate
https://portal-ndxa-cdns.typedream.app/,phishing
https://login-support-findmy.us/,phishing
http://diynetwork.com/,legitimate
https://ebay.co.th/,legitimate
https://3iu6jh5.xyz/,phishing
https://aliiff.com/,phishing
https://vote411.org/,legitimate
https://luluizinha.com/,phishing
https://agency-inc.com/,phishing
https://lucky-box24.vercel.app/,phishing
https://tribune.com/,legitimate
https://nflonlocation.com/,legitimate
https://craigslistorg-41994814.kahulasup.ch/,phishing
https://alomarya-medical.com/,phishing
https://upsight-api.com/,legitimate
https://chrome-metamsk-org.gitbook.io/,phishing
http://tacdn.com/,legitimate
http://51fanli.com/,legitimate
http://cbsig.net/,legitimate
https://love.7-7-7.blog/,phishing
http://imtoken-ow.tel/,phishing
https://web-ledger-help.teachable.com/,phishing
https://groupme.com/,legitimate
https://918919933231328.cocopasa.com.mx/,phishing
https://prosperidadsocial.ayudanacional4.repl.co/,phishing
https://online365.banking-logonsecurity.com/,phishing
https://registrar-servers.com/,legitimate
http://rederecord.com.br/,legitimate
http://conduit-services.com/,legitimate
http://mongodb.org/,legitimate
http://bancolombiasucursalvirtualpersonass-4ae84091.localhost.run/,phishing
https://amazum.co.ip.jauiisb.cn/,phishing
http://flagcounter.com/,legitimate
https://magodontologia.com.br/,phishing
https://swoop.com/,legitimate
https://expedia.fr/,legitimate
http://content-086489394.helenquan.ca/,phishing
https://sap09590f3.cc/,phishing
https://yellowpages.com/,legitimate
http://2sawbucks.com/,legitimate
https://remove.fbcom-395147760.feltna.si/,phishing
http://fjoingrub-xxx.itsaol.com/,phishing
https://1iota.com/,legitimate
https://alimama.cn/,legitimate
https://ermisvc.com/,legitimate
https://cagesideseats.com/,legitimate
https://shbaoan.cn/,phishing
https://nosvin.com/,phishing
https://images-38qftc4h31.uz-domain.uz/,phishing
https://clickable.net/,legitimate
https://ceryxefw.com/,legitimate
http://tomsitpro.com/,legitimate
http://shubhoshishroy08.github.io/,phishing
http://moneycontrol.com/,legitimate
https://bravotv.com/,legitimate
http://biockvain-log.azurewebsites.net/,phishing
https://reimbrs-ca.xyz/,phishing
https://ghconduit.com/,legitimate
https://redditstatic.com/,legitimate
https://demo.trandinhnam.com/,phishing
http://mysteryboxs-i1.vercel.app/,phishing
https://microsoft-101948.weeblysite.com/,phishing
http://help-id-28716762458703.web.app/,phishing
https://wix.com/,legitimate
http://brnees.appsm.online/,phishing
http://magalulblackfriday.com/,phishing
https://ecollege.com/,legitimate
https://shopstyle.com/,legitimate
https://nvek.top/,phishing
https://dewmobile.net/,legitimate
http://jykchlbyvr.ws/,legitimate
http://web-exodus-en.teachable.com/,phishing
https://adap.tv/,legitimate
https://meta-mystic-24h.pages.dev/,phishing
https://fusepowered.com/,legitimate
http://brasil.gov.br/,legitimate
https://kucoinlogi.weebly.com/,phishing
https://bodyzwellness.com/,phishing
http://sap2041kpp.cc/,phishing
http://kr1-at.com/,phishing
http://stubhub.com/,legitimate
https://fieldgulls.com/,legitimate
https://soap.com/,legitimate
http://facebook-marketplace-item.276629608.com/,phishing
http://salemwebnetwork.com/,legitimate
https://fb-help-security-rules.ml/,phishing
http://thepaperboy.com/,legitimate
https://ign.com/,legitimate
http://consultermonrepond.wixsite.com/,phishing
https://thefederalist.com/,legitimate
http://aleahandbags.shop/,phishing
https://civicplus.com/,legitimate
https://atttsecuredmalboxx.weebly.com/,phishing
https://iyjew6o87qv695za7h09.wisuda.ump.ac.id/,phishing
https://comscore.com/,legitimate
https://directallapp.in/,legitimate
https://pirdoher3.tk/,phishing
https://nowupdateeasily09836353542.weebly.com/,phishing
http://onmicrosoft.bundesfinanzminislerium.de/,phishing
https://meta-for-ad-account-appeal-portal.pages.dev/,phishing
https://directlinegroupcareers.career-inspiration.com/,phishing
http://dummy-domain-do-not-change.com/,legitimate
https://1211wss.vercel.app/,phishing
https://eclick.vn/,legitimate
https://secunia.com/,legitimate
http://forbes.com/,legitimate
http://delivery.usps-infoalmu.top/,phishing
https://fbcom-87471146.chekkos.mx/,phishing
https://events.gs1-germany.de/,phishing
http://pub-dd597af1f38447dbaa2eceb07468ed02.r2.dev/,phishing
http://integratsys.com/,phishing
https://collegeimpress.com/,phishing
https://rootsandwingsindia.com/,phishing
https://attnetattentionrequre.weebly.com/,phishing
https://rackspace.com/,legitimate
https://repstatic.it/,legitimate
http://currentlyatt54.weebly.com/,phishing
http://emailretargeting.com/,legitimate
https://551003u.cc/,phishing
https://proximic.com/,legitimate
https://aroofquote.info/,legitimate
https://grub-versi-6483.duckdns.org/,phishing
http://admpqilvhgthbxjlzwelrpnsgtchwmpsjsyn-dot-solar-vertex-285913.rj.r.appspot.com/,phishing
https://imtoken-ak.run/,phishing
https://nvidia.com/,legitimate
https://join-grup-tante80.duckdns.org/,phishing
https://sabah.de/,legitimate
http://boxcloud.com/,legitimate
https://meta-byte.pages.dev/,phishing
https://mystartsearch.com/,legitimate
http://drlucyspelman.com/,phishing
http://gamefaqs.com/,legitimate
http://adstatic.com/,legitimate
https://boxofficemojo.com/,legitimate
http://jsemposkozeny.cz/,phishing
http://promerica.ficrs.icu/,phishing
http://google.com.hk/,legitimate
https://metrigo.com/,legitimate
https://satepal.org/,phishing
https://huffingtonpost.it/,legitimate
http://moovweb.net/,legitimate
https://proptp.net/,legitimate
https://addnewpayees-support.com/,phishing
https://ee.paymonthly-secured.co.uk/,phishing
https://moodle.activeducation.net/,phishing
https://iniifxsaxfsejmmaqoagnmpccq-dot-gleowayel400503.uc.r.appspot.com/,phishing
http://maxwebsearch.com/,legitimate
http://martinfernando.org/,phishing
http://integral-marketing.com/,legitimate
https://howlifeworks.com/,legitimate
https://convert-app-now-wishing.trycloudflare.com/,phishing
http://intoday.in/,legitimate
http://hissage.com/,legitimate
https://incehesap.com/,legitimate
https://blogger.com/,legitimate
http://topsy.com/,legitimate
http://onforb.es/,legitimate
http://ppcpvvvvij.duckdns.org/,phishing
https://wikimediafoundation.org/,legitimate
https://force.com/,legitimate
https://meta-latticecore-7al.pages.dev/,phishing
https://bradescopoderpublico.com.br/,legitimate
https://metamask.io-1s2r12.alternativa3d.com.br/,phishing
https://fntk.co/,legitimate
https://start-app-m-ledgr-auth-cdn.webflow.io/,phishing
https://dhirennaidu.github.io/,phishing
https://salson-ncytaa.com/,phishing
http://facebook-issues100.tk/,phishing
https://0bf7bce0.txat99.net/,phishing
http://mandatory-cumulative-fi-maine.trycloudflare.com/,phishing
https://facevens.000webhostapp.com/,phishing
http://searsholdings.com/,legitimate
http://svi-wswhatsapp.cc/,phishing
https://pearsoncmg.com/,legitimate
http://opfarepulseever.pages.dev/,phishing
https://gulfcoastlazboy.com/,phishing
http://mirtesen.ru/,legitimate
http://wynk.in/,legitimate
http://jp7.rkmrjq.es/,phishing
https://phimsexvn70.000webhostapp.com/,phishing
https://hpnepgnmwrgdrrsdshzrvyirlx.gl44393333333.rj.r.appspot.com/,phishing
https://bbcgoodfood.com/,legitimate
https://gpsonextra.net/,legitimate
https://req-pool.com/,phishing
https://latmasoud.persiangig.com/,phishing
https://quintelligence.com/,legitimate
https://decider.com/,legitimate
https://fb-fe45tdsw.oranglama-kembali.xyz/,phishing
http://azurewebsites.net/,legitimate
https://metaa-masklogn-us.gitbook.io/,phishing
https://latimes.com/,legitimate
https://suntimes.com/,legitimate
https://fabric.com/,legitimate
https://ingoffice.pl/,phishing
http://liftoff.io/,legitimate
https://benjerry.com/,legitimate
http://alibench.com/,legitimate
https://live-lyrics.com/,legitimate
http://thinkdifferent.us/,legitimate
https://dhl.dhl-ge.cfd/,phishing
https://hitoniladak26-beep.github.io/,phishing
http://bonjourbox.me/,phishing
https://comercialsorotem.futurasistemas.com.br/,phishing
http://systweak.com/,legitimate
https://sanalpazar.com/,legitimate
http://rjtgbmjei.info/,legitimate
https://pub-de50520088c549858f8070e40512611d.r2.dev/,phishing
http://da3e3.net/,legitimate
https://bestgenerator.xyz/,phishing
https://ouedkniss.com/,legitimate
https://marthastewart.com/,legitimate
https://real-estate.fb.business-ads-897tr6g89743897ut8re6ygr.com/,phishing
https://rddsindia.in/,phishing
http://massrelevance.com/,legitimate
http://drudgereportarchives.com/,legitimate
https://cuibaseeprologiusnv.godaddysites.com/,phishing
http://profile-faceebook-mgdc69240e0.izle.tc/,phishing
https://mayoclinic.org/,legitimate
https://post-gazette.com/,legitimate
https://metamasskluginn.blogspot.mx/,phishing
https://admin.bahusande.com/,phishing
https://fuspdqhon.com/,legitimate
https://metamask.io.merge.disutech.com/,phishing
https://abg-xnxx.whatsapp-login26.cf/,phishing
https://gazeta.ru/,legitimate
http://sunporno.com/,legitimate
http://ofertaspravoce.net/,phishing
http://bigbuckclub.com/,phishing
https://whats-xwy.vip/,phishing
https://doenietzokinderachtig.tk/,phishing
https://aeon.co.jp.login.gosgod.com/,phishing
http://caixa-suporte.com/,phishing
https://akbank.com/,legitimate
https://fqvyqnumtm7zrvjekhpu.bomei.tw/,phishing
https://ning.com/,legitimate
http://centrale-ecoute.weebly.com/,phishing
https://aoltech.com/,legitimate
https://mlstatic.com/,legitimate
https://fugehjsdoehc.webflow.io/,phishing
https://dashbida.com/,legitimate
http://1227h.trk.elasticemail.com/,phishing
https://kgypcrqgyefhesqb-dot-millinium.ey.r.appspot.com/,phishing
https://ebaystatic.com/,legitimate
https://pub-ce5701137f5445429a98de2cf4ac9b0d.r2.dev/,phishing
https://privatehomeclips.com/,legitimate
https://kdwqdcwqdwqd.vdl.pl/,phishing
https://bhytwaamtrgomwqjflowdtknog-dot-gloff00403993445.uk.r.appspot.com/,phishing
http://yemektarifleri.com/,legitimate
https://bestinstacouples.blogspot.ug/,phishing
http://homedesigntreasure.com/,legitimate
https://whatansmanp.top/,phishing
https://fkfazhyyzy.org/,legitimate
http://formularios-casasbahias-recrutamento.com/,phishing
https://yelp.es/,legitimate
https://thanhnien.com.vn/,legitimate
https://buc3pqxvna.jimdofree.com/,phishing
https://parys.njymbz.com/,phishing
https://schwabcdn.com/,legitimate
https://mdotlabs.com/,legitimate
https://denoippuddubrou-8037.vercel.app/,phishing
https://estimatte3323.firebaseapp.com/,phishing
http://https://emailsettingvalidation.weebly.com//,phishing
https://extremetech.com/,legitimate
https://harpreet.site/,phishing
https://att-108649-104130.weeblysite.com/,phishing
https://star-telegram.com/,legitimate
http://erbyc.blogspot.md/,phishing
https://iamkier.github.io/,phishing
https://li-67.finandblock.com/,phishing
https://onlinesecurity-13.000webhostapp.com/,phishing
https://pepetoken.me/,phishing
https://parastorage.com/,legitimate
http://deregisternewdevice-setup.com/,phishing
https://1146d15.wcomhost.com/,phishing
https://bxgvgqasvbocdcwu-dot-millinium.ey.r.appspot.com/,phishing
https://bladesbeamsandbinos.co.za/,phishing
https://esa.int/,legitimate
https://onclickads.net/,legitimate
https://ksmobile.com/,legitimate
https://ingresso.com/,legitimate
https://mensfitness.com/,legitimate
https://thewrap.com/,legitimate
https://liqwid.net/,legitimate
https://2020122948.top/,phishing
https://dailysabah.com/,legitimate
https://2xbpub.com/,legitimate
https://google.co.za/,legitimate
http://flowplayer.org/,legitimate
http://smiteattacekr.org/,phishing
http://manager-fanpage-detect.online/,phishing
https://meta-for-business-evaluation-advertisement.pages.dev/,phishing
https://instagram06390.blogspot.com.ng/,phishing
https://slimg.com/,legitimate
https://gazeteoku.com/,legitimate
https://scrippscontroller.com/,legitimate
https://gurukulworld.in/,phishing
https://junktitle.top/,phishing
https://pub-558a145eebfd42c9aae67d0c17529214.r2.dev/,phishing
http://avto-usa.by/,phishing
https://itunes.com.ruseac.cn/,phishing
http://laborema.co.za/,phishing
https://mydlink.com/,legitimate
https://gsspat.jp/,legitimate
http://torcache.net/,legitimate
https://eee3115.com/,phishing
https://nbg-banking.web.app/,phishing
https://ukzrhfbn.cn/,legitimate
https://zonelabs.com/,legitimate
https://sso-itrustcapital--com--auth--h.webflow.io/,phishing
https://800wen.com/,legitimate
https://ee.unauthorisedaccount.com/,phishing
https://servicekgn.boats/,phishing
https://9hoho.com/,legitimate
http://ptp24.com/,legitimate
https://pubgmspin11.duckdns.org/,phishing
http://adobedtm.com/,legitimate
https://hm.rebate.regs38.com/,phishing
https://nexcloude.vercel.app/,phishing
https://performgroup.com/,legitimate
http://qdvyzewsmgyuyhfagunpxleffskscotumrmo-dot-offglen.uk.r.appspot.com/,phishing
http://ad.fbmarketpost-ad-vehicle-nr748218591219.click/,phishing
http://legislative-byte.000webhostapp.com/,phishing
https://d5lte8qvc.top/,phishing
https://bca-e2f.pages.dev/,phishing
http://pulsemgr.com/,legitimate
https://seedceo.com/,legitimate
http://adg5ijs.nishezoem.com/,phishing
https://dfdgf46567567.blogspot.co.za/,phishing
http://au.softwareupdates.com.sg/,phishing
http://encontreobb.com.br/,legitimate
https://ducal-initial.000webhostapp.com/,phishing
https://bloombergtradebook.com/,legitimate
https://discord-join-hypesquad.com/,phishing
https://estafeta-com.shop/,phishing
http://online-amerdxde.duckdns.org/,phishing
http://wral.com/,legitimate
https://lzjl.com/,legitimate
http://ee-checksecure.com/,phishing
https://ovjbxxrsxkpmecpegibjgtxjkcelfpaqtrfg-dot-cryptic-now-290917.ey.r.appspot.com/,phishing
http://indigo-spectacular-chiller.glitch.me/,phishing
http://steamcommunity.wallpapers-engine.com/,phishing
https://playnomics.net/,legitimate
http://comixology.com/,legitimate
http://outbrain.com/,legitimate
https://cmptch.com/,legitimate
https://totalfilm.com/,legitimate
http://akarllc.com/,phishing
https://lrqqxdw.ml/,phishing
https://hh94.weebly.com/,phishing
https://dnscheck.yidrotri.sa.com/,phishing
http://leheussupreibra-31692.vercel.app/,phishing
http://markgoldbach.com/,phishing
https://adglue.com/,legitimate
https://tyroodr.com/,legitimate
https://tpb.vn/,legitimate
https://16acc1ba3b3001611.temporary.link/,phishing
http://hadzici.net/,phishing
https://happy-ardinghelli-a4d45f.netlify.app/,phishing
https://groupon.co.uk/,legitimate
https://camplace.com/,legitimate
https://cbox.ws/,legitimate
http://faceebooktags-fr4bz7b5ld9e1ag.camara.ge/,phishing
https://https.www.appleid.com.redirect.redirect.com-myca-logon-us-action.logon-handler-face-en-us.destpage2faccountsummary.cgi-bin.45984644442134.11.appleicaloud.apple-support-online.mixh.jp/,phishing
http://mmnetwork.mobi/,legitimate
http://t4ft.de/,legitimate
https://elo7.com.br/,legitimate
https://whartsapp.top/,phishing
https://biology-main-id100347210522.vercel.app/,phishing
https://rrr234rr3.weebly.com/,phishing
https://yieldoptimizer.com/,legitimate
http://connexity.com/,legitimate
https://address-account-concerns.firebaseapp.com/,phishing
http://amazon-support-sppapahiseuzcmdnqsixbqpcnmmuhqstoreoukcom021.gq/,phishing
https://airfrance.com/,legitimate
https://zillow.com/,legitimate
https://lululemon.com/,legitimate
http://account-security.rsuzmt.shop/,phishing
http://volusion.com/,legitimate
http://newrbx21.blogspot.com.cy/,phishing
http://pinkwapes.ml/,phishing
https://metafacebook100002548.ml/,phishing
https://k-12.cl/,phishing
http://politifact.com/,legitimate
https://instagram.popsaz.com/,phishing
https://iniruoesere.com/,phishing
https://instagramss.rf.gd/,phishing
http://betterfight.org/,phishing
http://youtu.be/,legitimate
https://khuyenmai.xn--napth-fsa.vn/,phishing
https://ucjyuasw.org/,legitimate
https://fb-status-ii0qeos7.juliascloset.lk/,phishing
https://6gforum.net/,phishing
http://puroletor.com-payasj.vip/,phishing
https://clymfwzx.com/,phishing
http://hgrjubwklk.info/,legitimate
https://valaffiliates.com/,legitimate
https://bb.com.br/,legitimate
http://whdwsmbkyob.cc/,legitimate
https://notification-page-claim-restriction-004.my.id/,phishing
https://2023.best-pics.homes/,phishing
http://aryvpjuailmslddf-dot-millinium.ey.r.appspot.com/,phishing
https://carhartt.com/,legitimate
https://safepayeeguard-help.com/,phishing
https://netflixonlinee.blogspot.pe/,phishing
https://blog.toolsxsocial.in/,phishing
http://bangbros.com/,legitimate
https://umunu.com/,legitimate
https://sony.net/,legitimate
https://m2o.it/,legitimate
https://adbooth.net/,legitimate
https://beliefnet.com/,legitimate
https://discuz.net/,legitimate
https://ehowenespanol.com/,legitimate
https://attcom-100956.weeblysite.com/,phishing
http://manta.com/,legitimate
https://viralnewschart.com/,legitimate
https://privateinternetaccess.com/,legitimate
https://radovi-i-clanci.prof.ba/,phishing
http://aav.vof.mybluehost.me/,phishing
http://uimserv.net/,legitimate
https://cnmo.com/,legitimate
https://rightsappealtrustpolicy.vercel.app/,phishing
http://103.149.92.146/,phishing
https://passdigitalpros.com/,phishing
https://target.com/,legitimate
http://hhgghhbghb.blogspot.ae/,phishing
https://javafx.com/,legitimate
https://paypalco.org/,phishing
https://tiqdfh.biz/,legitimate
http://forcefultendervariable.paitoflowe.repl.co/,phishing
https://mail.grupwaxuyya.arga-vt.my.id/,phishing
https://zviigvo.com/,phishing
http://19strikers2.com/,phishing
https://treazoeraelogin.webflow.io/,phishing
http://getithref.freedynamicdns.org/,phishing
https://gobloga4981.blogspot.bg/,phishing
https://88858b.com/,phishing
https://ykxdinmt.com/,legitimate
https://netmahal.com/,legitimate
http://metamaskdrp.azurewebsites.net/,phishing
https://penopetidurip.weebly.com/,phishing
https://000f9e-48.myshopify.com/,phishing
https://admission.net/,legitimate
https://masuk-grup-viral2022.duckdns.org/,phishing
https://dr.dk/,legitimate
http://news.104-168-137-18.cprapid.com/,phishing
https://panorama.it/,legitimate
https://mnfil.cn/,phishing
https://etsy.com/,legitimate
http://trevalari.vercel.app/,phishing
https://irs01.com/,legitimate
http://infonet.vn/,legitimate
http://tmztour.com/,legitimate
https://cetap.com/,phishing
https://rfihub.net/,legitimate
http://noproblemppc.com/,legitimate
https://pub-69b5a60ec18a40f0b76ec98c98812c59.r2.dev/,phishing
https://nydailynews.com/,legitimate
https://softonicads.com/,legitimate
http://ap.org/,legitimate
https://infashionmag.com/,legitimate
https://allperfectlytimed.com/,legitimate
https://audioware.com.br/,legitimate
https://eetsp.ws/,legitimate
https://fbvid3o.xyz/,phishing
https://7np70a2grwkcxtwjyvvmxgzq.microsoftoilne.com/,phishing
https://joingrupp-bkep156.duckdns.org/,phishing
http://formulariolumensal.com/,phishing
https://metamaskjes.azurewebsites.net/,phishing
http://webmotors.com.br/,legitimate
http://incredibarvuz1.com/,legitimate
https://invest--itrustcapital--auth.webflow.io/,phishing
https://msecnd.net/,legitimate
https://bhphotovideo.com/,legitimate
http://abject-credit.surge.sh/,phishing
https://maxthon.com/,legitimate
https://expedia.mx/,legitimate
https://animenewsnetwork.com/,legitimate
https://messagerie-mobile-orange-20211.yolasite.com/,phishing
http://challengermode.blue/,phishing
http://easports.com/,legitimate
https://grubtanteviral.duckdns.org/,phishing
http://sp-content-1tte.vercel.app/,phishing
http://nanigans.com/,legitimate
http://topify.com/,legitimate
https://eb.com/,legitimate
http://bftbc.blogspot.li/,phishing
https://meta-cycle-c1i.pages.dev/,phishing
https://peru-rpost.xyz/,phishing
https://cshaw.bravusmentores.com/,phishing
https://djibbxypely.org/,legitimate
https://getaviate.com/,legitimate
https://linezing.com/,legitimate
https://yceml.net/,legitimate
http://expedia.com.au/,legitimate
http://xwygma.biz/,legitimate
http://corel.com/,legitimate
https://ee.uk-billinfo.com/,phishing
https://mmcdn.cn/,legitimate
https://allsleeping.com/,phishing
https://executivetnavel.com/,phishing
https://puckermob.com/,legitimate
http://mettimasklog-iin.godaddysites.com/,phishing
http://conversionsbox.com/,legitimate
http://bt-108703.weeblysite.com/,phishing
https://ad-serverparc.nl/,legitimate
https://tripadvisor.co.uk/,legitimate
https://eventgetcollects11.dns04.com/,phishing
https://gianjik.lindinaks.dnsabr.com/,phishing
https://https.abuse-privacy-account11012274744205341859.7qngx0feb5-pxr4knlq24gn.p.runcloud.link/,phishing
http://adskyforever.com/,legitimate
http://puroletor.com-payhhd.vip/,phishing
https://rejuvenation.com/,legitimate
http://turunculevye.com/,legitimate
https://prevention.com/,legitimate
https://woot.com/,legitimate
http://account-amz.tk/,phishing
https://4vhcghcj7yddhhfh.xyz/,phishing
https://365online-digitalreviews.com/,phishing
https://sendtonews.com/,legitimate
https://mercadliwbre.260mb.net/,phishing
https://dvtps.com/,legitimate
http://liuy2-lioewis-projects.vercel.app/,phishing
http://pub-fe56991323d74da891817972f680b828.r2.dev/,phishing
https://office.com.office.uce.batman.myshn.net/,phishing
https://pagefair.com/,legitimate
http://ditcent.com/,phishing
https://itau-security.ml/,phishing
https://login.tuch-it.com/,phishing
http://find.my-online.us/,phishing
http://pages05.net/,legitimate
https://casasbahia.com.br/,legitimate
https://syracuse.com/,legitimate
http://authennick.temp.swtest.ru/,phishing
http://pronto.com/,legitimate
https://blessedbox.000webhostapp.com/,phishing
http://infoplease.com/,legitimate
https://kaptcha.com/,legitimate
https://20minutos.es/,legitimate
http://geetsonawane.github.io/,phishing
https://meetttaaamkhsas.azurewebsites.net/,phishing
http://datafastguru.info/,legitimate
http://qualtrics.com/,legitimate
https://informed.deliverywoxdkv.top/,phishing
http://healthcare.gov/,legitimate
https://97df79aa4e9485322.temporary.link/,phishing
https://bafybeidfjclktvnqiwwnmoyrhz52yq5hgh3m4nxkhpzjyyeteo2o7vf3xq.ipfs.dweb.link/,phishing
https://forbesmedia.com/,legitimate
https://opendns.com/,legitimate
https://meta-byte-c9k.pages.dev/,phishing
http://access-trzzor-com-en-cdn.webflow.io/,phishing
https://uspsliteblue-gov.com/,phishing
https://case-review319.xyz/,phishing
https://aemsxa.000webhostapp.com/,phishing
https://wikivoyage.org/,legitimate
https://justlook.tv/,legitimate
https://arunsingh826584.github.io/,phishing
https://bafybeieghdy3zsgkmoae6sxhicqnpad6xmogj4q77dj4jytuprytj7hnc4.ipfs.fleek.cool/,phishing
https://islamicframe.co.uk/,phishing
https://ekuruvisteps.ca/,phishing
https://planet49.com/,legitimate
https://adskolyc.ml/,phishing
https://taboola.com/,legitimate
https://wiktionary.org/,legitimate
https://case-44695201.fbpage-notifications.com/,phishing
https://turkuvazabone.com/,legitimate
http://gameandro.my.id/,phishing
https://wnsqzonebk.com/,legitimate
https://facebook-blog-com.blogspot.co.at/,phishing
http://active-email-kagoya.webflow.io/,phishing
https://larkspurandtea.com/,phishing
http://206.123.153.8/,phishing
https://inspsearch.com/,legitimate
https://shopkrowd.com/,legitimate
https://risingeast.net/,phishing
https://btinternet221.weebly.com/,phishing
https://registeredsite.com/,legitimate
https://pancake-swipe3.vercel.app/,phishing
https://maverifmonmobmobile.com/,phishing
https://cosmopolitan.com/,legitimate
http://fbchatroompics.000webhostapp.com/,phishing
http://findthebest.com/,legitimate
http://dartsearch.net/,legitimate
https://app.com/,legitimate
https://checkmark-opportunity-badge.vercel.app/,phishing
https://a.pple-dl.xyz/,phishing
https://linkbokeptros.000webhostapp.com/,phishing
https://vietid.net/,legitimate
https://xnsports.com/,legitimate
http://pub-6c6b66073e5843e6a1e7c0061c08bfa0.r2.dev/,phishing
http://martinlarosa.com/,phishing
https://gzxpzm.com/,phishing
https://marleyoppressor.co.kr/,phishing
https://nwacmz.cn/,legitimate
https://ryanair.com/,legitimate
https://rkhvtlc.info/,legitimate
https://intelius.com/,legitimate
https://grupoabril.com.br/,legitimate
https://air2s.com/,legitimate
http://radiobeat.com.br/,legitimate
https://sspl.com.auwww.aumx2.sspl.com.auaumx2.sspl.com.auwww.com.auaumx2.sspl.com.auwww.aumx2.sspl.com.auaumx2.sspl.com.au/,phishing
http://abounding-shadowed-month.glitch.me/,phishing
https://hellozaida.tk/,phishing
https://asistant.ddnsking.com/,phishing
http://confirmacionlpinoutlokt.ezzeblog.com/,phishing
http://learn-en-trezr.github.io/,phishing
http://glhxefai.cn/,legitimate
https://mareshopping.com.br/,phishing
https://metamack-loginn.gitbook.io/,phishing
https://popmarker.com/,legitimate
https://agoop.net/,legitimate
https://globalsign.net/,legitimate
http://craigslist.es/,legitimate
https://uprieyivrgd.info/,legitimate
http://networkadvertising.org/,legitimate
https://high-tension-muscle.000webhostapp.com/,phishing
https://dynect.net/,legitimate
http://homepage-netcoiins-web.square.site/,phishing
https://metamaskvalidation.com/,phishing
https://649904.selcdn.ru/,phishing
https://octoshape.eu/,legitimate
https://att-104853.weeblysite.com/,phishing
http://aps-curs-al-dyna-mii-ssl.lat/,phishing
https://aol-mail-106758.weeblysite.com/,phishing
http://departures.com/,legitimate
http://l551002.cc/,phishing
https://hulu.com/,legitimate
https://facebook-verifyissue-meta363.tk/,phishing
http://bolumsonucanavari.com/,legitimate
https://wwe.com/,legitimate
http://codeplex.com/,legitimate
http://voyeurhit.com/,legitimate
https://netflix-paymenterroruk.com/,phishing
https://silverandblackpride.com/,legitimate
https://access-us-netcoins-app.square.site/,phishing
http://foodnetworkstore.com/,legitimate
http://srds.com/,legitimate
https://hao123.com/,legitimate
https://54.173.61.44/,phishing
https://srpx.net/,legitimate
https://facebook-02.gq/,phishing
https://pressurenet.io/,legitimate
http://kishore007raj.github.io/,phishing
https://interesting-murdock.23-95-9-12.plesk.page/,phishing
https://bnsdlksoyewaskdhgnsdhy.xyz/,phishing
http://bncolombia-co-com-colombia.cf/,phishing
https://motiwecdn.com/,legitimate
https://redbookmag.com/,legitimate
https://sli-spark.com/,legitimate
https://snapwidget.com/,legitimate
https://ebay.ph/,legitimate
http://joins-grupsk.duckdns.org/,phishing
https://main.dxmodmppdxcta.amplifyapp.com/,phishing
http://yelp.de/,legitimate
https://chasejpmorgan.ddnsking.com/,phishing
https://asassawwrefrgrgxda.000webhostapp.com/,phishing
https://callofduty.com/,legitimate
http://cbaseeproplogeo.gitbook.io/,phishing
https://yhoo.it/,legitimate
http://grupbokep.virals18.com/,phishing
http://aax4qxqlxdnhr1bes.pages.dev/,phishing
https://jyywjhnsfbvquyfo-dot-millinium.ey.r.appspot.com/,phishing
https://tectonic.net.in/,phishing
https://ctygsgsfgus.org/,legitimate
https://discovercard.com/,legitimate
https://alertbusinessrestricted.duckdns.org/,phishing
http://18.217.22.78/,phishing
http://rockchip.com/,legitimate
https://globo.com/,legitimate
https://msceoconnections.com/,phishing
http://web---cdn-moonpay----login.webflow.io/,phishing
https://mysterytoclaim19.vercel.app/,phishing
https://z9i.e6a.myftpupload.com/,phishing
http://expedia.ca/,legitimate
https://cookingsubstitute.com/,legitimate
https://ystdcru.cn/,legitimate
http://drtvtracker.com/,legitimate
https://grayview.mypi.co/,phishing
http://socialvi.be/,legitimate
https://sofra.com.tr/,legitimate
http://e981ae981a.briandrakebooks.com/,phishing
https://fighteromi5553.github.io/,phishing
http://prnewswire.com/,legitimate
https://chatgpt.jhy323.workers.dev/,phishing
https://pangneral0nlin1.sportsontheweb.net/,phishing
https://ask.com/,legitimate
http://au982o7j1tskl.qwo231sdx.club/,phishing
https://ayosdito.ph/,legitimate
https://ixigo.com/,legitimate
http://accountsafetyrecovery.co.vu/,phishing
https://account-d.docusign.snapclinical.net/,phishing
http://fixweb3connect.pages.dev/,phishing
http://taobaocdn.com/,legitimate
https://imgix.net/,legitimate
http://josue200628.github.io/,phishing
https://mint.com/,legitimate
https://umeng.com/,legitimate
https://build-account-case-qabl.vercel.app/,phishing
http://amz-expert.dev-dinarys.com/,phishing
https://bubblestat.com/,legitimate
https://nbcphiladelphia.com/,legitimate
http://bafybeidjrlaxuqp6gyshoyyqmgkyx3nclqtuchu3wzrhou66pecyqvy7zi.ipfs.dweb.link/,phishing
https://runhaven.com/,legitimate
https://9828rohitkamble.github.io/,phishing
https://state.gov/,legitimate
http://imaginecup.com/,legitimate
http://mark2dota.ru/,phishing
https://google.parser.co.in/,phishing
https://gmasxewuon.com/,legitimate
http://pcworld.com/,legitimate
http://215648956.54644hb.repl.co/,phishing
http://t-mobile.com/,legitimate
http://boatneck-jet-eclipse.glitch.me/,phishing
http://webtretho.com/,legitimate
https://thetvdb.com/,legitimate
http://apply2.treasuryclearinghouse.com/,phishing
https://attorientation.weebly.com/,phishing
https://weknowmemes.com/,legitimate
https://akashwankhede-dev.github.io/,phishing
https://giadinhonline.vn/,legitimate
http://marketo.net/,legitimate
https://3656dd.vip/,phishing
https://mail.dk/,legitimate
http://luntriplbc.fr/,phishing
http://hotdeal.vn/,legitimate
http://workshopauthor.com/,phishing
https://popfixx.com/,legitimate
http://cn-imtoken.me/,phishing
http://x17online.com/,legitimate
https://youku.com/,legitimate
http://reachmax.cn/,legitimate
https://freefollowerplus.top/,phishing
https://mpoweredrec.co.za/,phishing
http://mandatory.com/,legitimate
http://inskinmedia.com/,legitimate
https://redemtiondecember.skom.id/,phishing
https://aceees-helpse.000webhostapp.com/,phishing
https://failed-missed-delivery.com/,phishing
https://jscripts.org/,legitimate
https://snacktools.net/,legitimate
http://radiumone.com/,legitimate
https://olark.com/,legitimate
https://pandawhale.com/,legitimate
http://xosominhngoc.com/,legitimate
http://bgmi-official-rewards.vipcheats.xyz/,phishing
https://ndmjv.blogspot.lu/,phishing
https://blue-darm-spoexi.codeanyapp.com/,phishing
https://brandiandjuan.com/,phishing
https://arcadeyum.com/,legitimate
https://joyfullark.build067.wpsandbox.app/,phishing
https://mightytext.net/,legitimate
https://a0694584.xsph.ru/,phishing
https://grupevnew1.duckdns.org/,phishing
https://mdotm.co/,legitimate
https://disney.com/,legitimate
http://keepitgreenhawaii.com/,phishing
https://ios22.kchen-nl.workers.dev/,phishing
https://rogysyzp.org/,legitimate
https://securenetconnection.com/,legitimate
https://myfreeyp.com/,legitimate
https://xingcloud.com/,legitimate
https://kopimi.com/,legitimate
https://podiumcafe.com/,legitimate
https://joingroupwhtspp7.ygto.com/,phishing
http://1000000123459869581473120000012.tk/,phishing
https://kaltura.com/,legitimate
http://usps.com-trackbyf.top/,phishing
https://m3887358.s3-us-west-1.amazonaws.com/,phishing
https://instahram.zzz.com.ua/,phishing
https://rtbhouse.com/,legitimate
https://five.tv/,legitimate
https://kunstuitleennederland.nl/,phishing
https://dermstore.com/,legitimate
http://fitpregnancy.com/,legitimate
http://aarki.net/,legitimate
https://adzhub.com/,legitimate
http://clientstaticserv.com/,legitimate
https://9ae8d.hidrorural.pt/,phishing
http://geforce.com/,legitimate
https://easportsfifaworld.com/,legitimate
http://buenosearch.com/,legitimate
https://hacettepeprotez.com/,phishing
https://mhontha9921.000webhostapp.com/,phishing
https://theguardian.tv/,legitimate
https://365ggn.com/,phishing
http://learn.hbybit.net/,phishing
https://8236.luenthai.beingmurshad.com/,phishing
https://moe.gov.eg/,legitimate
https://korelanos.za.com/,phishing
https://lcloudinfo.us/,phishing
https://halifax.payeemanagement.org/,phishing
https://goo.ne.jp/,legitimate
https://responsys.net/,legitimate
http://sarpetrol.com.tr/,phishing
https://chauhanestate.com/,phishing
http://grup-bokep-hot-mamah-muda.000webhostapp.com/,phishing
https://taylorswift.com/,legitimate
https://yelp.ca/,legitimate
https://invite-discord.pro/,phishing
https://q1media.com/,legitimate
https://snxd.com/,legitimate
https://dentalcartier.com/,phishing
https://payoneer.com/,legitimate
http://aditya7447.github.io/,phishing
http://icld.buzz/,phishing
https://magnificent-mermaid-c9da18.netlify.app/,phishing
https://postinfractionadzone-tau.vercel.app/,phishing
http://tintuconline.com.vn/,legitimate
http://pressly.com/,legitimate
https://baotintuc.vn/,legitimate
https://rmncdn.com/,legitimate
https://vizejs.info/,legitimate
https://priyachimurkar1.github.io/,phishing
https://requrections-bussinese-c1711p-infosecurexq.pages.dev/,phishing
https://aruba-2020.jdevcloud.com/,phishing
http://brasscare.co.uk/,phishing
https://data-center-reporting-impersonation.pages.dev/,phishing
https://appeal-status-100642879461.web.app/,phishing
http://kindom.com.co/,phishing
http://baza.vn/,legitimate
https://go.votefest-online.top/,phishing
https://glleze.com/,phishing
https://haizap.com/,legitimate
https://commentsfb-dqg7bz3dig.libkrasnopolie.by/,phishing
https://download-ap.com/,legitimate
https://etrade.com/,legitimate
https://gazeta.pl/,legitimate
http://mm_mettaamak_logg-in3.godaddysites.com/,phishing
http://megaoferta.net/,legitimate
http://buzzle.com/,legitimate
https://ombnvkjzqsjpuohxorwzmarchn-dot-poised-bot-306515.uk.r.appspot.com/,phishing
http://kjqd.azurewebsites.net/,phishing
https://ace-preservation.com/,phishing
https://zero-team.com/,legitimate
https://ardowsbee.za.com/,phishing
https://thoiloan.vn/,legitimate
https://nbxaqtrimbvimk.com/,phishing
https://ruoxygzmb.wcnv20.cn/,phishing
https://lastvestige.net/,phishing
https://dailytech.com/,legitimate
http://esquire.com.tr/,legitimate
https://adtimaserver.vn/,legitimate
https://hiphopmyway.com/,legitimate
https://newinputinfoservice.com/,legitimate
https://royalrabcinfos.com/,phishing
http://applnch-305180638.sangekasra.ir/,phishing
https://amanrwtsre.github.io/,phishing
https://odcdn.com/,legitimate
http://5f1b65864cf03.site123.me/,phishing
https://199960254887-199960254887199960254887--199960254887199960254887.skylightsurgical.com/,phishing
https://peakgames.net/,legitimate
https://redirecting.ws/,legitimate
http://alvoagricola.com.br/,phishing
https://lightneningprocess.s3.eu-de.cloud-object-storage.appdomain.cloud/,phishing
https://owa.outlookvoiceaccess.ga/,phishing
https://hhftx.blogspot.md/,phishing
https://1001zzz.myportfolio.com/,phishing
https://lolking.net/,legitimate
http://wowinterface.com/,legitimate
http://priivacy-protections-pages-recovry.gq/,phishing
http://e-kolay.net/,legitimate
https://ataandtservicermember.godaddysites.com/,phishing
http://marketwatch.com/,legitimate
https://treasureholics.com/,phishing
https://metemsklogxn.webflow.io/,phishing
https://assist-authority-briefing-society.trycloudflare.com/,phishing
https://consumerinput.com/,legitimate
http://mail.capitaloneserviceintl.com/,phishing
https://account-update1526323.org/,phishing
https://iconarchive.com/,legitimate
https://bigbrothern.viewdns.net/,phishing
https://icloud-lost.itech-server.us/,phishing
https://business-advertise-case-b296a.web.app/,phishing
https://mega-liquida-tudo-relampago.com/,phishing
http://facebook-marketplace-item.83645784263476.live/,phishing
https://dhs.gov/,legitimate
https://tentaculos.net/,legitimate
https://advertisingerror-needinfo-peru.firebaseapp.com/,phishing
https://anuragrauniyar.github.io/,phishing
http://owa.biondisanti-it.com/,phishing
https://banerator.net/,legitimate
http://mihanblog.com/,legitimate
http://hmrc-tax-rebateform.com/,phishing
https://portal--ndax--io-cdn---autth.webflow.io/,phishing
https://starbucks.com/,legitimate
http://ddnebnwogv.info/,legitimate
http://account.avenir-mutuelle.com/,phishing
https://eba-kappa.vercel.app/,phishing
http://methasmaosklogi.godaddysites.com/,phishing
http://v-vpass-jp.jzny1681.com/,phishing
http://request-account-support-id79406327.vercel.app/,phishing
https://ch03332.tw1.ru/,phishing
https://animetoon.tv/,legitimate
https://wmyjwfixhk.net/,legitimate
http://bershueirseaiser.duckdns.org/,phishing
https://my--secure--ndax-auth.webflow.io/,phishing
http://opm.gov/,legitimate
http://donh700.wixsite.com/,phishing
https://starzone.info/,legitimate
http://uzjvh.com/,legitimate
http://fluxweb3trust.qpon/,phishing
https://link-rewarddana.id-17indo.my.id/,phishing
http://techz.vn/,legitimate
https://thesuperficial.com/,legitimate
https://sellpoints.com/,legitimate
https://pool-141.serpgold.com/,phishing
https://goldart198.temp.swtest.ru/,phishing
https://bycontext.com/,legitimate
https://onlinecreditcenter6.com/,legitimate
http://dedicatedmedia.com/,legitimate
https://g8teway.com/,legitimate
http://54219.m.jiacaikeji.com/,phishing
https://jiathis.com/,legitimate
https://acnrcvry.kezunlxgra-ewl6n1jmj352.p.runcloud.link/,phishing
https://dailyveso.com/,legitimate
https://crystal-hollow-892.pages.dev/,phishing
http://andresdiaz.pymesonline.co/,phishing
http://nrgbinary.com/,legitimate
https://saltco.biz/,phishing
https://weightwatchers.com/,legitimate
http://stargazete.com/,legitimate
https://branchdata8291.otzo.com/,phishing
http://nightowlsp.pythonanywhere.com/,phishing
http://tampabay.com/,legitimate
http://becuk.link/,phishing
https://airbnb.com/,legitimate
https://komikler.com/,legitimate
http://gpm-digital.com/,legitimate
http://canadapost.ca/,legitimate
http://waterfrontmedia.com/,legitimate
https://nanoro4242.temp.swtest.ru/,phishing
https://ampxchange.com/,legitimate
https://stereogum.com/,legitimate
https://loop11.com/,legitimate
http://mods-exams.com/,phishing
http://mininova.org/,legitimate
http://komiksozler.net/,legitimate
http://vinsight.de/,legitimate
https://realfix.netlify.app/,phishing
http://clixmetrix.com/,legitimate
https://facebook9985.blogspot.dk/,phishing
https://meta-support-databook.pages.dev/,phishing
https://hollywoodtuna.com/,legitimate
https://adfrontiers.com/,legitimate
https://pennlive.com/,legitimate
http://bbb.org/,legitimate
https://mylogln-auth-liveledgs.webflow.io/,phishing
https://rocketadserver.com/,legitimate
https://ameli-fr-mobile.xyz/,phishing
https://aserg-105977.weeblysite.com/,phishing
http://confident-dijkstra-21e78b.netlify.app/,phishing
https://globaltestmarket.com/,legitimate
https://vimg.net/,legitimate
http://artisantools.com/,legitimate
http://wealthfront.com/,legitimate
http://livro-liard.vercel.app/,phishing
http://member-garena.vn/,phishing
https://wapkaimage.com/,legitimate
https://pongponga.000webhostapp.com/,phishing
https://webhst.com/,legitimate
https://aartimkarande.in/,phishing
http://fwzbnloz.blue/,phishing
http://bluekai.com/,legitimate
http://b09ed06c.gskjdfegwhu.shop/,phishing
http://dintelconstructores.com.co/,phishing
http://34-216-34-118.cprapid.com/,phishing
https://ikea.com/,legitimate
http://noktamedya.com/,legitimate
http://purebreak.com.br/,legitimate
https://contentabc.com/,legitimate
http://tube8.com/,legitimate
https://cx63787.tmweb.ru/,phishing
https://laweekly.com/,legitimate
https://corona-explained.com/,phishing
http://vividseats.com/,legitimate
http://deseretnews.com/,legitimate
https://yieldkit.com/,legitimate
http://mail.itaucard-descontos.club/,phishing
https://savefreescoresseekers.me/,legitimate
https://hurlist.com/,legitimate
https://cluetrain.co.jp/,phishing
https://mobilepassback.com/,legitimate
http://fwmrm.net/,legitimate
http://07958cb94a76ae165799ce367545.pages.dev/,phishing
https://expedia.it/,legitimate
https://leguide.com/,legitimate
https://gossipcenter.com/,legitimate
https://fimograph.com/,phishing
https://decompras.com/,legitimate
http://page-contact-center9520014.com/,phishing
http://hudong.com/,legitimate
http://47b53562.voag.cn/,phishing
https://lnk-vrlvidio2022.duckdns.org/,phishing
https://pressroomvip.com/,legitimate
http://bbelements.com/,legitimate
https://cdncontents.com/,legitimate
https://meltdsp.com/,legitimate
http://protectionsecureity0487354for47650outlookonline.com/,phishing
https://madnet.ru/,legitimate
https://hutezhgxndhcltai-dot-millinium.ey.r.appspot.com/,phishing
https://guiamais.com.br/,legitimate
https://sinajs.cn/,legitimate
http://chat-whatsapp-bdddgxi8odkrtkwmgyz1.duckdns.org/,phishing
http://yaolan.com/,legitimate
https://googlepages.com/,legitimate
https://sap2221h92.cc/,phishing
http://ahindveyunnndfcixckkouqhkecbrjkevybz-dot-solar-vertex-285913.rj.r.appspot.com/,phishing
http://newsqthdp25.uwfs.xyz/,phishing
http://btstatic.com/,legitimate
https://usyncapp.com/,legitimate
http://mapticket.net/,legitimate
https://icscards.nl-privateserver.eu/,phishing
https://bwbx.io/,legitimate
https://seahawks.com/,legitimate
https://fb-74875217845217-com.preview-domain.com/,phishing
https://mirror-image.net/,legitimate
https://estara.com/,legitimate
http://loginmicrosoftonline.room.reservations.qrprevencion.cl/,phishing
https://dfhtw.blogspot.ug/,phishing
http://porntube.com/,legitimate
https://read-99307700.bid-digital.com/,phishing
https://houstonwheelrepair.org/,phishing
https://esm1.net/,legitimate
https://thenextweb.com/,legitimate
https://ink1001.com/,legitimate
https://kirken-logi_us.godaddysites.com/,phishing
https://freewebs.com/,legitimate
http://walgreens.com/,legitimate
http://cdn-help-hub-trezor-io.webflow.io/,phishing
https://4d87d2c7.elonten.cn/,phishing
https://neon-lab.com/,legitimate
https://devicescape.net/,legitimate
http://microsoft-login-one.vercel.app/,phishing
http://lge.com/,legitimate
http://zunrobjo.cc/,legitimate
https://paypal.co.uk.lup7.icu/,phishing
https://legacy.net/,legitimate
https://mazdausa.com/,legitimate
http://steam.tzevania.com/,phishing
http://inspcloud.com/,legitimate
https://dbesmdcjzturhizszllesbthsn-dot-gl44393333333.rj.r.appspot.com/,phishing
http://airdrop-cb.com/,phishing
http://rapid-queen-ba5f.jomiloritejo.workers.dev/,phishing
http://a0681896.xsph.ru/,phishing
https://freefireredamcodes.blogspot.com/,phishing
http://peixeurbano.com.br/,legitimate
http://telegraaf.nl/,legitimate
http://flattr.com/,legitimate
https://grubuwoe01.sixsrv.com/,phishing
http://pvesps.blogspot.sn/,phishing
https://channeladvisor.com/,legitimate
https://wsjwine.com/,legitimate
https://bookmyhousemaids.com/,phishing
https://hub.am/,legitimate
http://bpkad.belitung.go.id/,phishing
http://dogspital.com/,phishing
https://coastalliving.com/,legitimate
https://eventcenterpubgm.com/,phishing
https://917934592225-917934592225917934592225917934592225917934592225.bearersurgical.com/,phishing
https://juksr.com/,legitimate
http://efbfr.blogspot.is/,phishing
https://attdomaincastservicess.weebly.com/,phishing
http://epalaxghv.cc/,legitimate
https://heise.de/,legitimate
https://bidswitch.net/,legitimate
https://xdealvn.com/,legitimate
http://pulse.io/,legitimate
https://cdshzchpcxhriq.vwk.my.id/,phishing
https://binezn.net/,phishing
http://bghkr90jh.misecure.com/,phishing
https://cumhuriyet.com.tr/,legitimate
http://ocampopinzon.wixsite.com.usrfiles.com/,phishing
https://att-106905.weeblysite.com/,phishing
http://52.203.34.9/,phishing
https://everydayjanetravel.com/,phishing
https://turn.com/,legitimate
http://tnaflix.com/,legitimate
https://pub-75da366beaec4e759d6abfad401e6892.r2.dev/,phishing
https://mailmail-hot-livehotmail971.weebly.com/,phishing
https://sso-eng---ca-netcoins-com-cdn--autth.webflow.io/,phishing
https://recondite-important-rosehip.glitch.me/,phishing
http://westelm.com/,legitimate
https://milevo.com.br/,legitimate
https://picdn.net/,legitimate
https://thefalcoholic.com/,legitimate
https://mail.dibf1.nag4.com.tr/,phishing
https://pornmd.com/,legitimate
https://810jjvubc.indylatinawrds.com/,phishing
https://att-105201.weeblysite.com/,phishing
https://joshuaass.com/,phishing
https://cometourgeorgia.com/,legitimate
https://yuq.me/,legitimate
http://inatjs.info/,legitimate
http://sunset.com/,legitimate
http://wd2go.com/,legitimate
https://tiki.vn/,legitimate
http://gurukulkhurai.org/,phishing
https://vechai.info/,legitimate
https://b15da0af.eaglee.cn/,phishing
http://streancowmunity.ru/,phishing
https://attlinknet.weebly.com/,phishing
http://ssl-images-amazon.com/,legitimate
https://21495384.top/,phishing
https://becjmqxowutitycu-dot-millinium.ey.r.appspot.com/,phishing
https://iasds01.com/,legitimate
https://bombaydevelopers.com/,phishing
https://mfb-100088334.logisphere2846.click/,phishing
https://wsjradio.com/,legitimate
http://wimwbh.net/,legitimate
https://721verifymaillahsydb344553578verifymaillahsydb3445535789.weebly.com/,phishing
https://itachs7211.c1.biz/,phishing
https://doracdn.com/,legitimate
https://pontos-vantagens.dynv6.net/,phishing
http://cymera.com/,legitimate
https://bounceexchange.com/,legitimate
https://sso-ndax-io---cdn--authd.webflow.io/,phishing
http://sf49ers.com/,legitimate
https://peoplepc.com/,legitimate
http://irishcentral.com/,legitimate
https://zdnet.com/,legitimate
https://charitynavigator.org/,legitimate
https://limited-tknmint96.vercel.app/,phishing
https://contentexplorer.net/,legitimate
http://networkedblogs.com/,legitimate
https://axs.com/,legitimate
https://vinitsangwan.github.io/,phishing
http://muhammadnomankhan482.github.io/,phishing
https://tmomail.net/,legitimate
https://supportameli.top/,phishing
https://nanglobal.com/,legitimate
https://youdaohhvt.top/,phishing
https://operadorrapido-centralsimplessolucao.com/,phishing
http://socialsecurity.gov/,legitimate
http://accban-71830095.kahulasup.ch/,phishing
https://echiui.com/,legitimate
https://stubhub.co.uk/,legitimate
https://smithmicro.com/,legitimate
https://blackopera.live/,phishing
http://onlineban.tk/,phishing
https://gogoanime.com/,legitimate
https://woopra.com/,legitimate
https://eclectic-tala.com/,phishing
https://expedia.com.br/,legitimate
https://juronika.com/,phishing
http://flux.com/,legitimate
https://attestationserviceenligne.com/,phishing
https://obrademariabrasilia.com/,phishing
https://getrockerbox.com/,legitimate
https://mttb1.com/,phishing
http://mlstat.com/,legitimate
https://medicinenet.com/,legitimate
http://colourjobs.com/,phishing
https://winaffiliates.com/,legitimate
http://mangafox.me/,legitimate
https://solo-launcher.com/,legitimate
http://aingdek.my.id/,phishing
http://laughingsquid.com/,legitimate
http://dellsupportcenter.com/,legitimate
https://infogame.vn/,legitimate
https://kjhkhkhkhkhkhkhkhkhkj.firebaseapp.com/,phishing
https://threattrack.com/,legitimate
https://mail.fb-logincy0qr.vip-give77.xyz/,phishing
https://20200724000035.s2pe7ed9y.rj.r.appspot.com/,phishing
http://ledger-support.netlify.app/,phishing
https://above-mentioned-wai.000webhostapp.com/,phishing
https://comicvine.com/,legitimate
https://durr.vercel.app/,phishing
http://juno-109875.weeblysite.com/,phishing
https://hahatimes.com/,legitimate
http://smarterpowerunite.com/,legitimate
http://skkkzsym.net/,legitimate
https://altervista.org/,legitimate
https://baalwpbn.biz/,legitimate
https://pornhub.com/,legitimate
https://qcloud.com/,legitimate
https://entryofamerica.com/,phishing
https://1pancakeswap.com/,phishing
http://motarjemonline.com/,phishing
https://hotmail-101606.weeblysite.com/,phishing
https://swagbucks.com/,legitimate
https://nicovideo.jp/,legitimate
https://msocsp.com/,legitimate
http://kayak.dk/,legitimate
https://liftdna.com/,legitimate
http://qxozhjg.flkzwaajwseo.es/,phishing
https://minecraftevi.com/,legitimate
https://dropboxusercontent.com/,legitimate
https://caffenapolinyc.com/,phishing
http://reason.com/,legitimate
https://rtbpopd.com/,legitimate
http://arrowformations.com/,phishing
https://amnzsv.000webhostapp.com/,phishing
http://wsi.com/,legitimate
https://attnetw.weebly.com/,phishing
https://lporirxe.com/,legitimate
http://hnten.blogspot.md/,phishing
https://a.fgrehrr.com/,phishing
http://grupmabar-cimbrutmunis.tk/,phishing
https://quora.com/,legitimate
https://sportsnet.ca/,legitimate
http://soft365.com/,legitimate
https://myworld-rek.biz.id/,phishing
https://onetimeatt82116.activehosted.com/,phishing
http://borsahaber.com/,legitimate
http://mathtag.com/,legitimate
https://audible.co.uk/,legitimate
https://cn13739.tw1.ru/,phishing
http://iinmobi.com/,legitimate
https://attt-mailbox.weeblysite.com/,phishing
http://alternet.org/,legitimate
https://bodybuilding.com/,legitimate
https://na9j3ijjfi3.vercel.app/,phishing
https://juicyads.com/,legitimate
http://r29static.com/,legitimate
https://allvoices.com/,legitimate
https://sezgisel.com/,legitimate
https://lgin1ve.000webhostapp.com/,phishing
https://oranara.com/,legitimate
https://medianetadvertising.com/,legitimate
https://written.com/,legitimate
https://walmartstores.com/,legitimate
http://bhcvjgb.weebly.com/,phishing
https://airport.us/,legitimate
https://fb.com-80322399.jaynerenault.co/,phishing
https://dcaridting.com/,phishing
https://emprendebdv-online-002.pages.dev/,phishing
http://docusign-esign120625docs8293hihe038docu93sign0383secured2948.s3-bkk.nipa.cloud/,phishing
https://grapeshot.co.uk/,legitimate
https://c-span.org/,legitimate
https://eoccqzwk.info/,legitimate
http://openxadexchange.com/,legitimate
https://cnfirmpagesupport.co.vu/,phishing
http://ariamax.it/,legitimate
https://lazada.vn/,legitimate
https://m.ncr7668.com/,phishing
https://sap1631sve.cc/,phishing
https://gscontxt.net/,legitimate
https://czsqmxuztzwdfdplwnivwixjzyouurijlyxx-dot-cryptic-now-290917.ey.r.appspot.com/,phishing
https://dmcdn.net/,legitimate
https://abc.wangxuyangs.top/,phishing
http://lexity.com/,legitimate
https://sportstadio.it/,legitimate
https://bafybeid64tueroprzlinrrcq2rhqhk3lj2zkrvfd7qamyrccvcpkmgexyq.ipfs.cf-ipfs.com/,phishing
https://livejasmin.com/,legitimate
http://chango.com/,legitimate
https://dmvca.piugq.vip/,phishing
http://ekpntytkusvrfpwzdkeczlsxrxtpbarsttpl-dot-cryptic-now-290917.ey.r.appspot.com/,phishing
http://dantri.com.vn/,legitimate
https://eptpkxwzucxgylgposbqxdfzrc-dot-gl099898987fhkl.uk.r.appspot.com/,phishing
https://paiement.swisscom2.com-f4aa23b4.automoto-show.fr/,phishing
https://qowatfdl.info/,legitimate
http://annas-beautiful-site-a731f1.webflow.io/,phishing
http://image-gj796bnh.btlyngby.dk/,phishing
https://bmwusa.com/,legitimate
https://abullseyeview.com/,legitimate
http://gratisfreefirievent.duckdns.org/,phishing
http://ticketmaster.es/,legitimate
http://token.ro/,legitimate
https://adplus.co.id/,legitimate
https://pub-f348d49526134853967bfae2be533c00.r2.dev/,phishing
https://developermedia.com/,legitimate
https://hvlznkdjnk20.allcleanbydee2.com/,phishing
https://aib-securedatalogin.com/,phishing
http://theonion.com/,legitimate
https://onthemedia.org/,legitimate
http://att-100903.weeblysite.com/,phishing
http://backup.com/,legitimate
https://oauth---m--sso-trezur-web.webflow.io/,phishing
https://yelp.com/,legitimate
http://pshpkenya.org/,phishing
https://myfitnesspal.com/,legitimate
https://bossip.com/,legitimate
https://amaozn.ssoooo.com/,phishing
https://edmunds-media.com/,legitimate
https://gatjooking.com/,phishing
https://booksamillion.com/,legitimate
https://chel.su/,legitimate
https://xe.com/,legitimate
https://petflow.com/,legitimate
http://register.com/,legitimate
https://hotelurbano.com.br/,legitimate
http://rotowire.com/,legitimate
http://altafkhan098.github.io/,phishing
http://networkmagic.com/,legitimate
http://fbtags-89766002.baraan.pk/,phishing
http://pub-4be40c14c04c412ab10746d3dc8c1b61.r2.dev/,phishing
https://adacado.com/,legitimate
https://kvnblogs.000webhostapp.com/,phishing
https://aluminum-cyclic-decision.glitch.me/,phishing
https://spilgames.com/,legitimate
http://barclaycardus.com/,legitimate
https://ksw79v820z.2341.gencmert.com/,phishing
https://9ou4sjn.ytyukai.cn/,phishing
http://mail.ijlk-marsoop.jimakutaz.biz.id/,phishing
https://us--en-ledgerlive.webflow.io/,phishing
https://resorier-peg.site/,phishing
https://impawards.com/,legitimate
https://admin-node-verification.pages.dev/,phishing
http://atlassbx.com/,legitimate
https://jueux.ws/,legitimate
https://glo.bo/,legitimate
https://workopolis.com/,legitimate
http://apsplantation.tk/,phishing
https://puretracks.com/,legitimate
https://em1-ds44-e90.web.app/,phishing
https://parenttoolkit.com/,legitimate
https://autogielda-zalewski.pl/,phishing
https://gov.uk-dwplin.icu/,phishing
http://nassvalleyrest.com/,phishing
https://pub-3b7b8e6ff8d744718348f6b6ff779463.r2.dev/,phishing
https://zap.com.br/,legitimate
http://dapps-walletvalidate.netlify.app/,phishing
https://blue968491.studio.site/,phishing
https://kmylvwo5.com/,legitimate
https://imtoken-ai.ist/,phishing
https://facebook72632.klikdisinii2023.my.id/,phishing
https://fb-recovery-account339-tw.ml/,phishing
https://accoona.com/,legitimate
https://gemiuieuchange.godaddysites.com/,phishing
https://docusign.net/,legitimate
https://startpage.com/,legitimate
https://czech-open.eu/,phishing
https://usps.com-tracking-helpsti.cc/,phishing
https://cast-error-log-git-main-nagglutinint.vercel.app/,phishing
http://afcdn.com/,legitimate
https://grupvv25.duckdns.org/,phishing
https://apps---web--xodus.webflow.io/,phishing
http://pingdom.net/,legitimate
https://gmail.confrimaccount.support/,phishing
https://wowpedia.org/,legitimate
https://ccsscs.boxmode.io/,phishing
https://fuq.com/,legitimate
https://gcmmh.org/,phishing
https://live365.com/,legitimate
http://americauffe.com/,phishing
https://tv.com/,legitimate
http://jhgkjugtui.ga/,phishing
http://officialclaimmainpage.my.id/,phishing
https://homedecorators.com/,legitimate
http://efbqw.blogspot.tw/,phishing
http://rakuten-buy.com/,phishing
https://aggiob.site.tb-hosting.com/,phishing
https://ayce.com.au/,phishing
https://shopperapproved.com/,legitimate
https://likdln12.weebly.com/,phishing
http://outlook-102573iuytr.weeblysite.com/,phishing
https://higbvtsakmcurbyr-dot-millinium.ey.r.appspot.com/,phishing
https://angry-simple-scent.glitch.me/,phishing
https://maquinadevendas.com.br/,legitimate
https://yougov.com/,legitimate
https://virusfree.cz/,legitimate
https://mensajeaudios.servehalflife.com/,phishing
http://sendevent.net/,legitimate
http://bugs.somosvoodoo.com/,phishing
http://ctx.ly/,legitimate
http://bqfhmcnsolt.ws/,legitimate
https://gakrvwufrvhxjaabezdbltlhff-dot-gl44393333333.rj.r.appspot.com/,phishing
https://fastcolabs.com/,legitimate
http://xfinity.com/,legitimate
https://cr71595.tw1.ru/,phishing
http://xadcentral.com/,legitimate
https://khon2.com/,legitimate
https://freeonlinegames.com/,legitimate
http://getresponse.com/,legitimate
http://myinfotopia.com/,legitimate
http://icloud.com/,legitimate
http://cafeland.vn/,legitimate
https://quicktransmit.com/,legitimate
http://everesttech.net/,legitimate
https://pubgxsuitposeidon.sytes.net/,phishing
https://m-facebook-com-facebook.blogspot.com/,phishing
https://2d260379.nip.io/,phishing
http://discover.com/,legitimate
https://58883655.cc/,phishing
https://projone.net/,legitimate
https://mastercard.com/,legitimate
http://grupbokepdewasa.whatsatpp.com/,phishing
https://hoptopboy.com/,legitimate
https://united.com/,legitimate
https://smi2.ru/,legitimate
http://afiliadomagalu.com/,phishing
http://helpdesksupportrestrict065654.web.app/,phishing
https://lpcdn.ca/,legitimate
https://drmarciovaleriano.com.br/,phishing
https://businesswire.com/,legitimate
https://rbveuyeeigevyeegvgy.smartprimaqualita.com/,phishing
http://auspost.deliveryitems23.com/,phishing
https://aperzs.000webhostapp.com/,phishing
https://bradescocelular.com.br/,legitimate
https://ppverify03.com/,phishing
https://adbabylon.com/,legitimate
http://agencianove.marketing/,phishing
http://hidroconsultoria.com.br/,phishing
https://ksf.org.ua/,phishing
https://mail.grupwaviralxnxx.guied7.my.id/,phishing
http://authorize.net/,legitimate
http://costco-static.com/,legitimate
https://claim-rec.vercel.app/,phishing
https://get-verified-badge-service-official-form0.vercel.app/,phishing
https://meraki.com/,legitimate
https://sonic.com/,legitimate
https://microsoft-support-16x.pages.dev/,phishing
https://schnutzelhuber.com/,legitimate
https://gomtv.com/,legitimate
http://fl.de11ty.top/,phishing
https://mtpxqzoccfusftdd-dot-millinium.ey.r.appspot.com/,phishing
https://profanity-6098490332.alerta-digital.mx/,phishing
https://mmtro.com/,legitimate
http://ikneuxnhw.com/,phishing
https://yelp.co.nz/,legitimate
https://cnetfrance.fr/,legitimate
https://citicards.com/,legitimate
http://mayoclinic.com/,legitimate
https://customerservicesupport.my-free.website/,phishing
https://gmfdyonl.cc/,legitimate
https://ldjbsgcqmaqnfoyg-dot-millinium.ey.r.appspot.com/,phishing
https://emarbox.com/,legitimate
https://gabungwagrub10.join-wa.net/,phishing
https://chaf-whstsapp.com/,phishing
http://imguol.com/,legitimate
http://grubciwiciwi-viral290.duckdns.org/,phishing
http://auas-post.top/,phishing
https://ee19b6a6.ilekdfjcxm.shop/,phishing
https://kdnet.net/,legitimate
https://sgnapps.com/,legitimate
https://adpredictive.com/,legitimate
http://ymail.com/,legitimate
https://digisapphire.com/,phishing
http://mylifewithgarlic.com/,phishing
https://gfsrv.net/,legitimate
https://billinvoicee.com/,phishing
http://bkrtx.com/,legitimate
http://infoaxe.com/,legitimate
https://rtalabel.org/,legitimate
https://bt-107215.weeblysite.com/,phishing
http://zbwdqg.net/,legitimate
http://bridge-wallet-trezor.pages.dev/,phishing
https://mackeeper.com/,legitimate
https://08group.tv/,phishing
https://nexo.abc.br/,phishing
https://glotorrents.com/,legitimate
https://dudamobile.com/,legitimate
http://sitepoint.com/,legitimate
http://pub-6f5f5befe14e4f778ca278fd7e0a2abf.r2.dev/,phishing
https://52.71.198.140/,phishing
https://minecraftforums.net/,legitimate
https://crawlability.com/,legitimate
https://bizj.us/,legitimate
http://platform5658432.jelastic.dogado.eu/,phishing
https://helpinfo2021.reconfirmations-pages-2021.my.id/,phishing
https://0z9kmrypf55vlpkjiyhtzuwfzss.qwo231sdx.club/,phishing
https://chartbeat.com/,legitimate
https://azdjforhire.com/,legitimate
http://perfectmarket.com/,legitimate
https://mathews-thomas.github.io/,phishing
https://zassets.com/,legitimate
https://apememdm.hyperphp.com/,phishing
https://mnetads.com/,legitimate
https://travelchannel.com/,legitimate
http://aidw.ga/,phishing
https://futureplc.com/,legitimate
https://adityadabral49.github.io/,phishing
https://klart.se/,legitimate
https://bt-102035.weeblysite.com/,phishing
http://msftncsi.com/,legitimate
https://currently87655.weebly.com/,phishing
https://rectifybinan.quest/,phishing
https://putlocker.bz/,legitimate
https://hnhaochi.com/,phishing
https://tekblue.net/,legitimate
https://france24.com/,legitimate
https://lifestyleasia.com/,legitimate
https://dataxu.com/,legitimate
https://2e8b6305.hxy21jc-p.cn/,phishing
http://9068630a210a12d3d5b8c7545bd6e2f5-dot-gle9392420309493993.rj.r.appspot.com/,phishing
https://moving.com.br/,legitimate
https://gameforge.com/,legitimate
http://makeupshows.000.pe/,phishing
https://in318-a0ct3r.com/,phishing
https://parperfeito.com.br/,legitimate
https://tvbythenumbers.com/,legitimate
https://trialpay.com/,legitimate
https://53-alert-ref4.azurewebsites.net/,phishing
https://altmetric.com/,legitimate
https://extent-poison-readers-sunglasses.trycloudflare.com/,phishing
https://gnu.org/,legitimate
https://posts-3243011710.smarttechno.hr/,phishing
http://appeal-fb-copyright182751.web.app/,phishing
https://5b9c7b2f.sz-cdl.cn/,phishing
http://rp-57400059.vstree.ca/,phishing
https://bt-105953.weeblysite.com/,phishing
https://lifestylejournal.com/,legitimate
https://pandasecurity.com/,legitimate
https://grup-yutuberfreefire.ikwb.com/,phishing
https://ctpost.com/,legitimate
http://block-invalidname.com/,phishing
https://thenation.com/,legitimate
https://induakeriak1.tarungdrajatsiokalama.com/,phishing
http://idevicesmaps.us.bigboss-mx.com/,phishing
https://group-video-bokep18.duckdns.org/,phishing
https://ngbcd.blogspot.fi/,phishing
https://djhh56tjhvyu65ujio7865tyefgjirewrdfg87y743.on.fleek.co/,phishing
http://azlyrics.com/,legitimate
https://krakenlogin-usa.mystrikingly.com/,phishing
http://sainelshelhiootecario.com/,phishing
https://bbcomcdn.com/,legitimate
http://35.188.27.168/,phishing
https://jumptime.com/,legitimate
https://townhall.com/,legitimate
https://ndaxlogin-sso-auth-ca.webflow.io/,phishing
http://argynniscorp.com/,phishing
https://admeld.com/,legitimate
https://bblr.me/,legitimate
https://uniblue.com/,legitimate
https://eef.qdcy87.icu/,phishing
https://ooroschwlkvehjxvbuhoivvsgl-dot-gl099898987fhkl.uk.r.appspot.com/,phishing
https://pornstargalore.com/,legitimate
https://case1006sgc22xvda86168-egh44w-hiep22t.vercel.app/,phishing
http://office365.it.support.valiidemail.com/,phishing
https://account-alert-center.pages.dev/,phishing
https://apples-care-24x7.pages.dev/,phishing
https://free-badge-program.vercel.app/,phishing
https://att-inc-107691.weeblysite.com/,phishing
https://telstrapulsereactivation.framer.website/,phishing
https://mognbliiegnsfaogasegasfdhjas.xyz/,phishing
https://log-uphold---cdns.pages.dev/,phishing
https://dsmmadvantage.com/,legitimate
https://comcast.com/,legitimate
https://impotsd.beget.tech/,phishing
https://40gtko.40261.81935.m.shuaihu99.com/,phishing
https://findagrave.com/,legitimate
http://omgfacts.com/,legitimate
http://ultradns.co.uk/,legitimate
https://autoconfig.rgconsultinc.com/,phishing
https://appeal-a15fe.web.app/,phishing
https://livewalletconnect.blogspot.ug/,phishing
https://usatodayeducation.com/,legitimate
https://9gaging.com/,legitimate
http://workers-playground-wandering-dew-9153.jusang425.workers.dev/,phishing
https://stackexchange.com/,legitimate
https://otherlevels.com/,legitimate
https://andomedia.com/,legitimate
https://priyanshiraghav09.github.io/,phishing
https://login.mizu-hoesbanka-jp.cyou/,phishing
https://remondremesere-bfeb2.web.app/,phishing
https://wordcentral.com/,legitimate
http://eccmp.com/,legitimate
http://pmlatam.com/,legitimate
http://discogs.com/,legitimate
https://epicurious.com/,legitimate
https://zoopla.co.uk/,legitimate
http://arms1.s-ss.co.jp/,phishing
https://ebible.com/,phishing
http://jc-affiliates.com/,legitimate
http://asouenssdsnsndnsm.com/,phishing
https://comments-guidelines.vercel.app/,phishing
http://gmx.com/,legitimate
https://atoma-pdf.pages.dev/,phishing
http://app-wise-login.codeanyapp.com/,phishing
http://pixnet.net/,legitimate
http://shazam.com/,legitimate
http://libsyn.com/,legitimate
http://natwest.co.uk-personal-nwolb.review/,phishing
https://actvadesblq-platfrma.com/,phishing
https://fowar.net/,legitimate
https://magentocommerce.com/,legitimate
https://page-en-treazor.pages.dev/,phishing
https://yahoodns.net/,legitimate
https://pub2srv.com/,legitimate
https://join-whatsaaplink.duckdns.org/,phishing
https://nationalpost.com/,legitimate
https://edenlifecenters.com/,phishing
https://m-sso-uphold----cdn-auth.webflow.io/,phishing
https://machafohachhadimachafohamaacho.blogspot.com/,phishing
http://paypal.dunde-xarge.com/,phishing
http://odnoklassniki.ru/,legitimate
http://fb-55888524475512-com.preview-domain.com/,phishing
http://mail.relaxjanitorial.com/,phishing
https://www.gov.uk/,legitimate
https://router-78b87508-9d09-46bf-8366-cda54992d9fa.eastus.cloudapp.azure.com/,phishing
https://myaffiliates.com/,legitimate
http://m.g2234.com/,phishing
http://ap-impex.com/,phishing
https://actiontec.com/,legitimate
https://ezanga.com/,legitimate
https://host10.click/,phishing
https://naveenroy.com/,phishing
https://viafoura.net/,legitimate
https://under-myscreen.be/,legitimate
https://tokenpkpcet.pro/,phishing
http://recovehlp723123.cyou/,phishing
https://pub-025d255a622b4cada281d58a1c78809e.r2.dev/,phishing
https://buscamagaxxs.com/,phishing
https://akttifkandanaspaylater.everynice.my.id/,phishing
http://bonton.com/,legitimate
https://facebokmessengercom.blogspot.pe/,phishing
https://thedailyswarm.com/,legitimate
https://matajry.com/,phishing
https://monisos.fi/,phishing
https://ibpxl.com/,legitimate
https://qpbte.tanglescanner.com/,phishing
https://jagran.com/,legitimate
https://onetpomoc.eu/,phishing
http://ahasvfxzc.net/,legitimate
http://atvnetworks.tv/,legitimate
https://rofinamediaafrica.com/,phishing
https://vonage.net/,legitimate
https://iujxuuiebrjysylr-dot-millinium.ey.r.appspot.com/,phishing
http://interlude.fm/,legitimate
https://virgilio.it/,legitimate
https://maculverifylrcq.ddns.net/,phishing
https://tremorhub.com/,legitimate
https://google.co.nz/,legitimate
https://dailymail.co.uk/,legitimate
https://awifomfukwsrfmipfqvfmfkgya-dot-gle39404049.rj.r.appspot.com/,phishing
https://bafybeidxcxwmwqhnccm2u4bknnjoi3wzbrat6dhoke4c7wd3o7aegskk5e.ipfs.infura-ipfs.io/,phishing
https://154.204.59.22/,phishing
https://app-rackspace-authorize130.barem23916.workers.dev/,phishing
https://contact-kucoin-com.pages.dev/,phishing
https://dev-nixtpm.pantheonsite.io/,phishing
https://myhomemsn.com/,legitimate
https://hon.ch/,legitimate
https://admarvel.com/,legitimate
https://google.es/,legitimate
https://oferta.vc/,legitimate
http://gruphijabsangeindo2022.000webhostapp.com/,phishing
http://thinkprogress.org/,legitimate
http://aljazeera.net/,legitimate
https://quantcast.com/,legitimate
http://mysearchresults.com/,legitimate
https://desmotivaciones.es/,legitimate
http://socialquantum.ru/,legitimate
https://adxcore.com/,legitimate
https://isnjiekou.com/,phishing
https://foxitcloud.com/,legitimate
https://tfxiq.com/,legitimate
http://elle.it/,legitimate
http://digital.fidelityinv.cc/,phishing
https://app-itrustcapital-w-sso-authm.webflow.io/,phishing
https://e85c11af5162248cc33dc831d6f96aaf-dot-gle9392420309493993.rj.r.appspot.com/,phishing
https://5fgfgfgg4g4gh4fg4dg.blogspot.com.eg/,phishing
https://megapromlinkhj288221-me.umbler.net/,phishing
http://giltcdn.com/,legitimate
https://supporthq.pages.dev/,phishing
https://politico.com/,legitimate
https://ruten.com.tw/,legitimate
https://adsonar.com/,legitimate
https://chinatimes.com/,legitimate
https://eventpubgseason11.zzux.com/,phishing
http://btg360.com.br/,legitimate
http://lifegooroo.com/,legitimate
https://mail.cakesinshivajinagarpune.cu.ma/,phishing
https://google.com/,legitimate
https://vizio.com/,legitimate
https://trackdqe.top/,phishing
https://trynightvisionpro.com/,phishing
https://loginmlcrosoftonline365jdecoffee.com.verifyex.com/,phishing
http://clanacion.com.ar/,legitimate
https://gosquared.com/,legitimate
https://metsuextensien.webflow.io/,phishing
https://ptpcpm.com/,legitimate
https://1337x.org/,legitimate
https://widgetserver.com/,legitimate
https://hotukdeals.com/,legitimate
https://t40cob0tvjp1-1oqx.vercel.app/,phishing
http://jokerlaw.com/,phishing
https://olinshackelton.com/,phishing
https://kasalw.cf/,phishing
https://santandewayonline.com/,phishing
https://almanieat47.com/,phishing
https://sumondavid94.wixsite.com/,phishing
http://ltvcms.com/,legitimate
https://jaguars.com/,legitimate
http://67dd09ce638ddc443219f4dfc5338a71d4ac77c878997361971ceaccb9.pages.dev/,phishing
https://ultraxona.vercel.app/,phishing
https://business-helpcenter-appeal.netlify.app/,phishing
http://bigblueview.com/,legitimate
http://grupbokpviral.my.id/,phishing
https://npim.tk/,phishing
https://vtex.com.br/,legitimate
https://98.mred365.cn/,phishing
http://optmd.com/,legitimate
https://kenmore.com/,legitimate
https://taringa.net/,legitimate
http://a9883.pages.dev/,phishing
http://stone-aback-bug.glitch.me/,phishing
https://connexity.net/,legitimate
https://fmbfmroamarzaeobhkaczdsndy-dot-gle39404049.rj.r.appspot.com/,phishing
https://autochthonous-tapes.000webhostapp.com/,phishing
https://amazon.kurumsal-giris.com/,phishing
https://abc-r23.pages.dev/,phishing
https://mufg.jp.mxtq0q00.cn/,phishing
https://reali.st/,legitimate
https://disneyjunior.com/,legitimate
https://grubkenzyviralllindo.duckdns.org/,phishing
https://eastmoney.com/,legitimate
http://residenzabistrotdevenise.com/,phishing
https://cams.com/,legitimate
https://vox-cdn.com/,legitimate
https://pxsbox.com/,phishing
http://markafoni.com/,legitimate
https://mindbodyonline.com/,legitimate
https://comodoca3.com/,legitimate
https://knight-sac-media.com/,legitimate
https://amethyst-coherent-lantern.glitch.me/,phishing
https://trackingwd.guru/,phishing
https://basvurru-toki.sa.com/,phishing
http://royal-rescheduled.com/,phishing
https://6ddyd.ufwxde.es/,phishing
http://ic-live.com/,legitimate
https://erikas-hausdesign.de/,phishing
https://ealojs.cn/,legitimate
https://sociomantic.com/,legitimate
https://logentries.com/,legitimate
https://nsjce.org/,legitimate
https://anularaquiapcopsegurid.weebly.com/,phishing
https://appshopper.com/,legitimate
https://apartments.com/,legitimate
http://auth-com--bit-buy-cdn.webflow.io/,phishing
https://qscgr.blogspot.lu/,phishing
https://betfair.com/,legitimate
https://benzool0002.web.app/,phishing
https://fdf3dfdf3d.bonactech.com/,phishing
https://faceit.eng-victory-hub.com/,phishing
https://amazon-clone-nextjs-8vmit5t77-nathansom.vercel.app/,phishing
https://dilei.it/,legitimate
http://vodlocker.com/,legitimate
http://vast.com/,legitimate
http://ipaddresslabs.com/,legitimate
https://mobogarden.com/,legitimate
https://altuverde.com/,phishing
https://kaguaja.duckdns.org/,phishing
http://quickplay.com/,legitimate
https://albitrateapps.pages.dev/,phishing
https://europa.eu/,legitimate
http://grergrgrrgrg.000webhostapp.com/,phishing
https://adjuggler.com/,legitimate
http://uclick.com/,legitimate
https://retrieval-case-34985ios.vercel.app/,phishing
http://ilmessaggero.it/,legitimate
https://gmail.com/,legitimate
https://business-review-requests-support-id100086555106.vercel.app/,phishing
https://resultleonz65.com/,phishing
https://attmailcenter-2198.weeblysite.com/,phishing
https://mercadolivre.com/,legitimate
https://45.76.70.34/,phishing
https://791834e6-44ca-45b0-9230-b25122e46d9c.id.repl.co/,phishing
https://htctouch.com/,legitimate
https://aplw.icloud.aptwld.pw/,phishing
https://247sports.com/,legitimate
https://bwuvlrad.ddgrils.com/,phishing
https://comcastspotlight.com/,legitimate
http://techrepublic.com/,legitimate
https://51y5.com/,legitimate
https://netflixb00027029.blogspot.no/,phishing
http://imtokexn.im/,phishing
https://socialgamenet.com/,legitimate
http://filestorage-v3.cloud/,phishing
https://wsimg.com/,legitimate
https://digitalwindow.com/,legitimate
http://tracksitetraffic1.com/,legitimate
http://loggzfecah.duckdns.org/,phishing
https://grupwhatsappterbarupaphricia.duckdns.org/,phishing
http://babylon.com/,legitimate
https://tvwg.top/,phishing
http://skybet.com/,legitimate
https://mushiro.com.au/,phishing
https://expedient.net/,legitimate
https://macromedia.com/,legitimate
http://asda.com/,legitimate
http://10000000000000000000478589615.tk/,phishing
https://confitec.mx/,phishing
https://azrrcz.000webhostapp.com/,phishing
https://shopyourway.com/,legitimate
https://jgfgyisdfw.srsyrj.cn/,phishing
http://opera-mini.net/,legitimate
https://hinkhoj.com/,legitimate
https://htkulup.com/,legitimate
https://steelers.com/,legitimate
https://jytnz.blogspot.com.ee/,phishing
http://amazon.m1f.top/,phishing
http://admin.pageboosthub.xyz/,phishing
https://newsdev.net/,legitimate
https://challengeshub.pro/,phishing
http://yelp-support.com/,legitimate
http://quifinanza.it/,legitimate
http://hjgbkdtvyku.weebly.com/,phishing
https://soumendas27.github.io/,phishing
https://mail.gxsecuritypros.com/,phishing
http://forbes.com.mx/,legitimate
https://itr7-sn03.me/,phishing
http://ashirwad247.github.io/,phishing
https://askmen.com/,legitimate
http://sp.gov.br/,legitimate
https://nowsupport-3ece3.firebaseapp.com/,phishing
https://miss-uk.stopgonet.co/,phishing
https://csidata.com/,legitimate
https://randomstring.electrumpanel.space/,phishing
https://acint.net/,legitimate
https://fancy.com/,legitimate
http://7f09929ed56e7e46259aefffa5b4f7b9b4ab0c6038dcb600745278963c.pages.dev/,phishing
https://ftp.rootsquarex.com/,phishing
https://vvmducso.cc/,legitimate
http://gu.com/,legitimate
http://esohead.com/,legitimate
https://ebay.ch/,legitimate
https://torrent-finder.info/,legitimate
https://admin.puhuizixun.cn/,phishing
http://carlosgomezvacas.com/,phishing
https://pranjaldeshmukh3.github.io/,phishing
http://event-codashop-terbaruu2022.duckdns.org/,phishing
http://faccebookok.000webhostapp.com/,phishing
https://oijknm6545ujkbkjb.duckdns.org/,phishing
https://bemorehuman.com.au/,phishing
http://bhg.com/,legitimate
https://tailtarget.com/,legitimate
https://ultradns.org/,legitimate
https://mmptrack.com/,legitimate
https://kill123.com/,legitimate
https://att-107824-103721.weeblysite.com/,phishing
https://767771900043739978.eu-gb.cf.appdomain.cloud/,phishing
https://dropbox.com-login-cpessfile-blogsdc.nybboss.com/,phishing
https://dmcarts.ac.in/,phishing
http://toolserver.org/,legitimate
http://sina.cn/,legitimate
http://link.uinsgd.ac.id/,phishing
https://d-diamond-bd.com/,phishing
https://restricted-user-notify-18750.firebaseapp.com/,phishing
http://amnetstar.ddns.net/,phishing
https://monstersandcritics.com/,legitimate
https://hogwanf.com/,phishing
https://anrstncikndejnno-dot-millinium.ey.r.appspot.com/,phishing
http://meta-support-handlekey.pages.dev/,phishing
http://newgenstatsnet.com/,legitimate
http://adnitra.incamachupicchutours.com/,phishing
http://docstoccdn.com/,legitimate
https://reverbnation.com/,legitimate
https://livejournal.net/,legitimate
https://localresponse.com/,legitimate
http://arabayarisi.com.tr/,legitimate
http://join-gruplink.duckdns.org/,phishing
https://ku6.com/,legitimate
https://pujakumari345.github.io/,phishing
https://vietbao.vn/,legitimate
https://dev-ennnt.pantheonsite.io/,phishing
https://toledo.ir/,phishing
https://gyfezbzowuw.biz/,legitimate
https://garypix.com/,phishing
https://zoneedit.com/,legitimate
https://diacomhiper23.com/,phishing
https://alphamaletribe.com/,legitimate
http://watchmygf.net/,legitimate
https://clickpoint.com/,legitimate
http://azote-services.fr/,phishing
https://portal--ndax----io---cdn--auth.webflow.io/,phishing
https://adfeedstrk.com/,legitimate
https://vietnamnettv.vn/,legitimate
http://3115nn.top/,phishing
https://business-for-expanvia-dlf.pages.dev/,phishing
https://targetix.net/,legitimate
https://paypal.adlks.com/,phishing
https://pubexchange.com/,legitimate
https://business-advertise-case-4bd72.web.app/,phishing
https://attyahoonewworker-white-art-e0ce.danelle268.workers.dev/,phishing
https://forbes.co.il/,legitimate
https://locked-365-boi.com/,phishing
https://eyzxkqqcrkbugfhw-dot-millinium.ey.r.appspot.com/,phishing
https://blinklist.com/,legitimate
https://rewardtv.com/,legitimate
http://markadomains.com/,phishing
https://netbookmedia.com/,legitimate
http://8110062.cc/,phishing
http://kieuthuanphat.com.vn/,phishing
https://compactibale-wearsformenllcihe.net/,phishing
http://997878979779797988-iservice-ch.cleverapps.io/,phishing
http://appleidtj.cc/,phishing
https://encontrar-iphone.app/,phishing
https://goember.com/,legitimate
https://wwpcitfsg.cn/,legitimate
https://captifymedia.com/,legitimate
https://att-100756.weeblysite.com/,phishing
https://e555abfc.lednf-9fj3jcdb8.pages.dev/,phishing
https://dolimg.com/,legitimate
http://69.167.170.135/,phishing
http://kakao.co.kr/,legitimate
https://mystreamservice.com/,legitimate
https://herezera.com/,legitimate
https://format-documento.com/,phishing
http://sdf22vgbfrew.blogspot.tw/,phishing
https://tahminkolik.com/,legitimate
https://nctcorp.vn/,legitimate
http://blogcdn.com/,legitimate
https://informed.deliveryqnk.top/,phishing
https://aggiornautenteinfo.net/,phishing
http://fastcoexist.com/,legitimate
http://bilpkrpmwissepcw-dot-millinium.ey.r.appspot.com/,phishing
http://cfdc5b31.txat99.net/,phishing
http://change-law.com/,phishing
https://ahaber.com.tr/,legitimate
https://bt-103554hhs.weeblysite.com/,phishing
https://dqyrtyya.ws/,legitimate
http://includ5.site/,phishing
https://villarenters.com/,legitimate
https://diablofans.com/,legitimate
http://sulekha.com/,legitimate
https://lifefactopia.com/,legitimate
https://mrctxwlz.bhjugku.presse.ci/,phishing
http://knickelbein.com/,phishing
https://w39m.xyz/,phishing
http://nguoiduatin.vn/,legitimate
https://loopme.me/,legitimate
https://qmkghmkbzeadqsuj-dot-millinium.ey.r.appspot.com/,phishing
https://yimg.com/,legitimate
https://global-petalite-mouth.glitch.me/,phishing
https://accedi-loginamz.webhop.me/,phishing
https://tokobagus.com/,legitimate
https://baofeng.com/,legitimate
https://tns-gallup.dk/,legitimate
https://au-service-govw3.blogdns.org/,phishing
http://logon-ledgar-support.webflow.io/,phishing
https://brandads.net/,legitimate
https://web-ster.com/,legitimate
https://elsevier.com/,legitimate
https://softonic-analytics.net/,legitimate
http://avito.ru/,legitimate
http://52.205.131.86/,phishing
http://2wc2dj3dgj43w9rdtvyj8.mymicrosoft.live/,phishing
https://fretytep.beget.tech/,phishing
http://att-106443.square.site/,phishing
http://aggiornamento-apponline.cam/,phishing
https://glonjas.org/,phishing
https://revengeofthebirds.com/,legitimate
https://sakura.ne.jp/,legitimate
https://csdn.net/,legitimate
https://newpayees-unregistered.com/,phishing
http://trello.com/,legitimate
http://ramp.com/,legitimate
https://vocalocity.com/,legitimate
https://cxnynydz.biz/,legitimate
http://newstogram.com/,legitimate
https://inc.com/,legitimate
http://catalog.precision.media/,phishing
https://incitemedialabs.com/,legitimate
http://identityguard.com/,legitimate
https://gcowntlxasuhadfe-dot-millinium.ey.r.appspot.com/,phishing
https://focusqc.co/,phishing
https://shhxsh.com/,phishing
https://wordpresstest123123213.azurewebsites.net/,phishing
http://lfstmedia.com/,legitimate
https://myeduc.co.za/,phishing
https://ttmikro.com/,legitimate
https://michelemadden.com/,phishing
https://joingrubdewasa181818.000webhostapp.com/,phishing
https://xobni.com/,legitimate
http://adservlite.com/,legitimate
https://cinesport.com/,legitimate
http://uproxx.com/,legitimate
https://instanthelp161.work/,phishing
https://bangkokpost.com/,legitimate
https://estrongs.com/,legitimate
http://postrem-2363500222.design-planb.de/,phishing
https://mqldty-a61g.vercel.app/,phishing
https://sms-mmm.com/,legitimate
http://zini.vn/,legitimate
https://googlecode.com/,legitimate
https://afterschool.com/,legitimate
https://angry-germain.2-56-247-61.plesk.page/,phishing
http://wsj.net/,legitimate
http://womenpov.com/,legitimate
https://cybereducation.in/,phishing
http://newclub90.duckdns.org/,phishing
https://pewegjwucxmkyoim-dot-millinium.ey.r.appspot.com/,phishing
https://re-directed.herokuapp.com/,phishing
https://sueddeutsche.de/,legitimate
https://alienroundcube.web.app/,phishing
http://de.screvet.de/,phishing
https://miamidolphins.com/,legitimate
http://cbsimg.net/,legitimate
https://newclientgenservice.com/,legitimate
http://instagram.visual.product-list.secreto.me/,phishing
https://sgphffta.cc/,legitimate
http://funnyordie.com/,legitimate
http://a91a.org/,phishing
https://nasil.tv/,legitimate
http://yify-torrents.com/,legitimate
http://balance.bg/,phishing
https://asbun.000webhostapp.com/,phishing
https://realclearmarkets.com/,legitimate
https://icloud.apple.hispid.pngonv.cn/,phishing
https://moodle.org/,legitimate
https://wow-europe.com/,legitimate
http://clrxzewdc.com/,legitimate
http://pnas.org/,legitimate
http://ezwpzyhtuabursux-dot-millinium.ey.r.appspot.com/,phishing
https://appspot.com/,legitimate
https://one-drive.on.fleek.co/,phishing
https://zohostatic.com/,legitimate
https://attcom-106627.square.site/,phishing
http://neulion.com/,legitimate
http://kotane.info/,legitimate
https://appfireworks.com/,legitimate
http://dworzeconline24.eu/,phishing
https://37.72.175.233/,phishing
https://apollocdn.com/,legitimate
http://torrentfreak.com/,legitimate
https://ihotdjn.cn/,legitimate
https://sanclementehacks.com/,phishing
https://diksmuide.brilcenter.be/,phishing
https://duxdktd.wusps.xyz/,phishing
https://nikogtngkali.duckdns.org/,phishing
http://ldscdn.org/,legitimate
https://lifeatexpedia.com/,legitimate
https://dwdkim.org/,legitimate
https://cameo.tv/,legitimate
http://smartcampaign.it/,legitimate
https://dev5430.d2bkxyjyc7ey4d.amplifyapp.com/,phishing
http://vgtf.net/,legitimate
https://831fe41cb9.nxcli.net/,phishing
https://apple.appleproofid.com/,phishing
https://sascdn.com/,legitimate
https://vatgia.com/,legitimate
http://page-community-guidelines-helpdesk-center.d114g25fw19uyc.amplifyapp.com/,phishing
https://clinicagestion.com/,phishing
https://sabine.co.in/,phishing
https://pxxtz.com/,legitimate
https://netflx.pages.dev/,phishing
https://klaimbandelffgratiseudjfq.duckdns.org/,phishing
http://ooyala.com/,legitimate
https://a0847693.xsph.ru/,phishing
http://haq.pages.dev/,phishing
https://phonearena.com/,legitimate
http://namawah.tk/,phishing
https://hj54sdasza.appspot.com/,phishing
http://more-results.net/,legitimate
https://msnsr.yolasite.com/,phishing
https://socdm.com/,legitimate
https://extremetube.com/,legitimate
https://sitelock.com/,legitimate
https://xuvkaipwcdb.cc/,legitimate
https://drumairabubakar.com/,phishing
https://bafkreih64laewalbroop3732ynvah5s4yrgp457gezwlsqbemzricttuky.ipfs.dweb.link/,phishing
https://tomsguide.com/,legitimate
https://audienceamplify.com/,legitimate
https://help-trezorrhelp-bridge.webflow.io/,phishing
https://goforandroid.com/,legitimate
https://mmbang.com/,legitimate
https://mediafire.com/,legitimate
https://hanmail.net/,legitimate
https://flingguru.com/,legitimate
https://uvflkhs.cn/,phishing
https://accmgr.com/,legitimate
https://codt.digitasianetwork.workers.dev/,phishing
https://certona.net/,legitimate
https://vw.com/,legitimate
https://cwyds.duckdns.org/,phishing
https://basicoinprologin.gitbook.io/,phishing
https://twitchmediagroup.com/,legitimate
https://lnstagramsecurhelpaccounts.000webhostapp.com/,phishing
https://checkpoint-10000087699787.tk/,phishing
http://jsrdn.com/,legitimate
https://adminuser.telegram-bo.net/,phishing
http://arcsoft.com/,legitimate
http://rachitgarg-02.github.io/,phishing
https://clevergirlscollective.com/,legitimate
https://wnba.com/,legitimate
http://wikinews.org/,legitimate
http://android-telegram.co/,phishing
https://mediakit.com.br/,legitimate
https://febfd.blogspot.am/,phishing
http://billionairesaustralia.com/,legitimate
https://newoluxsellers136.com/,phishing
http://crimewatchpatrols.co.nz/,phishing
http://netflix-clone-two-opal.vercel.app/,phishing
http://raptorshq.com/,legitimate
https://zwhjex.net/,legitimate
http://mitsubishidocs.weebly.com/,phishing
https://arin.net/,legitimate
https://alistmoz.cn/,legitimate
https://mologiq.net/,legitimate
https://microsoft.com/,legitimate
https://gamefree.la/,legitimate
https://ftecvztw.com/,phishing
https://teklinks.com/,legitimate
https://motthegioi.vn/,legitimate
https://trustsign.com.br/,legitimate
https://rainbowenergy.toni-donati.com/,phishing
https://mantis-vault.pages.dev/,phishing
http://parentalcontrolbar.org/,legitimate
https://hsvstudio.com/,phishing
https://sbbanner.com/,legitimate
https://adadvisor.net/,legitimate
http://ispitalia.net/,phishing
https://steamcommunitfy.com/,phishing
https://shappify.com/,legitimate
https://lightningnewtab.com/,legitimate
http://aumx2.sspl.com.auaumx2.sspl.com.auwww.sspl.com.auwww.aumx2.sspl.com.auaumx2.sspl.com.auwww.com.auaumx2.sspl.com.auwww.aumx2.sspl.com.auaumx2.sspl.com.au/,phishing
https://afcu6fvlpr.pages.dev/,phishing
https://it-tecnologi-future-app.my.id/,phishing
https://extra.com.br/,legitimate
https://publitalia.it/,legitimate
http://smilebox.com/,legitimate
https://mta.hpsafety.com.au/,phishing
http://adsafeprotected.com/,legitimate
https://differentnewt.build067.wpsandbox.app/,phishing
http://lctlaw.co.za/,phishing
https://cartoonnetwork.com/,legitimate
https://lifehacker.com/,legitimate
https://bettycrocker.com/,legitimate
https://boccia.pk/,phishing
http://quickheal.com/,legitimate
https://hbcompany.net/,phishing
https://cloudmagic.com/,legitimate
http://online-auth-doc-trippumbach.cf/,phishing
https://5min.com/,legitimate
https://bafkreib3fgnvfbtkw75yvlbfdyz4i3japvsgx76eldrssifoiehfuzqqqy.ipfs.infura-ipfs.io/,phishing
http://ewryetryhregwrhetjryjthrgrhtej.vercel.app/,phishing
https://jazzedcdn.com/,legitimate
https://ashleymadison.com/,legitimate
https://thepennyhoarder.com/,legitimate
https://nikkei.com/,legitimate
https://bafybeiacbj7ziyeg5ea6sxjysqmsc6mvsk34ycmowybhbc27cxtzpurkwm.ipfs.dweb.link/,phishing
https://round-sunset-79d6.a3qge91d.workers.dev/,phishing
https://cabinet-office.gov.uk/,legitimate
https://meta-connec-wallet.com/,phishing
https://icloud.com-itune.club/,phishing
http://push.io/,legitimate
https://macys.com/,legitimate
https://ticketexchangebyticketmaster.com/,legitimate
https://operations-cartvitales-b2fdfc.ingress-earth.ewp.live/,phishing
https://hostip.info/,legitimate
http://lowes.ca/,legitimate
https://jeremywillink.amberwillink.com/,phishing
https://bet3659m.com/,phishing
http://vcmedia.vn/,legitimate
http://efcavuhmmbukchrw-dot-millinium.ey.r.appspot.com/,phishing
http://meme.vn/,legitimate
http://snapdoapp.com/,legitimate
https://createspace.co.uk/,legitimate
https://bafybeifuj5nalym5xn7biif3jhl3rdcdhnmpfinjmy6uhnllevyuqnbe3u.ipfs.w3s.link/,phishing
https://monespace3.temp.swtest.ru/,phishing
https://strawpoll.me/,legitimate
http://mvbedddkpsfzjrnfjbbrlgtctrkhnssxxumi-dot-glegen303939423233.ue.r.appspot.com/,phishing
https://easysol.net/,legitimate
https://bafybeierppzwv4iiyv43ak7olcbga4ak77nck5ubbhuspf5hlppqyoj4mi.ipfs.cf-ipfs.com/,phishing
https://prideofdetroit.com/,legitimate
https://battlefield.com/,legitimate
https://wmt.co/,legitimate
http://lib.buet.ac.bd/,phishing
http://visualrevenue.com/,legitimate
https://amacard.amazcard.xyz/,phishing
http://bafybeignqbqldp6lfkdrb6ztrjjgnmgxkkyzvuds3xcf6a4zerjfopt3py.ipfs.dweb.link/,phishing
https://amazon.com.preferredmethod.payment.web-amz.ga/,phishing
https://ljybyhejei.ws/,legitimate
http://gamingdominion.com/,phishing
https://arkadiumhosted.com/,legitimate
https://tkqlhce.com/,legitimate
https://ihg.com/,legitimate
https://imagefap.com/,legitimate
http://nbclosangeles.com/,legitimate
https://exacttarget.com/,legitimate
https://resubmitu.top/,phishing
https://glowingskinsecret.com/,legitimate
http://o2.co.uk/,legitimate
https://fgdmswzqnpnq1pza29c.boxmode.io/,phishing
https://aircargorecife.com.br/,phishing
https://annmazou.esxfyng.cn/,phishing
https://amazon-asia.org/,phishing
https://torrentfrancais.com/,legitimate
https://betburdaaffiliates.com/,legitimate
https://5129ca7c470d3e7742ee91666847c79d-dot-gle9392420309493993.rj.r.appspot.com/,phishing
https://mujeresardientes91.000webhostapp.com/,phishing
http://dotaoutpost.com/,legitimate
https://wallet-coinbase-en.typedream.app/,phishing
http://dhqfg.ws/,legitimate
https://freefire43019.baruxxi17.biz.id/,phishing
http://getbootstrap.com/,legitimate
http://ipinfo.io/,legitimate
http://nanasue0912.wixsite.com/,phishing
https://rhmyd.blogspot.bg/,phishing
http://pinimg.com/,legitimate
https://agoda.com/,legitimate
https://aztecbe.com/,legitimate
http://atul22g-netflex.netlify.app/,phishing
https://feedly.com/,legitimate
https://apple.lnc.hsfsrw.cn/,phishing
https://meta-range-26g.pages.dev/,phishing
https://clickbank.com/,legitimate
https://pub-f795b0b66ccc4426ab8c7a8260e91b07.r2.dev/,phishing
https://slideshare.com/,legitimate
https://git-matamesklogiin.gitbook.io/,phishing
https://base-start-trzor.pages.dev/,phishing
https://publicmeta-fb-business.verifyidentitysecurityaccount.onl/,phishing
https://pubgmredeem.my.id/,phishing
https://metalomar.com/,phishing
https://wothic.com/,legitimate
http://cloudtrax.com/,legitimate
https://3659003.cc/,phishing
https://alcatel-lucent.com/,legitimate
http://edmunds.com/,legitimate
https://cancel75632438-binance-com.web.app/,phishing
http://youversionapi.com/,legitimate
http://texas-hd.cc/,phishing
https://publiabril.com.br/,legitimate
https://goodstory.co.il/,phishing
https://212.193.58.3/,phishing
https://afp.com/,legitimate
https://eurogamer.net/,legitimate
http://ledger-live-app-com.pages.dev/,phishing
https://seattlepi.com/,legitimate
https://btrd.net/,legitimate
https://o24x7.com/,legitimate
https://enamorados.co/,phishing
http://cisp.com/,legitimate
http://openfamilyfedcu.pages.dev/,phishing
https://qubitproducts.com/,legitimate
https://inmobi.com/,legitimate
https://adziff.com/,legitimate
https://cooinbaseeprologin.mystrikingly.com/,phishing
http://tndmnshb.com/,legitimate
https://telia.com/,legitimate
http://reviewjournal.com/,legitimate
https://offensiveflakypolygons.adasdfff.repl.co/,phishing
https://ebay-009.com/,phishing
https://codashop11112219.klik-disiniii.biz.id/,phishing
http://https://61f0r.r.ah.d.sendibm4.com/mk/cl/f/p4c6noeiw31hdasg9uhjpk1qjzyrnxtcbnostxuyksibilznklipzbx9nrkbmmhslk-yl25tlbhqpxu5gjcihqr10x8ij_cilkeo2cewa_p4haewnnfmqvzddfqtk-el-qlb49d7kod9-1ylwv9wax-dbdt6t4t7f0az8suk4nkjd-mdrg/,phishing
https://mail.skinpubgs13.kozow.com/,phishing
https://6465464-ipayements-shipping.cleverapps.io/,phishing
http://opendsp.com/,legitimate
http://shawcable.net/,legitimate
http://kucoin-apns.webflow.io/,phishing
http://apistoolreset.com/,phishing
https://meetmecdna.com/,legitimate
https://easytomessage.com/,legitimate
https://fvcfq.blogspot.ug/,phishing
http://gps-xrl.us/,phishing
https://fys.com.tw/,phishing
https://event-ff-ramadhan2022.duckdns.org/,phishing
https://arklagutters.com/,phishing
https://activate-trezor-wallet.webflow.io/,phishing
https://forums.runescape.services.dns-cloud.net/,phishing
https://magalu.web76109.kinghost.net/,phishing
http://fawrymicrofinance.com/,phishing
https://beta.mindignitionchannel.com/,phishing
https://rcn.com/,legitimate
https://sigalert.com/,legitimate
https://webtv.net/,legitimate
http://netflixseries.duckdns.org/,phishing
http://vpass-jp.zehpl.cn/,phishing
https://industrybrains.com/,legitimate
https://spotify.com/,legitimate
https://efhcywwbgkiortvqlosutiazaveiqfzzgaae-dot-solar-vertex-285913.rj.r.appspot.com/,phishing
https://business.ads-management-center.com/,phishing
https://appleld.tiuzd.com/,phishing
https://thisismoney.co.uk/,legitimate
https://profanity-1514979056.alerta-digital.mx/,phishing
https://joeroundxx004.firebaseapp.com/,phishing
https://qulckbookslnvoices.com/,phishing
https://basvururesmiegirisiyapin-trmerkezi.com/,phishing
https://gotinder.com/,legitimate
https://35dg5.xyz/,phishing
http://https.email.office.yshn87k8g6ac13tfok9ps2dtgunih.kest5odtu7hs8omm3ehsc.hiw16bbj4rkalsufss4.huzfwzhg1bv2amc1qaz65sjmc.slswvzisqvuyd96zy.lzahf5hnjxtiic6lqcwzjsrp0gn8w.8b8srn5gqdihrkw78tecfsbh21.ksjsdnmdd.duckdns.org/,phishing
https://kapztldvlxhfejil-dot-millinium.ey.r.appspot.com/,phishing
https://mycentricare.com/,phishing
https://vads.vn/,legitimate
https://bahisfoni.com/,legitimate
https://login.workshopcommunityworks.com/,phishing
https://adxpansion.com/,legitimate
http://amzn-job.com/,phishing
https://mahogany-broadleaf-troodon.glitch.me/,phishing
http://rhtbf.blogspot.sn/,phishing
https://acrczs.000webhostapp.com/,phishing
https://facebook.album0167.online/,phishing
https://qtrax.com/,legitimate
http://pub-280a73b45cf84977b614edb6dc655795.r2.dev/,phishing
https://n551007.cc/,phishing
https://fishesmluya.com/,phishing
https://traviangames.com/,legitimate
http://info-ppl-account.codeanyapp.com/,phishing
http://shaw.ca/,legitimate
https://teamskeetimages.com/,legitimate
http://k9contenders.com/,phishing
https://32936078.nxgh.my/,phishing
https://grup-bokep-asia5.000webhostapp.com/,phishing
https://sohailan11.github.io/,phishing
https://telerikstatic.com/,legitimate
http://allegrolokalnie.p24-0va0sa1.icu/,phishing
http://access-ing.de-bestaetigungonline.com/,phishing
http://popdust.com/,legitimate
http://safe-9829b.web.app/,phishing
https://intuitcdn.net/,legitimate
https://docs--overview-trezor-en-us.webflow.io/,phishing
http://instagramprofiileurl.blogspot.sg/,phishing
http://mikhimshaissayd.blogspot.com.eg/,phishing
https://787338attmcbcc.weebly.com/,phishing
https://m1yahoo.com/,phishing
http://reactivarcredenciales.liveblog365.com/,phishing
https://adler.fyi/,phishing
https://admn.cc/,phishing
https://rpost-ioakkrukdq.alicom.uz/,phishing
https://panoramtech.net/,legitimate
https://babble.com/,legitimate
https://bbci.co.uk/,legitimate
http://janrainbackplane.com/,legitimate
https://aztfcqdaml.duckdns.org/,phishing
https://fund123.cn/,legitimate
http://montileaux.com/,phishing
https://ebay.com.my/,legitimate
http://1e011a17f4e0b429aa147b6230dad581-dot-gle9392420309493993.rj.r.appspot.com/,phishing
https://f8b61u9zukeiple-1406z0brd9zy5b114lt74uzeomnet.vercel.app/,phishing
https://lupqgbzuqvkdlhfm-dot-millinium.ey.r.appspot.com/,phishing
https://funds-beige.vercel.app/,phishing
https://begenburda.blogspot.lu/,phishing
https://fortune.com/,legitimate
http://gznwldaxh.cn/,legitimate
http://peterteammcommune.world/,phishing
https://mashery.com/,legitimate
https://meta-synapse-c6q.pages.dev/,phishing
https://facebookplay.urlwtmurl.com/,phishing
https://rtbsrv.com/,legitimate
https://dimestore.com/,legitimate
https://aleppoedu.sy/,phishing
https://pub-8f0c7a409fba4da9b5e820fe9817ee46.r2.dev/,phishing
https://trackedlink.net/,legitimate
https://alivesidelife.com/,phishing
https://listenlive.co/,legitimate
https://amazoninfosoft.com/,phishing
https://rcdtjtournarkb7895.ml/,phishing
https://usps.com-trackcjnz.top/,phishing
https://edb.gov.sg/,legitimate
https://caijing.com.cn/,legitimate
https://ofertasoaravocesonline.ml/,phishing
https://logmein-gateway.com/,legitimate
http://experienced-candied-seer.glitch.me/,phishing
https://amd.com/,legitimate
https://dota2lounge.com/,legitimate
http://arnazro.co.ip.emdc.gcfskox.asia/,phishing
https://northcountrypublicradio.org/,legitimate
https://alerts-bancolombia.zz.com.ve/,phishing
https://dizi-izle.com/,legitimate
http://publishthis.com/,legitimate
https://brtstats.com/,legitimate
https://bafybeic6jbwcw7osiw6uv462i2avrtxljuwdqrbe6hsx5vvlvntu4cwd7y.ipfs.w3s.link/,phishing
http://avrasyahastanesi.com.tr/,phishing
https://mom.ehsanminecraft22.workers.dev/,phishing
https://ranker.com/,legitimate
https://09318a3f.h09mzp.shop/,phishing
https://adjug.com/,legitimate
http://vk.me/,legitimate
https://46.242.148.118/,phishing
https://t-mobile.lupie.icu/,phishing
https://xtendmedia.com/,legitimate
http://etracker.com/,legitimate
http://donation-tools.org/,legitimate
http://ns-cdn.com/,legitimate
http://auth-ledger-live-wallet.pages.dev/,phishing
http://clicrbs.com.br/,legitimate
https://pinaboxingclub.com/,phishing
https://openstat.ru/,legitimate
https://ado-global.com/,legitimate
https://toptenreviews.com/,legitimate
https://sonymobile.com/,legitimate
https://hcubxxbg.net/,legitimate
http://frayedmundanemap.angueluisreyama.repl.co/,phishing
https://trezor-io-start-conect-ledger-us.typedream.app/,phishing
https://instacontent.net/,legitimate
https://attmailverified-109909.square.site/,phishing
https://lifeselector.com/,legitimate
https://splitcamera.com/,legitimate
http://attmailnetupgrade.studio.site/,phishing
http://independent.co.uk/,legitimate
http://helloreverb.com/,legitimate
https://topfreegames.com/,legitimate
https://numberd.ga/,phishing
https://ritobeena1102.github.io/,phishing
https://tvguide.com/,legitimate
http://abril.com.br/,legitimate
https://fbi.gov/,legitimate
https://xahoi247.net/,legitimate
https://petstocking.com/,legitimate
http://login-resolution-uk.com/,phishing
https://agitatedsteelbluestructures--atlantidaddhelp.repl.co/,phishing
https://rule-07742691.skinmavel.com/,phishing
http://roundnavigation.com/,phishing
https://event-codashop-gratis169.duckdns.org/,phishing
http://line-apps.com/,legitimate
http://broken-caterwauling-cactus.glitch.me/,phishing
http://el-balad.com/,legitimate
https://theline.com/,legitimate
https://logme.in/,legitimate
http://golf.com/,legitimate
http://grupwabagibagivideobokepterbarumaret2020.000webhostapp.com/,phishing
http://pub-14abcf5fd40e44e7930ebbe1723cc46a.r2.dev/,phishing
https://myo2-failedpayments.com/,phishing
https://krencert21-3-25v.40dfr.my.id/,phishing
https://interruptive-helmet.000webhostapp.com/,phishing
http://8c8v.blob.core.windows.net/,phishing
https://a2plvcpnl276446.prod.iad2.secureserver.net/,phishing
http://appsfire.net/,legitimate
https://admeme.net/,legitimate
https://chat-grupwhatsapp.qpoe.com/,phishing
https://opt.is-very-good.org/,phishing
http://tk599.vip/,phishing
https://crowdscience.com/,legitimate
https://eaeloridgahmehuu-dot-millinium.ey.r.appspot.com/,phishing
http://fitur-x-dana-terbaru-2024.pages.dev/,phishing
https://rouxx99.blogspot.mk/,phishing
https://catho.com.br/,legitimate
https://xjgeqznqm.cc/,legitimate
https://rvm-08425082.phonepanda.net/,phishing
http://twcc.com/,legitimate
https://archivotomasmontero.org/,phishing
http://poponclick.com/,legitimate
http://icims.com/,legitimate
http://binance-com.ru/,phishing
https://kucoinloginv.mystrikingly.com/,phishing
https://post-83236492.ingeniousmarketer.com/,phishing
https://examinerontopic.com/,legitimate
https://neizmio.com/,phishing
https://freelacne.ru/,phishing
https://micktapflopumps-dot-azure-projectfiles.uk.r.appspot.com/,phishing
https://bet365affiliates.com/,legitimate
https://3declinewizxgdlvoau5.tempa-bersama.co.id/,phishing
http://lloyds.personal-logon-mobile-uk.com/,phishing
https://htzwnl.biz/,legitimate
http://cdntraffic.com/,legitimate
https://meta-toril.pages.dev/,phishing
https://vgoeun.cn/,legitimate
https://postsfb-hhsqz2dr.novitium.ca/,phishing
http://mail.chatwhatsapp345.theworkpc.com/,phishing
http://applnch-855212479.sangekasra.ir/,phishing
https://verizon.com/,legitimate
https://hgads.com/,legitimate
http://app-baumbach.dtqhn3ddnq-jqp3vn1ky650.p.runcloud.link/,phishing
https://ar-360.github.io/,phishing
https://iyuffemyid.duckdns.org/,phishing
http://linkedinupgrades.weebly.com/,phishing
https://powerreviews.com/,legitimate
https://conebaesignin.gitbook.io/,phishing
https://drivergenius.com/,legitimate
http://fqrouter.com/,legitimate
https://tapas.net/,legitimate
http://careland.com.cn/,legitimate
http://anan-hosp.jp/,phishing
http://recadastroltau-com-br.000webhostapp.com/,phishing
http://mail.fb-login9dr9u.szky.my.id/,phishing
https://serve-sys.com/,legitimate
https://docs-trz--cdn.webflow.io/,phishing
http://jppost-ma.top/,phishing
http://omtzfdctulnmxuch-dot-millinium.ey.r.appspot.com/,phishing
https://chatgrupwhatsapp-admin13.dnsme.eu.org/,phishing
http://oeweoqywbapujcuvjcqinlyrvs-dot-gl909989876787.uk.r.appspot.com/,phishing
https://esrb.org/,legitimate
https://getting-voucher.com/,phishing
http://anz.payusatax-1040.com/,phishing
http://koengapusi.com/,phishing
https://pembatalan-blocked-fb.ml/,phishing
http://bafybeifdf7znx2q2jo64dyipllf7nx63aovaeqbhngjh5xk5gfae2iea5a.ipfs.cf-ipfs.com/,phishing
https://0642fab1.rmfzkg.cyou/,phishing
https://tim.com.br/,legitimate
http://imageshack.us/,legitimate
http://hweb.wwferr.life/,phishing
https://moijzbt.com/,legitimate
https://meta-castle-c4d.pages.dev/,phishing
https://amazon.p5z.top/,phishing
https://2cangames.com/,phishing
https://amazon48v36.pages.dev/,phishing
https://mail.ru/,legitimate
http://passionfruitads.com/,legitimate
https://cpcache.com/,legitimate
http://partkeepr.arkadruk.pl/,phishing
http://ad-sys.com/,legitimate
https://trangvangvietnam.com/,legitimate
https://peer39.net/,legitimate
https://qualys.com/,legitimate
https://jessica.atozgroup.ir/,phishing
https://demonoid.me/,legitimate
https://k134ou75n.wang/,phishing
https://scmp.com/,legitimate
https://bcayg.com.mx/,phishing
https://newgensolutions.net/,phishing
https://gbga.gi/,legitimate
http://aiuedu.org/,phishing
https://eastday.com/,legitimate
http://36560000.com/,phishing
http://app.laeka.io/,phishing
https://amazon-update.club/,phishing
http://cdnads.com/,legitimate
http://attcom-100055.weeblysite.com/,phishing
http://autotrendworld.com/,legitimate
http://officec1bc82d1070605ad4a816c229b7f3230c1bc82d1070605ad4a816c229.housebaothire.workers.dev/,phishing
http://poste.italiane-it.net/,phishing
https://muthead.com/,legitimate
https://mcgzsb.com/,phishing
http://mobilelogin.online/,phishing
https://seccint.com/,legitimate
http://kekomundo.epizy.com/,phishing
https://jotfor.ms/,legitimate
https://pigs-7xp.pages.dev/,phishing
http://aaqrpvzgfp.duckdns.org/,phishing
https://twitthis.com/,legitimate
http://3dsabbottjsbly3ymgaz3.tempa-bersama.co.id/,phishing
https://ebay.in/,legitimate
https://bafybeibels2lonlmo5h3it55tyvnxaj4ideeilil7qnmly4upgjdv2hise.ipfs.dweb.link/,phishing
https://1fc6dcb8.designqueen.cn/,phishing
https://jellamyunioncontrol.com/,phishing
http://poseidonxm4-up.com/,phishing
https://my-ldevice-status.live/,phishing
https://9261453.weebly.com/,phishing
https://richmetrics.com/,legitimate
https://dominionenterprises.com/,legitimate
https://mifnpd.com/,legitimate
http://londoncamerahireservices.co.uk/,phishing
https://cnnmexico.com/,legitimate
https://o93bw.csb.app/,phishing
http://lga.org.mt/,legitimate
https://appleid.apple.com.check-your-activity04.com/,phishing
https://sellpoint.net/,legitimate
https://peeperz.com/,legitimate
http://7847boardband.weebly.com/,phishing
https://antevenio.com/,legitimate
https://o2online.de/,legitimate
https://bright-head.surge.sh/,phishing
http://india.gov.in/,legitimate
https://digitalpoint.com/,legitimate
https://b5e7feee59926.mariademattiassec.sc.tz/,phishing
http://dreamy-easley-67b330.netlify.app/,phishing
https://nyaatorrents.info/,legitimate
https://xdeal.vn/,legitimate
http://airbnb.ae.00850401.icu/,phishing
https://event-claim-old-2022.duckdns.org/,phishing
http://and.co.uk/,legitimate
https://stormiq.com/,legitimate
http://usps.packages-fhj.win/,phishing
https://hmrc.support-centre-repayments.com/,phishing
https://pubgxproject.com/,phishing
https://pictela.net/,legitimate
http://internetbrands.com/,legitimate
https://hvglocaazblsdcku-dot-millinium.ey.r.appspot.com/,phishing
https://hrblock.net/,legitimate
http://egencia.com/,legitimate
http://lgcpm.com/,legitimate
https://vidobu.com/,legitimate
https://iron-zany-okra.glitch.me/,phishing
https://ria.ru/,legitimate
https://quickbooks.com/,legitimate
https://odesk.com/,legitimate
http://trafficholder.com/,legitimate
http://hi-spider.com/,legitimate
https://adtegrity.net/,legitimate
https://olainagree.geramntikaholicrewatyuipoge.link/,phishing
https://atil.info/,legitimate
https://go.im/,legitimate
http://5gfgfgfgfg4g4gh4.blogspot.fi/,phishing
https://marcamarca.com.tr/,legitimate
http://marketgid.com/,legitimate
http://app.home99act01.xyz/,phishing
http://ribonhodlogim.gitbook.io/,phishing
http://extnsionmtamsk.webflow.io/,phishing
https://citrix.com/,legitimate
https://bn12.videoprivate-live.com/,phishing
https://event-freefiregratis87.duckdns.org/,phishing
https://playsushi.com/,legitimate
https://amazom.chakan28.shop/,phishing
http://snmpmexz.aero.tt/,phishing
https://heartsthatmatter.com/,phishing
http://joblo.com/,legitimate
https://reachadv.it/,legitimate
https://leechers-paradise.org/,legitimate
https://papas-razzv-111.webflow.io/,phishing
https://domain-1689893164qi2.bowwe-site.com/,phishing
https://ahmad9.com/,phishing
http://refinery29.com/,legitimate
https://gumaspot.com/,phishing
https://johntillerygolf.com/,phishing
https://cazamba.com/,legitimate
https://app-business.note-site.com/,phishing
http://rcsobjects.it/,legitimate
https://scexbsrw.cn/,legitimate
http://joinstournament.qpoe.com/,phishing
http://condescending-chebyshev.20-3-248-177.plesk.page/,phishing
http://cimiqnufwz.duckdns.org/,phishing
https://pa.marcel.cloudns.org/,phishing
http://wt-eu02.net/,legitimate
https://f206n.xyz/,phishing
https://u61t.xyz/,phishing
http://adingo.jp/,legitimate
https://att2022mail.weebly.com/,phishing
https://danielabrowninsurance.com/,phishing
https://dev-0546541641654.pantheonsite.io/,phishing
https://lobstertube.com/,legitimate
https://grupbokebsex.000webhostapp.com/,phishing
http://bayfiles.net/,legitimate
https://officebe3d69f2b0732da655a28a9c26c3c9f8be3d69f2b0732da655a28a9c2.princesam331.workers.dev/,phishing
http://ambientdigitalgroup.com/,legitimate
https://traktum.com/,legitimate
https://resubitsecurenow3.herokuapp.com/,phishing
https://mndigital.com/,legitimate
https://mthfjy.blogspot.md/,phishing
https://sndimg.com/,legitimate
http://fedexsameday.com/,legitimate
https://welcome-metamask-cdn.daftpage.com/,phishing
https://moncnb-login.lol/,phishing
http://discordmoderators-club.com/,phishing
https://digitaltarget.ru/,legitimate
http://hsbfgc.biz/,legitimate
https://hubadult.gropzonly.duckdns.org/,phishing
http://firstimpwins.com/,legitimate
https://powa24.s3.ap.cloud-object-storage.appdomain.cloud/,phishing
http://metamaskchrmextsio.webflow.io/,phishing
http://sanfilippowholesale.ca/,phishing
https://pr-cy.ru/,legitimate
https://mgm.gov.tr/,legitimate
http://a0350179.xsph.ru/,phishing
http://adinfo-guardian.co.uk/,legitimate
http://gravity.com/,legitimate
https://grupdewasawafree.zyns.com/,phishing
https://rstyle.me/,legitimate
https://modcloth.com/,legitimate
http://ib-ibi.com/,legitimate
https://yoomeegames.com/,legitimate
http://exelator.com/,legitimate
http://avv22.a2hosted.com/,phishing
https://piclens.com/,legitimate
http://copy.com/,legitimate
https://mkodakisi.org/,phishing
http://aol.neewupdate.workers.dev/,phishing
https://neulion.net/,legitimate
https://tru.am/,legitimate
https://usps.com-trackadepf.top/,phishing
https://cox.com-6159368de39251d7a-login.id-107sbtd9cbhsbtd5d80a13c0db1f546757jnq9j5754675767327696.kylelierman.com/,phishing
http://metamasklagiinn.gitbook.io/,phishing
https://weatherbug.com/,legitimate
https://neweggflash.com/,legitimate
https://pusher.com/,legitimate
https://pcgamer.com/,legitimate
https://kargo.com/,legitimate
https://realcleartechnology.com/,legitimate
https://full.sc/,legitimate
http://mackolikcomplex.com/,legitimate
http://eseguiprocedura.000webhostapp.com/,phishing
https://wistia.net/,legitimate
https://pub-e5d7c4de92ff446b8b35d543335024cf.r2.dev/,phishing
http://electronichouse.com/,legitimate
https://yuhq-whatsepp.com/,phishing
https://facebook.vnwordpress.net/,phishing
http://apple7233435.brizy.site/,phishing
https://haztmail1.com/,phishing
https://flic.kr/,legitimate
https://dev-ji000963085640.pantheonsite.io/,phishing
https://codashopgratis4.duckdns.org/,phishing
https://yoyo.com/,legitimate
https://lookout.com/,legitimate
https://adfootprints.com/,legitimate
https://mail.authorise-mynewpayees.com/,phishing
http://omeljs.info/,legitimate
http://banzai.it/,legitimate
http://convertro.com/,legitimate
https://mx.com-jsc.co.servidordehosting.xyz/,phishing
http://drivershq.com/,legitimate
http://1411202151undferdosyes.co.vu/,phishing
https://genericlink.com/,legitimate
https://pub-706e4526a3c54fb2b8127091ad588e1f.r2.dev/,phishing
https://garena.vn/,legitimate
https://livingsocial.com/,legitimate
https://bafybeidds4ubpkzv2tqu6lg7kgb3gbmjycdnawepng5am3tr37fnfgd6zi.ipfs.cf-ipfs.com/,phishing
https://imdbws.com/,legitimate
https://marktplaats.nl/,legitimate
http://mythingsmedia.net/,legitimate
http://umass.edu/,legitimate
https://google-analytics.com/,legitimate
http://userneeds.dk/,legitimate
https://amo.vn/,legitimate
https://fgnbrfxt.ws/,legitimate
https://alisoft.com/,legitimate
https://kongkong71.duckdns.org/,phishing
https://globalaplus.pages.dev/,phishing
https://usps.com-trackyld.top/,phishing
https://alpha00001.com/,legitimate
http://ishort.co/,legitimate
http://adlooxtracking.com/,legitimate
http://homepage.com.tr/,legitimate
https://nodeg8buth.bon-mot.ca/,phishing
https://fhernandezpalafox.github.io/,phishing
https://refund-hmrc.uk-codeb6159368de39251d7a-login.id-107sbtd9cbhsbtd5d80a13c0db1f546757jnq9j5754675749399313.riptributes.com/,phishing
http://ytimg.com/,legitimate
http://cihal.fr/,phishing
http://autogielda-graczyk.pl/,phishing
https://hapo2020.eu5.org/,phishing
https://info-stream.net/,legitimate
https://harknuxnhcynmmdi-dot-millinium.ey.r.appspot.com/,phishing
https://videohub2.tv/,legitimate
https://libreoffice.org/,legitimate
https://priivacy-recovry-protections-identity.my.id/,phishing
https://data-center-security-reporting.pages.dev/,phishing
https://instagramacntcentr.blogspot.co.ke/,phishing
http://tictacti.com/,legitimate
https://google.ru/,legitimate
https://netgear.com/,legitimate
https://sso-itrustcapital--com-auth--h.webflow.io/,phishing
https://fus931ihwji-exy39-38480980.surge.sh/,phishing
https://attcurrentlysignin.weebly.com/,phishing
https://lsykz0cgsvc2afwrexhbhaast5t.we9ixzz.co/,phishing
https://att-109524-107684.weeblysite.com/,phishing
https://lasa.com.br/,legitimate
https://rei.com/,legitimate
http://564565464646--5654654646s.repl.co/,phishing
http://irs2023claims.pages.dev/,phishing
http://167.114.137.243/,phishing
https://wjfrewfykf.cn/,legitimate
https://env-8859519.node.cloudlets.zone/,phishing
https://startssl.com/,legitimate
https://klikdisiniuntukgabunggrup18.000webhostapp.com/,phishing
http://misionario.org/,phishing
https://facebook.net/,legitimate
https://start-en-exodus.teachable.com/,phishing
https://jornaldamoda.com.br/,phishing
https://media6degrees.com/,legitimate
http://spider.ad/,legitimate
https://coinbcisxprologn.gitbook.io/,phishing
https://eazel.com/,legitimate
https://paragaranti.com/,legitimate
http://pubventuresmedia.com/,legitimate
https://revenue-ky.cc/,phishing
https://lionsdentv.com/,phishing
http://huffingtonpost.ca/,legitimate
http://abload.de/,legitimate
http://maintenance-agency.com/,phishing
https://ecbsn.com/,legitimate
https://supertelafilmesonlinegratis.com/,legitimate
https://obsequent-beans.000webhostapp.com/,phishing
https://agudvjdobxpfmtce-dot-millinium.ey.r.appspot.com/,phishing
https://paramountcommunication.com/,legitimate
https://lloydunauthorisedpayee.com/,phishing
http://gannett-cdn.com/,legitimate
https://wsjlocal.com/,legitimate
https://pilih-tarif-bank-bni.newss.my.id/,phishing
https://whiplizard.github.io/,phishing
https://ijreview.com/,legitimate
http://lapinadubois.com/,phishing
http://stardoll.com/,legitimate
https://vfpress.vn/,legitimate
https://bestbuy-jobs.com/,legitimate
https://casa-deals.store/,phishing
https://rmwinxa.000webhostapp.com/,phishing
https://escinteractive.com/,legitimate
https://hsbc-main-demo.azurewebsites.net/,phishing
http://frosty-frog-8643.on.fleek.co/,phishing
http://mailsettings685.weeblysite.com/,phishing
https://business-ads-appeal-4093174.web.app/,phishing
http://companydoc-a1c66.web.app/,phishing
https://xxaa-eta.vercel.app/,phishing
https://publicsuffix.org/,legitimate
https://3b83.state-country.workers.dev/,phishing
http://72.52.172.201/,phishing
http://4etlel3wghh3v66t0ahk5s3.qwo231sdx.club/,phishing
http://sage.com/,legitimate
http://eventtcodaml.crism-yzx.ga/,phishing
http://eyereturn.com/,legitimate
https://espn.com/,legitimate
http://whitehouseblackmarket.com/,legitimate
http://pro-football-reference.com/,legitimate
https://coinbassprologin.mystrikingly.com/,phishing
http://aniways.com/,legitimate
http://i2jlwztyetoeamtvvslbddzcgqxi.pamanespools.mx/,phishing
https://po-help-parcelfees.com/,phishing
https://sssowk.cn/,phishing
https://tabnak.ir/,legitimate
https://athome-102607.square.site/,phishing
http://emediate.eu/,legitimate
http://zune.net/,legitimate
https://keystonev212-validator.pages.dev/,phishing
https://mediabistro.com/,legitimate
http://preteritive-compres.000webhostapp.com/,phishing
http://myhermes-redeliveryhelp.com/,phishing
http://confirmatuisidentitysaccounts.co.vu/,phishing
https://ee-bill.services/,phishing
https://avira-update.com/,legitimate
https://appositely-checkout.000webhostapp.com/,phishing
https://biockchine.duckdns.org/,phishing
https://hhllppdsskk.weebly.com/,phishing
https://hsn.com/,legitimate
https://xbmc.org/,legitimate
https://ebfxs.blogspot.sn/,phishing
http://newsinc.com/,legitimate
https://daddymami.net/,legitimate
https://ifidfszesh.net/,legitimate
http://box.net/,legitimate
http://identifiez-vous654.yolasite.com/,phishing
https://intlexperiwellscomms.weebly.com/,phishing
http://adrhqvm.5q5e5o.cn/,phishing
https://troubleshooting-fb-case-zboc.vercel.app/,phishing
https://zeobit.com/,legitimate
https://maquinasdelimpeza.com.br/,phishing
https://dxna.vercelv-04.biz.id/,phishing
https://itesize.ddns.net/,phishing
https://jalopnik.com/,legitimate
https://genesismedia.com/,legitimate
https://yesadsrv.com/,legitimate
https://buysellads.com/,legitimate
https://eriktohirsimatupang.co.vu/,phishing
https://ups.com/,legitimate
https://posttv.com/,legitimate
https://meta-info-20323.herokuapp.com/,phishing
https://att-login107264.weeblysite.com/,phishing
http://snapworkapps.com/,legitimate
https://visiblemeasures.com/,legitimate
https://d13a312551.nxcli.net/,phishing
https://grvcdn.com/,legitimate
https://bonappetit.com/,legitimate
http://cboeoptionshub.com/,legitimate
https://drols.cometacinc.com/,phishing
https://adinterax.com/,legitimate
http://wsj.com.tr/,legitimate
http://primelocation.com/,legitimate
https://homeshieldcoating.net/,phishing
https://ads-ex.com/,legitimate
https://pub-65e1339c38434c31b94f7fa394911a67.r2.dev/,phishing
https://hsforms.net/,legitimate
https://blogspot.com.tr/,legitimate
https://cnnfn.com/,legitimate
http://broadcastingcable.com/,legitimate
https://sso-ndxx-login.pages.dev/,phishing
https://cwfilmproductions.com/,phishing
https://ivcbrasil.org.br/,legitimate
https://adprudence.com/,legitimate
https://staticontent.com/,legitimate
https://so.com/,legitimate
https://epnnazri.org/,legitimate
http://boomads.com/,legitimate
http://genieesspv.jp/,legitimate
http://webroot.com/,legitimate
http://oclasrv.com/,legitimate
http://teemcoworking.nyc/,phishing
http://asli.ktt55.my.id/,phishing
https://6a27912f3c280f44dc0b0181f97fd570-dot-gle9392420309493993.rj.r.appspot.com/,phishing
https://minnes0ta-unemployment.com/,phishing
http://connatix.com/,legitimate
https://mail.grupwhatsappnews.frok.my.id/,phishing
https://shoppop.net/,legitimate
https://ebay.de.wqwyx0u6n3uheln.e8273.pro/,phishing
https://theartoflivingbetter.com/,legitimate
http://aol-accountadmin23.square.site/,phishing
http://at184863.typeform.com/,phishing
https://ff.memberr.grarena.vn/,phishing
http://hypeblog9jatv.com.ng/,phishing
https://onaysistemi.blogcu.com/,phishing
https://zip.net/,legitimate
https://adtrixi.com/,legitimate
https://pub-4fdbb77a22ae415dbd5e34989a2a8e5d.r2.dev/,phishing
https://flirchicdn.com/,legitimate
http://rottentomatoes.com/,legitimate
http://nwsource.com/,legitimate
https://cafepress.com/,legitimate
https://playerio.com/,legitimate
https://mygofer.com/,legitimate
https://g6srsa.duckdns.org/,phishing
https://mercaodjiwi.prohosts.org/,phishing
https://onlinewebstat.com/,legitimate
https://fbook.com-15357733.mrubens.mx/,phishing
https://jetzt-spk-einloggen-schnell.xyz/,phishing
http://hbccontsr.com/,phishing
https://whats-xj.vip/,phishing
https://att-105884-101295.weeblysite.com/,phishing
http://perfectaudience.com/,legitimate
https://codashop-diamond-free-fire-indo.duckdns.org/,phishing
https://abacort.com/,phishing
http://leanplum.com/,legitimate
https://fbshtfs.com/,phishing
https://dizibox.org/,legitimate
https://pandasoftware.com/,legitimate
https://java.com/,legitimate
https://appleid-754960.apple1.report/,phishing
https://mail.gasdasfqwe1.duckdns.org/,phishing
https://copyrightnotification.com/,phishing
https://defaulttab.com/,legitimate
https://smartclip.net/,legitimate
https://contextweb.com/,legitimate
http://online-adnetwork.com/,legitimate
http://accountbofamerica.000webhostapp.com/,phishing
http://iwebar.com/,legitimate
https://id9367765-dpdgroup.azurewebsites.net/,phishing
https://boredpanda.com/,legitimate
https://comm100.com/,legitimate
https://m.faceebok.com-listing-id1162520000.sherese153642556.com/,phishing
https://kapnachanel.gq/,phishing
https://pubgwinter.com/,phishing
https://advertise.com/,legitimate
http://sunbeltsoftware.com/,legitimate
https://newfilm-hotsex83.duckdns.org/,phishing
https://despegar.com/,legitimate
https://wildtangent.com/,legitimate
https://linkbucks.com/,legitimate
http://bounce.actionamazonrequiredcard.best/,phishing
https://asintlpk.com/,phishing
https://wooga.com/,legitimate
https://kickass.to/,legitimate
http://gagliardicirugiaplastica.com/,phishing
http://bphelan.bravusmentores.com/,phishing
https://jagooo.my.id/,phishing
https://blowover.ca/,phishing
http://brilliant-valkyrie-593e5f.netlify.app/,phishing
https://fvsdc.blogspot.ug/,phishing
https://nutricious.suffy.com.my/,phishing
https://sarveshyogi.github.io/,phishing
http://10h-ebhgsyyftygwehbsf78weuygiukhj.vercel.app/,phishing
https://sumome.com/,legitimate
https://verificacionesebisaplus.netlify.app/,phishing
https://fbcrn.blogspot.hr/,phishing
http://18478-2326.s1.webspace.re/,phishing
https://optproweb.info/,legitimate
http://ptd.net/,legitimate
http://siviaggia.it/,legitimate
https://cbsi.com/,legitimate
http://com-trackadepe.top/,phishing
https://helperbar.com/,legitimate
https://baomoi.com/,legitimate
https://accedialapaginasicuraecompleta.sv-italia.it/,phishing
https://oxykonghgjrqnbabhticbxzelp-dot-gleowayel400503.uc.r.appspot.com/,phishing
https://newslook.com/,legitimate
http://vidcoin.com/,legitimate
https://site-nnqug4cf8.godaddysites.com/,phishing
https://4buyuklergazete.com/,phishing
https://eniset-olle.web.app/,phishing
https://codashopevent-gratis.duckdns.org/,phishing
https://hsotptmpg.info/,legitimate
http://americafirstcu1.web.app/,phishing
https://ione.net/,legitimate
https://vzw.com/,legitimate
http://terra.com/,legitimate
https://web-ndax--auth-page.webflow.io/,phishing
http://att-102182009.weeblysite.com/,phishing
https://sbitinjs.info/,legitimate
https://metalanka.com/,phishing
https://02billingnetwork.co.uk/,phishing
https://newseum.org/,legitimate
https://ntvsporsmart.com/,legitimate
http://forb-fbookcom-925925312650.ctiaspire.com/,phishing
https://news.com.au/,legitimate
https://atkrwcld.com/,legitimate
https://bradesco.com.br/,legitimate
https://uzmantv.com/,legitimate
https://gssdnyiq.info/,legitimate
http://publicbt.com/,legitimate
http://app-adforce.jp/,legitimate
https://predicta.net/,legitimate
http://sso-i-trustcapital---auth-cdn--x.webflow.io/,phishing
https://claim-dm-ff65.duckdns.org/,phishing
https://meta-muskkuslog.godaddysites.com/,phishing
http://hofti-71.gq/,phishing
https://teleborsa.it/,legitimate
http://events-garenafreefire2000131.duckdns.org/,phishing
https://games724.com/,legitimate
https://quikr.com/,legitimate
http://olivesoftware.com/,legitimate
https://formuassurance.com/,phishing
https://openseaprojts-claimnfts.vercel.app/,phishing
https://mjkvf.blogspot.fi/,phishing
http://esoui.com/,legitimate
https://p1.seevinleboncoind.com/,phishing
https://pualsifogo.ru/,phishing
http://wikiquote.org/,legitimate
https://business-page-appeal-b1565.firebaseapp.com/,phishing
https://meupagcentral.com/,phishing
http://shareaholic.com/,legitimate
https://brisol.com.pe/,phishing
https://join-grubwangsaff.duckdns.org/,phishing
https://meta-bridgecore-505.pages.dev/,phishing
http://ndnmediaservices.com/,legitimate
https://meitexmeskc-ibb.gitbook.io/,phishing
http://appads.com/,legitimate
https://13728359144.uwfs.xyz/,phishing
https://tinthethao.com.vn/,legitimate
https://porniq.com/,legitimate
https://tdqdghjtnj.cc/,legitimate
https://64695c04a4054b043fb3cbf5--glittering-daffodil-847ea9.netlify.app/,phishing
https://quovadisglobal.com/,legitimate
https://wwww-roblox.com.ru/,phishing
https://ntent.com/,legitimate
https://vanityfair.com/,legitimate
https://m.myv6836.com/,phishing
http://link.rfgestao.com.br/,phishing
https://abt.cm/,legitimate
http://data-center-violence-assessment.pages.dev/,phishing
http://netu.tv/,legitimate
https://meta-vanil.pages.dev/,phishing
http://spotxchange.com/,legitimate
https://9mesestv.com/,phishing
http://d3africa.com/,phishing
https://aforevoz.ga/,phishing
https://aukwdupmvxchmahi-dot-millinium.ey.r.appspot.com/,phishing
https://ttlbd.net/,legitimate
https://pub-63b4b7e08eb2407c8decb6c16c5c303f.r2.dev/,phishing
https://i-wydarzenia24.eu/,phishing
https://rc.hrhdw.com/,phishing
https://perfectcitytime.com/,legitimate
http://bvshzdffgixkzmcr-dot-millinium.ey.r.appspot.com/,phishing
https://progress-marine.com.au/,phishing
http://sporxtv.com/,legitimate
https://cf-4.nxnrllbe.eu.org/,phishing
http://kytmh.blogspot.sn/,phishing
http://mercadolibre.com.mx/,legitimate
https://bloglines.com/,legitimate
http://joinbokepgrub2022.duckdns.org/,phishing
https://china.com/,legitimate
https://google.lk/,legitimate
https://cdnplanet.com/,legitimate
https://google.se/,legitimate
http://mixmoonifyfil.pages.dev/,phishing
https://dft-efm-electricvehicles-test.web.app/,phishing
http://bafybeidsepmagigcr3rxqeyvpa5hqkuythu6iohqje4skvx5tc24jrfsq4.ipfs.infura-ipfs.io/,phishing
http://google.co.kr/,legitimate
https://ao.co.jp.pofzpi.cn/,phishing
https://koumelawetrs.is-a-bulls-fan.com/,phishing
https://johbstizmir.net/,phishing
https://wal.co/,legitimate
https://matiamask-wallate.gitbook.io/,phishing
https://nflevolution.com/,legitimate
https://meitmsklegxn.webflow.io/,phishing
http://tfile.me/,legitimate
https://rtbfy.com/,legitimate
https://tiscali.it/,legitimate
https://obpos.com/,phishing
https://jvzoo.com/,legitimate
https://0efbd9f.wcomhost.com/,phishing
http://authenticatee-id682.duckdns.org/,phishing
https://cisco.com/,legitimate
https://toplist.sk/,legitimate
https://vginyzu.cn/,legitimate
https://telstrawebmailllllller4.weebly.com/,phishing
https://abrrealtor.com/,phishing
https://hiddencreekmckinney.com/,phishing
https://amorgan.jtbbr.ir/,phishing
https://domobile.com/,legitimate
http://chzbgr.com/,legitimate
https://asistente-apple.ws/,phishing
https://mobile.de/,legitimate
http://yazarkafe.com/,legitimate
https://quesearme.com/,phishing
http://event-claim992.duckdns.org/,phishing
http://ovlqhgc.org/,legitimate
https://amazon.com/,legitimate
https://nu.nl/,legitimate
https://direttiva-eu-utente.com/,phishing
https://adsmanager-act-page.ubpages.com/,phishing
http://blogads.com/,legitimate
https://livedoor.com/,legitimate
https://biguc86.com/,phishing
https://fenixm.com/,legitimate
https://btypevb.ws/,legitimate
https://he.h4aqm.ourgreatcalling.com/,phishing
https://popsugar.com/,legitimate
http://m.fb-reattend-zxxoqxspno.bostan-city.ir/,phishing
https://icennwebs.angjaywebs.co/,phishing
https://bt-internet-101652.square.site/,phishing
https://rutujaat.github.io/,phishing
http://kingjohnsontransportation.com/,phishing
https://rudiger-schuler.com/,phishing
http://qbcotemhrcj.biz/,legitimate
http://199.167.138.131/,phishing
http://att-103660.square.site/,phishing
http://grupbokep18.biz-id9.tk/,phishing
https://supercell.net/,legitimate
https://wailet--trezoor.webflow.io/,phishing
https://sap3159nq6.cc/,phishing
https://google.com.pr/,legitimate
http://nt.vc/,legitimate
https://cybori.pramjse.biz.pl/,phishing
http://jppost-yu.com/,phishing
https://beyeu.com/,legitimate
https://protect-metaa-com.pages.dev/,phishing
http://telstrabgxd.weebly.com/,phishing
https://speedtest.net/,legitimate
https://alkislarlayasiyorum.com/,legitimate
https://hiro.tv/,legitimate
http://rightnowtech.com/,legitimate
https://baohay.vn/,legitimate
https://bet365sport14.com/,phishing
https://66.29.149.217/,phishing
http://p104y.xyz/,phishing
https://uc.cn/,legitimate
http://advertserve.com/,legitimate
http://812992.com/,phishing
https://m.fb-reattend-yfyaurhfyw.bostan-city.ir/,phishing
http://naver.net/,legitimate
https://findmyphone-search.help/,phishing
https://listhub.net/,legitimate
https://arcfdtls.net/,legitimate
https://mulctsamsaracorbel.com/,legitimate
https://13.77.45.25/,phishing
https://virtual-personas-linea.iceiy.com/,phishing
http://nyti.ms/,legitimate
http://t.cn/,legitimate
https://unrulymedia.com/,legitimate
https://ccloud.io/,legitimate
http://cleveland.com/,legitimate
http://pbjimy.my.id/,phishing
https://malitiktok.top/,phishing
https://mizhollywood.com/,phishing
https://delta-homes.com/,legitimate
https://f9bd8dac.n61gft.shop/,phishing
https://fadmies.com/,phishing
https://mohgrenouma.blogspot.be/,phishing
https://aktifkan-sekarang.pages.dev/,phishing
https://kernel.org/,legitimate
https://azr0zt1vnowq3.wusps.xyz/,phishing
https://actualites-dofus.com/,phishing
http://bella9.rs/,phishing
https://invite-get-badge.vercel.app/,phishing
http://jtvnw.net/,legitimate
https://grainger.com/,legitimate
http://buy-targeted-traffic.com/,legitimate
https://admin-company-100000012345986958680000574.gq/,phishing
https://bafybeibkcem2jgrdfpcumqlsbvlvtx7dev6ehtush72zj56i27pwhk265e.ipfs.nftstorage.link/,phishing
http://vui.vn/,legitimate
http://history.com/,legitimate
https://upqzfile.com/,legitimate
http://bancolombiaayuda.webcindario.com/,phishing
https://go2speed.org/,legitimate
http://tinchieu.com/,legitimate
https://scorecardresearch.com/,legitimate
http://super-pharm.it.com/,phishing
https://adoburcrv.com/,legitimate
https://urbanspoon.com/,legitimate
https://team-meta-idd647291835.pages.dev/,phishing
http://hnmdadcxssdasd.000webhostapp.com/,phishing
https://factiva.com/,legitimate
https://speedanalysis.net/,legitimate
https://weeklyfinancialsolutions.com/,legitimate
https://affentrangerassociates.xyz/,phishing
https://snknfcfp.info/,legitimate
https://wellsfargomedia.com/,legitimate
https://naver.com/,legitimate
http://disdrresp.ml/,phishing
http://interia.pl/,legitimate
https://xpj5205.vip/,phishing
http://mail.unauthorised-hali.com/,phishing
https://saoonline.vn/,legitimate
https://muirmfkfhcb.com/,phishing
https://surveywriter.net/,legitimate
http://metaamsklogin_usa.godaddysites.com/,phishing
https://freefire-event-choda-2021.duckdns.org/,phishing
https://lighthearted-paletas-91f02f.netlify.app/,phishing
https://entwine-wines.com/,legitimate
http://netflix.avsita-oil.de/,phishing
https://rdrtr.com/,legitimate
http://acrepe-help.000webhostapp.com/,phishing
http://haberler.com/,legitimate
https://gov.dvla.renew-tax.co.uk/,phishing
http://dsg.com/,legitimate
http://meta-delta-83z.pages.dev/,phishing
https://installfarm.com/,legitimate
http://b9apod4.myraidbox.de/,phishing
https://ifeng.com/,legitimate
http://vagalume.com/,legitimate
https://baumeister-partner.com/,phishing
https://techie-crunch.github.io/,phishing
https://kdlmo.top/,phishing
http://meta-for-business-data-support.pages.dev/,phishing
http://myharmony.com/,legitimate
http://ibpsoluciones25.webcindario.com/,phishing
https://joomla.org/,legitimate
https://liveviralvideo36.privaate.my.id/,phishing
https://danviet.vn/,legitimate
http://fbcom-details-6c9kc9062f.ntc.ps/,phishing
https://hurriyetkampus.com/,legitimate
https://managment.lugubrious4.com/,phishing
https://portal-live-ledgrewallet-us.pages.dev/,phishing
http://softlayer.net/,legitimate
https://monespaceslcl-particulierlclservs.live/,phishing
https://feiwei.tv/,legitimate
https://clickhole.com/,legitimate
https://arenafootball.com/,legitimate
https://alanondelhi.org/,phishing
http://bikeradar.com/,legitimate
http://condenaststore.com/,legitimate
https://baidustatic.com/,legitimate
https://get-phantom-wallt-app.gitbook.io/,phishing
https://inc-103966.weeblysite.com/,phishing
https://helioscloud.com/,legitimate
http://sso-nettcoins-loginn.webflow.io/,phishing
https://assistante-client02.ml/,phishing
https://nhcsrv.ir/,phishing
https://dfbbus.000webhostapp.com/,phishing
https://kirtimaan.repl.co/,phishing
https://walmartimages.com/,legitimate
https://friendly-engelbart-77fafb.netlify.app/,phishing
https://f0579614.xsph.ru/,phishing
https://fidoonline755.com/,phishing
https://dlscord.tk/,phishing
https://payee-safesupport.com/,phishing
https://videosense.com/,legitimate
https://rr04328.com/,phishing
https://sfdoqpsw.info/,legitimate
https://viewpoint.com/,legitimate
https://adp.com/,legitimate
https://mercadolibre.com.ar/,legitimate
https://appli.kaelingenieros.com/,phishing
https://mymetamask-overviewpage.185-117-91-145.plesk.page/,phishing
https://bootstrapcdn.com/,legitimate
https://cm98243.tw1.ru/,phishing
https://garannnttttii.com.tr/,phishing
http://httpswwwbancoprovinciabancainternetcomarspa.bancoprovincia5.repl.co/,phishing
http://blogherads.com/,legitimate
https://infinite-scroll.com/,legitimate
https://adtechus.com/,legitimate
http://lefigaro.fr/,legitimate
https://prquj2dggchjxeg.e8273.pro/,phishing
https://icloud-flndmyld.com/,phishing
http://codewithraees.github.io/,phishing
https://workintelligent.ly/,legitimate
https://5gfgfhfgg44g4.blogspot.ba/,phishing
http://craigslist.co.za/,legitimate
https://amhz0n.com/,phishing
https://uribl.com/,legitimate
https://philly.com/,legitimate
https://sanaworks.com/,phishing
http://mikeysphising3.duckdns.org/,phishing
http://hsbc.co.uk.idlinksecure.com/,phishing
https://myfonts.net/,legitimate
https://vagas.com/,legitimate
https://king.com/,legitimate
https://vresp.com/,legitimate
http://mangarockhd.com/,legitimate
https://cokoachella.com/,phishing
http://link.vn/,legitimate
http://squareup.com/,legitimate
https://c-launcher.com/,legitimate
https://people.com.cn/,legitimate
http://8iqsxidbk3gssdg6wukvbadhwt.qwo231sdx.club/,phishing
https://zonealarm.com/,legitimate
https://timeinc.com/,legitimate
https://matrixspa.it/,legitimate
https://spinmedia.com/,legitimate
https://cnnturk.com/,legitimate
https://guonmkwd.org/,legitimate
https://ehow.com/,legitimate
https://arshtechnology.in/,phishing
https://stubhubstatic.com/,legitimate
http://ardellaa.gq/,phishing
http://behe.com/,legitimate
https://zopim.com/,legitimate
https://appsmartpush.com/,legitimate
http://bafybeieqjbfglnuiidkzqb5ivcdvpc6ksg3eb4sztxcdofg6lfw3gzk4p4.ipfs.dweb.link/,phishing
https://kenfsmusogjzbjxh-dot-millinium.ey.r.appspot.com/,phishing
https://fullhdfilmizle.org/,legitimate
http://vindicosuite.com/,legitimate
https://lithium.com/,legitimate
https://sahadan.com/,legitimate
https://cloud-object-storage-nb-cos-static-web-hosting-rwk.s3.us-east.cloud-object-storage.appdomain.cloud/,phishing
https://msads.net/,legitimate
http://herokuapp.com/,legitimate
https://skynet.be/,legitimate
http://amazon-press.it/,legitimate
https://bfehn.blogspot.md/,phishing
http://videonhadat.com.vn/,legitimate
https://arielaart.com/,phishing
http://ezdrivema.com-ioiakiy.top/,phishing
http://5xy32hyvzmud62b2s3zps1fz8i.qwo231sdx.club/,phishing
https://radiohydrogen.com/,phishing
http://no-ip.com/,legitimate
https://dev-srl-autho.pantheonsite.io/,phishing
http://sonyps4customerservice.blogspot.dk/,phishing
https://pkqyv.ws/,legitimate
https://popmog.com/,legitimate
https://uni-rostock.de/,legitimate
http://my-unlon-accoumt.casinolife4ever.com/,phishing
http://otyhlddxzvbyomik-dot-millinium.ey.r.appspot.com/,phishing
https://medium.com/,legitimate
https://232.228.65.34.bc.googleusercontent.com/,phishing
http://stackauth.com/,legitimate
http://grup-viral-berbagi-2022.duckdns.org/,phishing
https://turnerstoreonline.com/,legitimate
https://megane-eye.com/,phishing
http://sportsauthority.com/,legitimate
https://imiclk.com/,legitimate
https://fbcom-14250377.namssa.com/,phishing
http://webscorebox.com/,legitimate
http://outbiz.tripod.com/,phishing
https://chicagotribune.com/,legitimate
https://ingresarpanel0.c1.biz/,phishing
https://keek.com/,legitimate
https://5df7e679cb315.ofertas-fim-de-ano.kozow.com/,phishing
http://christianpost.com/,legitimate
https://conviva.com/,legitimate
https://toshiba-tro.de/,legitimate
https://netflixmonthfree.blogspot.li/,phishing
https://google.com.do/,legitimate
http://gnvkexqvt.ws/,legitimate
https://racinggamer.com/,legitimate
http://cmmdkgthw.info/,legitimate
http://help-community-standart-and-page-repair-service.ga/,phishing
http://c1bf2bd46be018ed123d460e99287499-dot-656757657-306609.df.r.homelandfoundation.org/,phishing
https://reinvigorate.net/,legitimate
https://luluwwjl.qpon/,phishing
https://claim-gratis-ff132.duckdns.org/,phishing
http://wired.it/,legitimate
https://pxlad.io/,legitimate
https://robbreport.com.tr/,legitimate
http://foxnewsinsider.com/,legitimate
https://protocoljmkmadyu78723t5.pages.dev/,phishing
https://truyenhinhanvien.vn/,legitimate
https://veinteractive.com/,legitimate
https://criminalcasegame.com/,legitimate
https://securejump.net/,legitimate
http://3.19.31.77/,phishing
https://cnnimagesource.com/,legitimate
https://plex.tv/,legitimate
https://chaturbate.com/,legitimate
http://cpmba.se/,legitimate
http://67.207.74.175/,phishing
https://liveclicker.net/,legitimate
https://yenibiris.com/,legitimate
https://bizbattlefield.org/,phishing
https://sitewebred.info/,legitimate
https://read-65351702.bigshipmentglobal.com/,phishing
https://vzw.net/,legitimate
https://mgaserv.com/,legitimate
http://005verf-desj.com/,phishing
http://blogtalkradio.com/,legitimate
https://daviivienda.personasles.repl.co/,phishing
https://hurpass.com/,legitimate
https://bleacherreport.com/,legitimate
https://rongbay.com/,legitimate
https://jmzt1lc6ri196rj.web.app/,phishing
http://justgetflux.com/,legitimate
https://brimg.net/,legitimate
https://hepsiburada.com/,legitimate
https://off-fbkrsmyspnxp.refere.rs/,phishing
https://googlehosted.com/,legitimate
https://cootek.com/,legitimate
http://marcconseille.blogspot.md/,phishing
https://easy-ads.com/,legitimate
https://191.233.198.107/,phishing
https://samsungcloudsolution.com/,legitimate
https://c1b0-clent4acc.com/,phishing
http://runnersworld.com/,legitimate
https://bongacams.com/,legitimate
https://24x7-apple-helpline.pages.dev/,phishing
https://joingrub-notnot12.tk/,phishing
https://auth-sturtt--trezor.webflow.io/,phishing
http://https://gitelt.net/serv-luno-act%20/luno//,phishing
https://mediaset.it/,legitimate
https://opersea-io.org/,phishing
https://vevo.com/,legitimate
https://attmailuserr.square.site/,phishing
https://bellmail-100887.weeblysite.com/,phishing
http://blurdev.com/,legitimate
https://ajiang.net/,legitimate
https://a0631050.xsph.ru/,phishing
https://kshwtj.com/,legitimate
https://bovllawmyn.com/,phishing
https://dontdeleteagain.com/,phishing
https://email.einforma.com/,phishing
https://financialcontent.com/,legitimate
http://sgiggle.com/,legitimate
http://risyasbxtvjnbjlvzygjzitwdh-dot-gleowayel400503.uc.r.appspot.com/,phishing
https://allakhazam.com/,legitimate
https://rokoikalaw.com.tenlavi.com/,phishing
https://bullsharksurf.com/,phishing
http://ajax-wiki-oyos0.surge.sh/,phishing
https://bdvfinanzasve.webcindario.com/,phishing
https://cc.com/,legitimate
https://fjcirvorveyxdxvpqndxwjnafz-dot-gleowayel400503.uc.r.appspot.com/,phishing
https://festivalmexicanoartesuabc.filesusr.com/,phishing
https://amazon.sadsd.club/,phishing
https://smarttech.com/,legitimate
http://alethearsnyder.com/,phishing
https://centronortebank.com/,phishing
https://engadget.com/,legitimate
https://sub2tech.com/,legitimate
http://4acc0unt-r3c0v3ry.duckdns.org/,phishing
https://phonegarage.co.nz/,phishing
http://axf8.net/,legitimate
https://frogupdate.com/,legitimate
http://bulletinsync.info/,legitimate
http://coupleq.my.id/,phishing
https://pub-af4bb435167a45009565dae4968ce9b4.r2.dev/,phishing
https://online-cancellation24.com/,phishing
https://gettvwizard.com/,legitimate
http://apple.yslssp.com/,phishing
https://hoverzoom.net/,legitimate
http://gcion.com/,legitimate
http://mydomainadvisor.com/,legitimate
https://aib-security-loginapp.com/,phishing
https://danaa-care.zxcom.cfd/,phishing
https://ixijwtzr.cc/,legitimate
https://sokrati.com/,legitimate
http://business-page-appeal-3be5e.web.app/,phishing
https://dsiteproducts.com/,legitimate
https://a11a7d5faf81a31bac2b2ee58575903e.serveo.net/,phishing
https://ndmdhs.com/,legitimate
https://pegi.info/,legitimate
http://paypal.secure-login-user.com/,phishing
https://bt-104164.weeblysite.com/,phishing
http://atemda.com/,legitimate
https://kmart.com/,legitimate
https://gmodules.com/,legitimate
http://hxvfecuvyacfbxal-dot-glexcel1.ue.r.appspot.com/,phishing
https://matomy.com/,legitimate
https://3q.com.vn/,legitimate
https://adedgemedia.com/,legitimate
https://order.fdlheatpumps.co.uk/,phishing
https://battiegroundsindiaofficiai.blogspot.com/,phishing
https://eastdane.com/,legitimate
https://globalfast.se/,phishing
https://ksl.com/,legitimate
https://bouknx-eb38e0.ingress-haven.ewp.live/,phishing
https://rqhqhyqylgsjbcbs-dot-millinium.ey.r.appspot.com/,phishing
https://jipillw.ws/,legitimate
https://begenburda.blogspot.com.ng/,phishing
https://paynewxdnaid.bascanetz.my.id/,phishing
https://eeofficial-log-in.com/,phishing
http://bplhalkfin.duckdns.org/,phishing
http://sbnation.com/,legitimate
https://cwmods.com/,legitimate
http://nrelate.com/,legitimate
https://login.excyteraknet.com/,phishing
http://ir.tanglescanner.com/,phishing
http://yzifhqrk.ws/,legitimate
https://pip004.duduskying.tk/,phishing
https://70unk.ohbeats.com/,phishing
https://attfhscn.weebly.com/,phishing
http://newhometulsa.cf/,phishing
http://spongecell.com/,legitimate
http://lontehisugf.duckdns.org/,phishing
https://trfirmaekle.com/,legitimate
https://61leandro-velazquez89.crabdance.com/,phishing
http://net-mine.com/,legitimate
https://limelight.com/,legitimate
https://agilone.com/,legitimate
http://riskhelpsecureinformation2022.co.vu/,phishing
http://claromusica.com/,legitimate
https://azs.co.vu/,phishing
http://ibsccu.com/,phishing
http://legacy.com/,legitimate
https://disneyprivacycenter.com/,legitimate
https://mediashakers.tv/,legitimate
http://media-imdb.com/,legitimate
https://myway.com/,legitimate
https://craigslist.jp/,legitimate
https://wqaxikwy.cc/,legitimate
https://airdropmanta-app.pages.dev/,phishing
https://planet.nl/,legitimate
http://pub-422043df490e4071ada896b0eced5da9.r2.dev/,phishing
https://symantec.com/,legitimate
http://ebaymvp.shop/,phishing
https://mazonmailet.com/,phishing
https://kaspersky-labs.com/,legitimate
https://aolserviceteam.gognugerdu.workers.dev/,phishing
http://iimagalu.com/,phishing
https://icscards-activeren.portal-magister-icscards.eu/,phishing
https://hbo.com/,legitimate
https://yimg.jp/,legitimate
https://frontdoor.com/,legitimate
https://ehowcdn.com/,legitimate
https://utorrent.com/,legitimate
http://heatmap.it/,legitimate
http://dmelibrary.com/,phishing
http://shanoo7.github.io/,phishing
http://comingsoon.net/,legitimate
https://sgn.com/,legitimate
https://curiyo.com/,legitimate
https://miamiherald.com/,legitimate
http://premiereinteractive.com/,legitimate
https://bber.com/,phishing
https://inforegihtofuses.com/,phishing
https://my.com/,legitimate
https://kanyekuhle.co.za/,phishing
https://payingrequest.000webhostapp.com/,phishing
https://k9webprotection.com/,legitimate
https://charter.net/,legitimate
http://attuddgsgs.weeblysite.com/,phishing
https://triubfuebndaxiojfniwifudhe.netlify.app/,phishing
https://tubemate.net/,legitimate
https://iremove-incorrect-beneficiary.com/,phishing
http://bt-102452.weeblysite.com/,phishing
https://smec-workshops.cloudevents.ai/,phishing
https://iuvkikajb.net/,legitimate
https://zypush.com/,legitimate
https://alaskaconcreteguys.com/,phishing
https://mamailatt.weebly.com/,phishing
http://49a78cfb.ieybfs7j447b.org.cn/,phishing
https://m.lkp3329.com/,phishing
http://mobilecore.com/,legitimate
https://jithinpulikkal.github.io/,phishing
https://fisglobal.com/,legitimate
https://washingtonexaminer.com/,legitimate
https://dailyfinance.com/,legitimate
https://darchermedia.com/,legitimate
https://mchase.cam/,phishing
https://hgtvremodels.com/,legitimate
http://sdlcdn.com/,legitimate
http://hydypoa.top/,phishing
http://micromaxinfo.com/,legitimate
https://adsquangcao.com/,legitimate
https://usatodaysportsevents.com/,legitimate
https://hicloud.com/,legitimate
http://metamask.tel/,phishing
https://quizgroup.com/,legitimate
https://adversal.com/,legitimate
https://9de72764729cbab8ca3ec0c243ba1016-dot-gle9392420309493993.rj.r.appspot.com/,phishing
https://cdn-apple.com/,legitimate
http://zcloud.io/,legitimate
https://anirban611.github.io/,phishing
https://marketgid.com.ua/,legitimate
https://489nsmfna738hgwwrb76.mattsenior1.repl.co/,phishing
https://diigo.com/,legitimate
http://removefb-5g90rnd1.goodseo.tw/,phishing
https://huntyandmandy.com/,phishing
https://infospace.com/,legitimate
https://netflix-refund-id-0144545.firebaseapp.com/,phishing
https://baddreneeleton.ml/,phishing
https://adupmediaxml.com/,legitimate
https://rummblelabs.com/,legitimate
https://amazom-account.hcvrdeqrdrymn.xyz/,phishing
http://msocdn.com/,legitimate
https://kmsethnz.com/,legitimate
https://apple.cloud-iforg.com/,phishing
https://hearstdigital.com/,legitimate
http://googledocs-form.webhop.me/,phishing
http://tanx.com/,legitimate
http://dk.51-20-169-153.cprapid.com/,phishing
https://incredimail.com/,legitimate
http://turkuvazyayin.com.tr/,legitimate
http://dailydot.com/,legitimate
https://ffbdx.blogspot.com/,phishing
https://clashofclans.com/,legitimate
https://revenue.ie.my-application-now.com/,phishing
https://isteinsan.com.tr/,legitimate
https://bri201925xc.s3.us-east-2.amazonaws.com/,phishing
https://chargers.com/,legitimate
https://iusman00.github.io/,phishing
http://imageshack.com/,legitimate
https://lieferung-paket-kundin.emporiadr.com/,phishing
http://jstor.org/,legitimate
https://assinaturacaix.sytes.net/,phishing
https://popcash.net/,legitimate
http://adprotected.com/,legitimate
http://samappz.com.global.prod.fastly.net/,phishing
http://ioladv.it/,legitimate
https://free-5464837.webadorsite.com/,phishing
https://crieg.jp/,phishing
https://bitfixhot.xyz/,phishing
http://mt3loginhelp.duckdns.org/,phishing
https://ckstatic.com/,legitimate
https://barrons.com/,legitimate
https://healthforself.com/,legitimate
https://saurik.com/,legitimate
http://davidmathiasen.com/,phishing
http://securitymetrics.com/,legitimate
https://sayyac.net/,legitimate
https://coincorrect.netlify.app/,phishing
https://blmqccfb.biz/,legitimate
http://securepageloader.com/,legitimate
https://bzfd.it/,legitimate
https://amazonjp.info/,phishing
https://sharethrough.com/,legitimate
https://klaimsaldodana.updateebaru.com/,phishing
https://ns1.updateantivir.us/,phishing
https://bvopwlrczu.duckdns.org/,phishing
https://800799846325-99.000webhostapp.com/,phishing
https://5fggfgfgfg4g4gfgfg4.blogspot.sn/,phishing
https://applelnc-ituness.cn/,phishing
https://sitewit.com/,legitimate
https://extremetracking.com/,legitimate
https://xg4ken.com/,legitimate
https://saavn.com/,legitimate
https://pubgms.otzo.com/,phishing
https://p3bkhu.egirisimuniversitesi.com/,phishing
https://ekadewisari.web.id/,phishing
https://dodge.com/,legitimate
https://sharepoint-handbook-mlcrosft-view.robotfattoincasa.de/,phishing
https://portale.193-222-96-79.cprapid.com/,phishing
https://bdsddsakaskdsjdas.weebly.com/,phishing
https://cafeempresarial.cl/,phishing
https://investingmediasolutions.com/,legitimate
https://hughes.net/,legitimate
https://cjchoteis.wdcom.host/,phishing
http://b5m.com/,legitimate
https://hivongduinh.ml/,phishing
http://lan.com/,legitimate
http://melissaarts.com/,phishing
https://advolution.de/,legitimate
https://preguntados.com/,legitimate
http://generate-process.shop/,phishing
https://innnnner.wixsite.com/,phishing
https://streamprovider.net/,legitimate
http://hubimg.com/,legitimate
https://bio-power.tw/,phishing
https://mtb-verify.co/,phishing
http://arrives-812.gq/,phishing
http://att-102764.weeblysite.com/,phishing
http://paula-smoot.company.com/,phishing
https://blogspot.gr/,legitimate
http://statistik-gallup.net/,legitimate
https://easternoecta.ca/,phishing
http://alyazwagroup.com/,phishing
http://qiyipic.com/,legitimate
https://comments-fb46542691.furniture-moving-companies.com/,phishing
https://softonic.jp/,legitimate
https://nvvknqpt.com/,legitimate
https://nasiltv.com/,legitimate
https://web.whatsapps5.com/,phishing
https://youlamedia.com/,legitimate
https://cachefly.net/,legitimate
http://americanaso-fevereiro.com/,phishing
https://gigcount.com/,legitimate
http://aoaocvonline.uk/,phishing
https://politicopro.com/,legitimate
https://dlgokzzejj.cn/,legitimate
https://icast.cn/,legitimate
https://clickability.com/,legitimate
https://hiapk.com/,legitimate
https://aejohg.com/,legitimate
https://savemyshows.com/,legitimate
https://new-payee-remove-secured.live/,phishing
https://691839.duniyahaigol.com/,phishing
https://nnnnnnooooo000000b.000webhostapp.com/,phishing
https://cornerguards.gleeze.com/,phishing
https://astarresearch.com/,phishing
https://ssa.gov/,legitimate
http://musiccitymiracles.com/,legitimate
https://513988980.swh.strato-hosting.eu/,phishing
https://iceoplata.org.ru/,phishing
https://insponesmea.click/,phishing
http://tribdss.com/,legitimate
https://check-account-login.netlify.app/,phishing
https://eb0838a9.ngrok.io/,phishing
http://chatango.com/,legitimate
https://voc.com.cn/,legitimate
http://itunesios.ras-wu.cn/,phishing
http://att-103876-105677.square.site/,phishing
https://ilmeteo.com/,legitimate
https://climatempo.com.br/,legitimate
http://boingboing.net/,legitimate
http://nbcwashington.com/,legitimate
https://login-usa-icl0ud.ws/,phishing
https://nastyvideotube.com/,legitimate
http://dmca.com/,legitimate
http://staticpm.com/,legitimate
https://distractify.com/,legitimate
https://oclc.nl/,legitimate
http://corporate-ir.net/,legitimate
http://lowes.com/,legitimate
http://www3-vpass.ivhnk.cn/,phishing
http://objectedge.com/,legitimate
http://rosienice.com.au/,phishing
https://haberturk.com/,legitimate
https://auth.seg.br/,phishing
https://clipon.com.ua/,phishing
https://creditagricole-otp.172-232-56-179.plesk.page/,phishing
https://aitarget.ru/,legitimate
https://fmsads.com/,legitimate
https://bafybeidrc47427k3iu6mt3wjx6peqh2kb5getvnf6wgdsyft3gcszbwvkm.ipfs.dweb.link/,phishing
https://nice-mendel.91-190-155-120.plesk.page/,phishing
http://booking.pl-id68141274.xyz/,phishing
https://apply-events.gq/,phishing
https://imagehost123.com/,legitimate
https://ccc.de/,legitimate
http://majdi.abdelhamid.inventconcepts.com/,phishing
https://reutersmedia.net/,legitimate
https://ovh.net/,legitimate
https://hotelrecantocachoeira.com/,phishing
https://sexad.net/,legitimate
https://21stupefacentevideo2022.pagedemo.co/,phishing
https://rovio.com/,legitimate
https://learn-en-basse.daftpage.com/,phishing
http://appealsadzone.vercel.app/,phishing
https://bhaskar.com/,legitimate
https://paypal.de-516941252de85511d7a-update.security.trackid.piwikb9c1867dd7ba9c57.2868c89830203dc33aef2e155735b264.cheryl-tay.com/,phishing
https://kukuoin-logg.godaddysites.com/,phishing
http://seethisinaction.com/,legitimate
https://chip.de/,legitimate
http://ftb.cagov-why.cc/,phishing
https://payclick.it/,legitimate
http://ieppg.net/,legitimate
https://attt-105451.weeblysite.com/,phishing
https://aimatch.com/,legitimate
http://prfct.co/,legitimate
https://connectavet.com/,phishing
https://vivox.com/,legitimate
http://amzano.co.jp.mljbg.com/,phishing
https://problackandsingle.com/,phishing
https://townsquaremedia.com/,legitimate
https://download-servers.com/,legitimate
https://nami25-encryptmfaserver38782821-agreement.scanlonchiro.com/,phishing
https://vivastreet.it/,legitimate
https://xosnetwork.com/,legitimate
https://5giay.vn/,legitimate
https://joingrubwadewasa18.duckdns.org/,phishing
http://gnpvdulpheishxdv-dot-millinium.ey.r.appspot.com/,phishing
http://3.12.194.111/,phishing
http://harshika1067.github.io/,phishing
http://suddenlink.net/,legitimate
https://help.accountsupportcentre.com/,phishing
http://oknaparapetypoczesna.pl/,phishing
https://googlezip.net/,legitimate
https://directadvert.ru/,legitimate
https://pinterest.com/,legitimate
https://aexp-static.com/,legitimate
https://peringatanpemblokirancom.weebly.com/,phishing
http://accountlogin.sytes.net/,phishing
https://mail.secure05verify-chase.duckdns.org/,phishing
https://netflix.com/,legitimate
https://edmodo.com/,legitimate
https://adtop.vn/,legitimate
https://admob.com/,legitimate
https://pantherssl.com/,legitimate
https://appaavee.com/,phishing
https://startimes.com/,legitimate
http://lyonnaise-des-eaux.fr/,legitimate
http://pc.whatsiew.cc/,phishing
https://givemesport.com/,legitimate
http://https-www-codashop-com-6392.duckdns.org/,phishing
https://juicyceleb.com/,legitimate
https://scansafe.net/,legitimate
http://userapi.com/,legitimate
https://cam4support.com/,legitimate
https://mortgagesmade.com/,legitimate
https://laedrane.kilfnestadom-bygrnd.com/,phishing
https://scrippsnetworksdigital.com/,legitimate
https://sspl.com.aucom.auwww.mail7.sspl.com.auwww.sspl.com.aumail7.sspl.com.auwww.mail7.sspl.com.auwww.sspl.com.auwww.mail7.sspl.com.aucom.auwww.mail7.sspl.com.auwww.sspl.com.aumail7.sspl.com.auwww.mail7.sspl.com.au/,phishing
https://qhirhxxowcf.cc/,legitimate
https://jsuol.com/,legitimate
https://aeriagames.com/,legitimate
https://sub.ly/,legitimate
http://765432344432432.com/,phishing
https://google.gr/,legitimate
https://pdfcomplete.com/,legitimate
https://webhostingtalk.com/,legitimate
https://mandan.com.tr/,phishing
https://facebookk-mobice.click/,phishing
https://388e.shop/,phishing
http://glaciercirpia.co.kr/,phishing
https://crele-os.web.app/,phishing
https://recipechart.com/,legitimate
https://removed-fbcom-55275826.freshhellas.gr/,phishing
http://vlingo.com/,legitimate
https://4330cf99.adorn-insight.co.uk/,phishing
https://numbers-tv-fit-amendment.trycloudflare.com/,phishing
https://nitropdf.com/,legitimate
https://hindustantimes.com/,legitimate
https://forb-fbookcom-195550868.ctiaspire.com/,phishing
https://theverge.com/,legitimate
http://lloydsbank.login-online-device-auth.com/,phishing
http://eventgarenaterbaru.xcx.my.id/,phishing
https://kelkoo.com/,legitimate
https://fleet-net.co.uk/,phishing
http://ajyoux.org/,legitimate
https://loginnetflixleiojfioje.blogspot.com.eg/,phishing
https://emedicinehealth.com/,legitimate
https://chrommetaexton.webflow.io/,phishing
https://cotssl.net/,legitimate
https://shuntv.net/,legitimate
https://academia-assets.com/,legitimate
https://ccbill.com/,legitimate
https://craigslist.fi/,legitimate
http://intercom.io/,legitimate
https://eltiempo.es/,legitimate
https://backgestion.alconect.com/,phishing
https://dattobackup.com/,legitimate
https://adreadytractions.com/,legitimate
http://gamer.com.tw/,legitimate
https://r-ad.ne.jp/,legitimate
http://vdopia.com/,legitimate
https://gbadoumtrenghoup.web.app/,phishing
http://bafybeieefkmoc56ob4rpxyhirsuekabx53awx627ehoyz6y756xsdv242u.ipfs.dweb.link/,phishing
https://wsodcdn.com/,legitimate
http://yapikredi.com.tr/,legitimate
http://account-beyb.000webhostapp.com/,phishing
http://cr17768.tmweb.ru/,phishing
https://youm7.com/,legitimate
https://netflixmonthfree.blogspot.com.ar/,phishing
https://infiinity.site/,phishing
https://jfgcv.huvprlx.cn/,phishing
https://abdul-soharab.github.io/,phishing
https://hot-cpm.com/,legitimate
https://popnhop.com/,legitimate
https://freefireqfjr7gw.lanjutkann.my.id/,phishing
https://knowwearkids.com/,phishing
https://ccsp.com.br/,legitimate
https://tapulous.com/,legitimate
http://free-fire-tiktok.duckdns.org/,phishing
https://monsternotebook.com.tr/,legitimate
https://javelinprogram.com/,phishing
https://trzeo-app-suite.pages.dev/,phishing
https://picasasoftware.com/,legitimate
https://ip-net.org/,phishing
https://and1.pages.dev/,phishing
https://idnes.cz/,legitimate
http://getsatisfaction.com/,legitimate
https://jollywallet.com/,legitimate
https://gs-cdn.net/,legitimate
https://internic.com/,legitimate
http://bt-104513.weeblysite.com/,phishing
https://aurgule4352.com/,phishing
https://accountbooking.hotel-78291.eu/,phishing
http://kidsafeseal.com/,legitimate
https://ahmedfothe.github.io/,phishing
https://acortador-urls.fly.dev/,phishing
https://123-reg.co.uk/,legitimate
http://themeforest.net/,legitimate
https://photoscape.org/,legitimate
https://businessinsider.my/,legitimate
https://solutionzip.info/,legitimate
http://9cache.com/,legitimate
https://agrantsem.com/,legitimate
http://loggly.com/,legitimate
https://nmdigitalpc.com/,phishing
https://nox.landscom.org/,phishing
https://digitalrivercontent.net/,legitimate
http://publicize-cube-ed9144e4.s3.us-east-2.amazonaws.com/,phishing
https://501022816140328.ojf-les-qam.xyxn.net/,phishing
https://acesglobal.co.ke/,phishing
http://154.55.133.6/,phishing
https://unlswap-v3.pm/,phishing
http://vzwwo.com/,legitimate
https://sd-assets.com/,legitimate
http://thaeragkyt.com/,legitimate
http://smi2.net/,legitimate
http://acer.com/,legitimate
https://nudevector.com/,legitimate
https://nsatc.net/,legitimate
https://bt-109938.weeblysite.com/,phishing
http://epaketyukle.com/,phishing
https://list-itm-915274.atwebpages.com/,phishing
https://meatumusklogin.webflow.io/,phishing
https://247realmedia.com/,legitimate
http://fb-details-025156063.opej.co.uk/,phishing
https://meta-support-summit.pages.dev/,phishing
https://dtcn.com/,legitimate
https://dioaboa34.de/,phishing
https://adk2.com/,legitimate
https://spotifywebapp-inc.bkkwebsite.com/,phishing
http://sheknows.com/,legitimate
https://commerz-idcheck.digital/,phishing
https://sf.net/,legitimate
https://ponteringde.com/,phishing
https://123c.vn/,legitimate
https://imtokenj.com/,phishing
https://dailycaller.com/,legitimate
https://doh-gov.com/,phishing
http://bomnegocio.com/,legitimate
https://mongoosemetrics.com/,legitimate
https://anyclip.com/,legitimate
https://akhbarak.net/,legitimate
https://ipgeoapi.com/,legitimate
http://apnanalytics.com/,legitimate
https://8d6920c1-aef5-45ed-b1a0-e693d63948fb.filesusr.com/,phishing
https://brainjet.com/,legitimate
https://fjcdn.com/,legitimate
http://bafybeic56zqnframqdkohdlha6l4coen57ganglkufm2c4l5viqgw6mgeu.ipfs.dweb.link/,phishing
http://mannageacc.temp.swtest.ru/,phishing
https://pubdirecte.com/,legitimate
https://edectus30085.activehosted.com/,phishing
https://ispgateway.de/,legitimate
https://infinitummovil.net/,legitimate
https://rufiounlimited.info/,phishing
https://ilethae.cf/,phishing
https://whitehouse.gov/,legitimate
http://ronald.frog.cl/,phishing
https://a2dfp.net/,legitimate
https://tk-globeshopping6.top/,phishing
https://samsungalways.com/,legitimate
https://gov.rtmoklwmx.qpon/,phishing
https://rightinthebox.com/,legitimate
https://sonyentertainmentnetwork.com/,legitimate
https://healthfoodcox.net/,phishing
https://contents-lockeds-e93he.vercel.app/,phishing
https://wt-data.com/,legitimate
https://8594hd88u.weeblysite.com/,phishing
https://chatwhatsapps.xxuz.com/,phishing
https://tipeez.com/,legitimate
http://attcom-104727.weeblysite.com/,phishing
https://94ajj6az.sibpages.com/,phishing
http://coinbds-sso.framer.ai/,phishing
https://automation-epi-increased-nett.vercel.app/,phishing
https://vneconomy.vn/,legitimate
https://bango-settoen-20pageks-clowisne3812-aowkaler.pages.dev/,phishing
https://office365-auth-login.df.r.appspot.com/,phishing
https://radiobicentenario.cl/,phishing
http://informars.com/,legitimate
https://mangareader.net/,legitimate
http://pwaplpl.diprolite.com/,phishing
https://newnyandqvkioech-dot-millinium.ey.r.appspot.com/,phishing
https://thewebvillain.github.io/,phishing
https://getsidekick.com/,legitimate
https://intentmedia.net/,legitimate
https://pchome.net/,legitimate
https://petapixel.com/,legitimate
https://amap.com/,legitimate
http://aafinc.com/,phishing
https://yoz.io/,legitimate
https://en-sso--uuphold--com--cdn---auth.webflow.io/,phishing
http://tcimg.com/,legitimate
https://fastapi.net/,legitimate
http://ugwdevice.net/,legitimate
https://cg77941.tw1.ru/,phishing
https://richard-id7948-vwxs.vercel.app/,phishing
https://elance.com/,legitimate
https://privacy-recovery-identity-sociiety-secuur.my.id/,phishing
https://mooc-edu.komacon.kr/,phishing
https://demonoid.ph/,legitimate
https://cdnbd.com/,legitimate
http://adition.com/,legitimate
http://360.com/,legitimate
https://meta-darvox-hylor-sintek.pages.dev/,phishing
https://vimdsspys.net/,legitimate
https://online.app-myonlineservices.com/,phishing
http://css-tricks.com/,legitimate
http://dhlexprees.de/,phishing
https://360game.vn/,legitimate
https://wunderlist.com/,legitimate
http://puppytoob.com/,legitimate
https://hitsk.in/,legitimate
http://ganggreennation.com/,legitimate
https://mobilityware.com/,legitimate
https://webgains.com/,legitimate
https://autotraderstatic.com/,legitimate
http://quickpay-cyon-chadbe2df9.esperancaemcadapasso.com/,phishing
http://targetimg1.com/,legitimate
http://facebookfodz.blogspot.tw/,phishing
https://sage.co.uk/,legitimate
http://jaeep8221u2ltdc3mrt.leqw.de/,phishing
https://activerain.com/,legitimate
http://dud-legends.000webhostapp.com/,phishing
https://bsd.net/,legitimate
https://dgetx-eb.adsfor.eu.org/,phishing
https://hcglkfmjvgajizuybfuptjqpffknqnswwezd-dot-cryptic-now-290917.ey.r.appspot.com/,phishing
http://lineage2.com.cn/,legitimate
http://7absolutes.com/,phishing
https://assalipur.com/,phishing
http://acidic-gravel-author.glitch.me/,phishing
https://pof.com/,legitimate
https://5fvvseenphwfx7p93wgfl428tkpaex23.ocalam.com/,phishing
https://citrixonlinecdn.com/,legitimate
https://cardstar.mobi/,legitimate
https://dt07033.beget.tech/,phishing
https://instagramverified.unaux.com/,phishing
https://rzone.de/,legitimate
https://pkfztobwyt.duckdns.org/,phishing
https://newyorkjets.com/,legitimate
https://nzherald.co.nz/,legitimate
https://produzindoeventos.com.br/,legitimate
https://apicos.8pa.co/,phishing
http://m-perfil-com-marianalopes1203.blogspot.com/,phishing
https://repubblica.it/,legitimate
https://ultradns.biz/,legitimate
https://foodonthetable.com/,legitimate
http://twenga.it/,legitimate
https://line.me/,legitimate
https://hrmihvrpzk.duckdns.org/,phishing
https://yelp-ir.com/,legitimate
https://22find.com/,legitimate
http://adriver.ru/,legitimate
https://qz.com/,legitimate
https://publicidees.com/,legitimate
https://michaelelectronics.co.tz/,phishing
https://merecemostudoealem.club/,phishing
https://chefscatalog.com/,legitimate
https://bafybeia4zzt5x6wgr5n4sulvx5zmgguifgmvs2ggl4lfysdr2gxd4ghge4.ipfs.dweb.link/,phishing
https://je-consulting.co.uk/,phishing
https://p-votes.ru/,phishing
http://boulanger-couverture.fr/,phishing
https://skorer.tv/,legitimate
https://hepsibahis6.com/,legitimate
https://mail.zebrogs.com/,phishing
http://209.94.90.1/,phishing
https://edgefcs.net/,legitimate
https://rabbitscams.com/,legitimate
https://nppvnouohchdnrai-dot-millinium.ey.r.appspot.com/,phishing
https://member-hsbc-group.com/,legitimate
https://dana-indonesiaa.uniclodw.web.id/,phishing
https://wxljto.cn/,legitimate
https://rnengage.com/,legitimate
https://howtogeek.com/,legitimate
https://carrierfunding.xyz/,phishing
http://ahpuhibbeginseie-dot-millinium.ey.r.appspot.com/,phishing
https://https-login-mail-secure-server.com/,phishing
https://project11d-c84db.firebaseapp.com/,phishing
http://d3js.org/,legitimate
http://inyt.com/,legitimate
https://grp01.id.rakuten.co.jp.988077b0583c14acb17ba4e71dfec8b60f18ba8d.com/,phishing
https://americanlivewire.com/,legitimate
https://a8239b90ecf0112c4d9cc921b028b88c-dot-gle9392420309493993.rj.r.appspot.com/,phishing
http://bgesuuryuoepb.com/,phishing
https://adsdk.com/,legitimate
https://aoicyowsk.org/,legitimate
https://attmailmnxgxf.weebly.com/,phishing
https://blackberry.com/,legitimate
https://bugsense.com/,legitimate
https://seesaa.net/,legitimate
https://maze-lizard-cayenne.glitch.me/,phishing
http://gusn.pages.dev/,phishing
https://visionobjects.com/,legitimate
https://hqsoftwarelab.by/,phishing
https://pengyou.com/,legitimate
https://lhd037charm.top/,phishing
https://jihadwatch.org/,legitimate
https://kxyuiebwfc.duckdns.org/,phishing
http://oned.io/,legitimate
https://hthayat.com/,legitimate
http://tracelytics.com/,legitimate
https://nabins.com/,phishing
http://localnet.com/,legitimate
https://3dd5487c-7fec-4830-bee1-ba688e66fac3.id.repl.co/,phishing
https://newsvine.com/,legitimate
https://5gfhfgegeg3f3f3f3.blogspot.co.id/,phishing
https://hollywoodreporter.com/,legitimate
https://case-id-1000228280618.counselschambers.co.uk/,phishing
https://facebookvideo.click/,phishing
http://adkengage.com/,legitimate
https://sitemeter.com/,legitimate
https://mercadolibre.com/,legitimate
https://yatra.com/,legitimate
https://csafer.net/,legitimate
https://sumotracker.com/,legitimate
https://catsupagedwelcome.com/,legitimate
https://itim.vn/,legitimate
http://userreport.com/,legitimate
https://dolphin-browser.cn/,legitimate
http://knoleproperty.co.uk/,phishing
https://vervemobile.com/,legitimate
https://customerccomxcast.weebly.com/,phishing
http://af4c9723.1966ks.cn/,phishing
https://g2a.com/,legitimate
https://telcel.com/,legitimate
https://cootekservice.com/,legitimate
https://blogcu.com/,legitimate
http://7897s.freq.my.id/,phishing
https://adventanalytical.com/,phishing
https://bizlive.vn/,legitimate
http://decentralize-smartsolution.pages.dev/,phishing
https://shopzilla.com/,legitimate
https://df-stream.net/,legitimate
http://camads.net/,legitimate
https://wsjplus.com/,legitimate
https://onlymyhealth.com/,legitimate
https://plansmedihealthsolutions.me/,legitimate
https://frailokapi.build067.wpsandbox.app/,phishing
https://propean5g83esefy7.com/,phishing
https://web-exodusiso.teachable.com/,phishing
http://bancolombia-1.github.io/,phishing
https://jxrvveajvmelfzhw-dot-millinium.ey.r.appspot.com/,phishing
https://rabinhoodloginy.cryperror.com/,phishing
https://hautelook.com/,legitimate
http://myspacecdn.com/,legitimate
https://dreamhost.com/,legitimate
http://gtsconsulting.com.au/,phishing
https://fbnstatic.com/,legitimate
https://afqtrggqe.ws/,legitimate
https://irs.gov/,legitimate
https://espnfc.com/,legitimate
https://dequeamaze.com/,legitimate
http://pc2cy-maaaa-aaaad-qeicq-cai.raw.ic0.app/,phishing
https://wetter.com/,legitimate
http://gzwe.sk.wapco.com.lk/,phishing
https://nature.com/,legitimate
https://masralarabia.com/,legitimate
http://theaustralian.com.au/,legitimate
https://vagas.com.br/,legitimate
https://profm.cd/,phishing
http://pyccolombia.com/,phishing
http://factual.com/,legitimate
https://141.105.71.211/,phishing
https://voicefive.com/,legitimate
https://onswipe.com/,legitimate
https://qtqxfuh3emnsyngsratqfal4eduw.lspower.xyz/,phishing
https://att-login-improvedweb4.weeblysite.com/,phishing
https://sophos.com/,legitimate
http://attytrr.weebly.com/,phishing
https://friv-games.com/,legitimate
https://indian-times.com.au/,phishing
http://joomlatune.com/,legitimate
http://oliviapmoles.org/,phishing
http://03t.top/,phishing
https://hsappstatic.net/,legitimate
http://origin.transformtariff.co.uk/,phishing
https://codashop-allgamevvip6.duckdns.org/,phishing
https://twimg.com/,legitimate
http://remintrex.com/,legitimate
http://usps.com-trackukv.top/,phishing
https://reservation-43276989455.asia/,phishing
http://account-update.amazon.co.jp.amzaonuins-sdufd13dany.monster/,phishing
https://pubnub.com/,legitimate
https://gres-studio.pages.dev/,phishing
http://srdrvp.com/,legitimate
https://mindunbound.org/,phishing
http://casaevideo.com.br/,legitimate
https://daum.net/,legitimate
https://ixtusenterprises.com/,phishing
https://portal-ndax--cdn.gitbook.io/,phishing
https://onesmartpenny.com/,legitimate
http://pub-1f6eb1dee0cb430894854e27a19a83be.r2.dev/,phishing
http://bayimg.com/,legitimate
http://scoop.it/,legitimate
https://adexprts.com/,legitimate
https://minq.com/,legitimate
https://dmcscmums.saksipazari.com/,phishing
https://bapakbotak.com/,phishing
https://arsmtpxxxxx3.firebaseapp.com/,phishing
https://nextadvisor.com/,legitimate
https://thoughtcatalog.com/,legitimate
https://economist.com/,legitimate
https://nasdaq.com/,legitimate
https://sohu.com.cn/,legitimate
http://priyanshuanand166.github.io/,phishing
https://dappcreativefix.pages.dev/,phishing
https://cleantechnica.com/,legitimate
https://hzrxlnynak.cn/,legitimate
http://androidcentral.com/,legitimate
https://google.com.br/,legitimate
https://app111.com/,legitimate
https://thefreedictionary.com/,legitimate
https://tidaltv.com/,legitimate
https://eyny.com/,legitimate
https://geni.us/,legitimate
http://cwindmusic.us/,phishing
https://meta-mexal-varyn-tyro.pages.dev/,phishing
http://bjmxcalsdx.net/,phishing
https://cert-protection-account-appleid-apple.com/,phishing
https://loading-delivery1.com/,legitimate
http://r10.net/,legitimate
https://bigpoint.com/,legitimate
http://rj.gov.br/,legitimate
https://dashboarngsummaryweb.com/,phishing
http://harrenmediatools.com/,legitimate
https://carmax.com/,legitimate
http://rcn.net/,legitimate
https://minhngoc.net.vn/,legitimate
https://pickmeup-ltd.com/,legitimate
https://firstlook.org/,legitimate
https://istockphoto.com/,legitimate
https://hearthhead.com/,legitimate
https://akrtronline.xyz/,phishing
http://officewebmail.com.swtest.ru/,phishing
https://4acecd92.sibforms.com/,phishing
https://realclearsports.com/,legitimate
https://dappsynchnode.pages.dev/,phishing
https://hulatoo.net/,legitimate
https://pr.7552675.xyz/,phishing
https://madsone.com/,legitimate
http://lavanetwork.net/,legitimate
https://tap4507r48.cc/,phishing
https://dreamy-bhaskara-d11b6c.netlify.app/,phishing
http://neudkb.app/,phishing
https://taptica.com/,legitimate
https://popgamail.000webhostapp.com/,phishing
https://eqnextfans.com/,legitimate
http://lowesforpros.com/,legitimate
https://jdvwya.bblackrecordz.us.com/,phishing
http://actualizacion00037.atwebpages.com/,phishing
https://geruep-virrall-259.duckdns.org/,phishing
https://sfknlqcy.net/,legitimate
https://zorqui.sbs/,phishing
http://arha-marseille.fr/,phishing
https://flixster.com/,legitimate
https://bex.freefire682.ml/,phishing
https://appapmazom.com/,phishing
https://teal-speculoos-bb222b.netlify.app/,phishing
https://imwx.com/,legitimate
https://x1cdn.com/,legitimate
http://malrboro.gq/,phishing
https://nflplayercare.com/,legitimate
http://computerandvideogames.com/,legitimate
https://mediamath.com/,legitimate
https://rkzoqryzlrputyam-dot-millinium.ey.r.appspot.com/,phishing
https://ciespains.com/,phishing
http://365dm.com/,legitimate
https://rovicorp.com/,legitimate
https://dietaesaude.com.br/,legitimate
http://aol-102721.weeblysite.com/,phishing
https://amplitude.com/,legitimate
http://ea.com/,legitimate
https://ietf.org/,legitimate
https://easybib.com/,legitimate
https://googledrive.com/,legitimate
http://superbahisaffiliates.com/,legitimate
http://nhays.swiapps.com/,phishing
https://jq8v2c1scfw.bond/,phishing
http://agriex.com.br/,phishing
http://msbsecuritte.fr/,phishing
https://faridflixgarina-yezga12-9ed8b7.ingress-baronn.easywp.com/,phishing
https://5faswynqt.qwo231sdx.club/,phishing
https://infostrada.it/,legitimate
https://egxfslsii.org/,legitimate
https://atdmt.com/,legitimate
https://espncareers.com/,legitimate
https://downloadtlg130.com/,phishing
http://ollbjie.com/,phishing
https://whatismyip.com/,legitimate
https://brightwebworks.com/,phishing
http://furious7.com/,legitimate
http://139.191.122.34.bc.googleusercontent.com/,phishing
https://glasseseternal.com/,phishing
http://amxdt.com/,legitimate
https://google.com.ng/,legitimate
http://avatarpro.co.uk/,phishing
https://attservice-priorservice.weebly.com/,phishing
https://adobedocumentation.weebly.com/,phishing
https://adspirit.de/,legitimate
https://ama-ugww.ga/,phishing
https://annacatania.com.mt/,phishing
http://fullapk-wixsite-com.usrfiles.com/,phishing
https://servicetxq.hair/,phishing
https://pages04.net/,legitimate
https://shns.com/,legitimate
http://cfgxjhycjtcuyt.mex.tl/,phishing
https://adtechjp.com/,legitimate
https://s-analytics.info/,legitimate
http://attserver2121.weebly.com/,phishing
http://mama.cn/,legitimate
http://3logz.ch/,phishing
https://4kee43.top/,phishing
https://rtaniromyp.duckdns.org/,phishing
https://ankita-v1.github.io/,phishing
https://mxcdn.net/,legitimate
https://lcloud.finmps.com/,phishing
https://wdtvlive.com/,legitimate
http://kayak.com.hk/,legitimate
https://danax-kagett.ifflex.my.id/,phishing
https://engageya.com/,legitimate
https://kayak.com.ar/,legitimate
https://81466107.sitex.sa.com/,phishing
http://atazouce.com/,phishing
https://gmjstqdpmv.org/,legitimate
https://coda-32.duckdns.org/,phishing
https://azcardinals.com/,legitimate
https://rough-bonus-3cda.charles-ourtime.workers.dev/,phishing
https://kontera.com/,legitimate
http://mydas.mobi/,legitimate
http://jcrsjrb.com/,phishing
https://ajansspor.com/,legitimate
http://rabidib.bitbucket.io/,phishing
https://iadvize.com/,legitimate
http://whaleserver.com/,legitimate
https://netzero-webmail-login1.framer.website/,phishing
https://admedo.com/,legitimate
http://rankingames.com/,legitimate
https://google.hu/,legitimate
https://estadao.com.br/,legitimate
https://exquisite-starship-66b85c.netlify.app/,phishing
https://bantintuoitre.com/,legitimate
https://mail.zammy.akuanakmamah.de/,phishing
http://oglaszanie-auta.pl/,phishing
https://switchads.com/,legitimate
https://livechatshelpsupp.ml/,phishing
https://malwarebytes.org/,legitimate
http://18vg3.trk.elasticemail.com/,phishing
https://loyaltyrewards.au/,phishing
https://aol.haxomad6957274.workers.dev/,phishing
https://noisy-rounded-bonsai.glitch.me/,phishing
https://interstats.org/,legitimate
https://grupdiamondgratis6.duckdns.org/,phishing
https://ccmbenchmark.com/,legitimate
http://m.fb-reattend-ievcebwyax.bostan-city.ir/,phishing
https://45107290.cnhls.com.cn/,phishing
https://inter.accounnt.online/,phishing
https://torrent-download.to/,legitimate
https://excellentthirdmap--alejandra15xdt.repl.co/,phishing
http://scansoft.com/,legitimate
https://etpls.com/,phishing
https://ce.cn/,legitimate
http://abbyhalom02.com/,phishing
https://joingrupsex.bokepinfo.org/,phishing
http://jccjd.com/,legitimate
http://legendarytesla.org/,phishing
https://1qi6onti2hc8lxdmdgyox5jml355a.we9ixzz.co/,phishing
http://mail.okepviral27.duckdns.org/,phishing
https://arsapakgenesh.com/,phishing
https://907471394927219.kitlanchesisa.com.br/,phishing
https://nenipxex.org/,legitimate
https://marfeel.com/,legitimate
http://appleasesores.com/,phishing
https://the-m-age.com/,legitimate
https://popdf1959-rl0x98kg6i.edgeone.app/,phishing
http://300aduramos.za.com/,phishing
https://bookdepository.com/,legitimate
https://whats-bi.vip/,phishing
http://informaction.com/,legitimate
http://grupwhatsapp22.wibux.work.gd/,phishing
https://lzpwgq.biz/,legitimate
http://bingkairiau.com/,phishing
https://subasri309.github.io/,phishing
https://ktleeranchalpacas.com/,phishing
http://hastrk2.com/,legitimate
http://streamtheworld.com/,legitimate
https://beanstock.co/,legitimate
https://adledge.com/,legitimate
https://google.co.id/,legitimate
https://technet.com/,legitimate
https://dvfxn.blogspot.com/,phishing
https://b101n.xyz/,phishing
https://newlogin-payeeattempt.com/,phishing
http://abrooftiling.com.au/,phishing
https://shinobi.jp/,legitimate
https://main.d1rqan5j5td705.amplifyapp.com/,phishing
https://edupress.uz/,phishing
http://otwsftv0.com/,legitimate
http://touchcommerce.com/,legitimate
http://aol-106787.weeblysite.com/,phishing
https://pressherald.com/,legitimate
https://amazon-102007.weeblysite.com/,phishing
https://8tracks.com/,legitimate
https://creafi-online-media.com/,legitimate
https://webserviceline.org/,legitimate
http://bnmla.com/,legitimate
https://dracristiannehueb.com.br/,phishing
https://babycenter.com/,legitimate
https://correios.com.br/,legitimate
https://priyanshusaxena09.github.io/,phishing
http://pubgears.com/,legitimate
https://ospserver.net/,legitimate
http://intermediatory-crad.000webhostapp.com/,phishing
http://att-accsupport.chapterandver.se/,phishing
https://bucksguru.fun/,phishing
https://eventpubgmetroexodus.com/,phishing
http://zerohedge.com/,legitimate
https://bhd-onlineweb-persona.netlify.app/,phishing
https://worldoftanks.com/,legitimate
http://fr-nickel.blogspot.com/,phishing
https://sugarops.com/,legitimate
https://gadgets-buy.net/,legitimate
https://messagelabs.com/,legitimate
https://eye.fi/,legitimate
https://aerserv.com/,legitimate
https://hwokelamsqp.net/,legitimate
https://myparceltrack-uk.com/,phishing
https://packet-update-track.com/,phishing
https://toroadvertisingmedia.com/,legitimate
https://mmddhqszey.duckdns.org/,phishing
https://jhdiknjlq.cc/,legitimate
http://linkhay.com/,legitimate
https://diskussionsforen-ebay-de-ws-ebayisapii11.html-5.me/,phishing
http://istoedinheiro.com.br/,legitimate
https://yelp.com.hk/,legitimate
https://rmgserving.com/,legitimate
https://spoton.it/,legitimate
http://nuancemobility.net/,legitimate
https://nepzzveo.cc/,legitimate
http://bluecreditguatemala.com/,phishing
https://mwvbxtrlhfabonto-dot-millinium.ey.r.appspot.com/,phishing
https://mintamaskilogins.webflow.io/,phishing
https://auth0hr.ftp1.biz/,phishing
https://standard.co.uk/,legitimate
https://supprotaimeta-id6810-ns26.vercel.app/,phishing
https://cfcf-8.pages.dev/,phishing
https://grupwhatsappnotnotreal7.duckdns.org/,phishing
https://huff.lv/,legitimate
http://liveperson.com/,legitimate
https://ctcggsdiivyrtnwen.chaseonlinemarketing.com/,phishing
https://zergnet.com/,legitimate
https://13ec5d40-eb57-4232-8640-f4f1283833d9.id.repl.co/,phishing
http://portal-uphold-access.square.site/,phishing
http://getclicky.com/,legitimate
https://mindspark.com/,legitimate
https://efloscdhgfpasqcmibzmpregcuojsqqgjmbf-dot-cryptic-now-290917.ey.r.appspot.com/,phishing
https://mellow-puppy-f015f1.netlify.app/,phishing
https://lddger-liveapp.webflow.io/,phishing
https://bloomberglaw.com/,legitimate
https://ameritrade.com/,legitimate
https://business-for-advertisers-data-eligibility.pages.dev/,phishing
https://ingresoenlinea.caso74589.repl.co/,phishing
https://hamrosawal.com/,phishing
http://paypal.com/,legitimate
https://crdrjs.info/,legitimate
http://theatlantic.com/,legitimate
https://about.com/,legitimate
https://robinhood-access-login.typedream.app/,phishing
https://hellogiggles.com/,legitimate
https://jppost-aku.top/,phishing
http://comcastnets.net/,legitimate
http://pub-3ceabf7fc3aa49f88b6a6c3903ae2aae.r2.dev/,phishing
https://pubgspin9.dumb1.com/,phishing
https://auto-takev1.vercel.app/,phishing
https://playtika.com/,legitimate
https://gene.green/,phishing
http://erapybykarri.com/,phishing
https://baneasaparc.ro/,phishing
http://maxymiser.net/,legitimate
https://folder87387783-676yuyuyui.web.app/,phishing
https://delivery-serviceuk.com/,phishing
https://massukk-gruppk.duckdns.org/,phishing
https://mercadohelamn.zapto.org/,phishing
https://app-sfr.net/,phishing
https://digittranquilaxium-vendroplaxonex.shop/,phishing
https://fjpctzmxr.5q5e5o.cn/,phishing
http://alexhostingmama.com/,phishing
https://expedia.se/,legitimate
https://authnotice.org/,phishing
https://illegalcontentadinsight.vercel.app/,phishing
https://59saniye.com/,legitimate
http://support.roku.com/,phishing
https://help-center465.crabdance.com/,phishing
http://tim.it/,legitimate
https://chitika.com/,legitimate
https://radyoturkuvaz.com/,legitimate
https://arbartonych.serv00.net/,phishing
https://emdep.vn/,legitimate
http://techtudo.com.br/,legitimate
https://thedatingnetwork.com/,legitimate
https://nend.net/,legitimate
https://academia.edu/,legitimate
https://acceder-in360.glitch.me/,phishing
https://americanas-j.joomla.com/,phishing
https://metamask-lloginn.webflow.io/,phishing
http://snapengage.com/,legitimate
https://photov6h.beget.tech/,phishing
https://opera.com/,legitimate
http://emma-chima.github.io/,phishing
https://m.fb-com-ftrmnntzqg.rimass.ma/,phishing
https://semantictec.com/,legitimate
https://r4jwn-5yaaa-aaaad-qdbjq-cai.raw.ic0.app/,phishing
https://uverse.com/,legitimate
http://pub-cc49e80c5ae14b709b4ffb31615a777f.r2.dev/,phishing
https://mozilla.com/,legitimate
http://kr-supportpagekr-fb.com/,phishing
https://indir.com/,legitimate
https://websimages.com/,legitimate
https://soubarato.com.br/,legitimate
https://boite-mail-orange.yolasite.com/,phishing
https://glispa.com/,legitimate
https://masond.ru/,phishing
https://adsunflower.com/,legitimate
http://ijwozlv.info/,legitimate
http://tk-store003.top/,phishing
https://bmscrapcars.com.au/,phishing
https://icpsc.com/,legitimate
https://zenaps.com/,legitimate
https://coda-gratis9740.duckdns.org/,phishing
https://graph.instagram.com.sgvpn.area.biz.id/,phishing
http://ebay.freshersinfo.com/,phishing
https://qeugpfgmgj.cc/,legitimate
http://sdysart.com/,phishing
https://bafkreidicjcletxj5nhjf7yn3xihnwhgu274hn7yp542qrivkrmjkzbdze.ipfs.dweb.link/,phishing
https://orangeportailverification.yolasite.com/,phishing
https://pub-277cc58758c14442b926e8f5989b2ed3.r2.dev/,phishing
https://jotform.com/,legitimate
https://apple.id.icloud.com.findmy-iphone.live/,phishing
https://log.maybank2u.duckdns.org/,phishing
https://vuiviet.vn/,legitimate
https://discolb-gift.ru/,phishing
https://ebayrtm.com/,legitimate
http://hello-world-wild-wind-c603.jean2433.workers.dev/,phishing
http://costco.com/,legitimate
https://sears.com/,legitimate
https://sundaysky.com/,legitimate
https://35.233.186.248/,phishing
https://pandora.tv/,legitimate
https://rosiho.detmir.top/,phishing
https://paipai.com/,legitimate
https://cl47654.tw1.ru/,phishing
http://beachfrontio.com/,legitimate
http://corrpagomente.page.link/,phishing
https://cerberusapp.com/,legitimate
http://kin-0c8b.xilih94477.workers.dev/,phishing
https://pub-c3fac41fc6884e3db327baaa4dce5290.r2.dev/,phishing
http://nyt.com/,legitimate
https://fb-recovery-10000076915-it.tk/,phishing
https://opta.net/,legitimate
https://116.62.211.45/,phishing
https://sspl.com.auaumx2.sspl.com.ausspl.com.auaumx2.sspl.com.au/,phishing
https://apps--blockfii-cdn-sso-cdn.webflow.io/,phishing
https://faq-trezor-doc.webflow.io/,phishing
https://mxptint.net/,legitimate
https://2022russia.click/,phishing
https://52.138.44.246/,phishing
http://i-vietnam.vn/,legitimate
http://fidelityverview.shop/,phishing
https://event-ml-updatee.duckdns.org/,phishing
http://proximal-sleet-croissant.glitch.me/,phishing
http://anousha-singh.github.io/,phishing
https://rutor.org/,legitimate
https://bunssinesboameri.webcindario.com/,phishing
https://renren.com/,legitimate
http://iphone.baann.cn/,phishing
https://mx25.net/,legitimate
https://fbweryfikacja.tk.dnsfordomains.ru/,phishing
https://scholastic.com/,legitimate
https://leishan.pilot45.com/,phishing
https://realclearhistory.com/,legitimate
https://9hkhfgfkhgjg.s3-sa-east-1.amazonaws.com/,phishing
https://pslzezp.cn/,phishing
https://free-5436864.webadorsite.com/,phishing
http://hurriyettv.com/,legitimate
https://pensive-carson-de34cd.netlify.app/,phishing
https://174.139.126.110/,phishing
https://morning-firefly-812e.bebrapetrovna13351.workers.dev/,phishing
https://hatid.com/,legitimate
https://sae8542100.forgot.her.name/,phishing
https://avira.com/,legitimate
http://gocricket.com/,legitimate
http://mncdn.com/,legitimate
https://nasdbop.com/,phishing
http://rahul29601.github.io/,phishing
https://jsinha19.github.io/,phishing
http://lookmodeusa.com/,phishing
https://ca-hsbalerts.com/,phishing
https://craigslist.pl/,legitimate
https://letv.cn/,legitimate
https://anz.acc-web-au.com/,phishing
https://researchadvanced.com/,legitimate
http://bradescoimoveis.com.br/,legitimate
http://39.net/,legitimate
https://reacheyes.net/,legitimate
https://free-gruppvirls8s.duckdns.org/,phishing
https://k7computing.com/,legitimate
https://webmasterplan.com/,legitimate
http://plug.it/,legitimate
https://facebook.com.pe.userid7a775aabbahddfacebookcom45aassvalidationcoderestaura.facebookverification.pardossanmiguel.com.pe/,phishing
https://falconprojekt.pl/,phishing
https://musing-elgamal.107-175-240-171.plesk.page/,phishing
https://app.pancakeweb-portfolio.org/,phishing
https://enordstrom.bravusmentores.com/,phishing
https://gutefrage.net/,legitimate
https://bridge-trzre-io.webflow.io/,phishing
https://mixcloud.com/,legitimate
https://dev.americanspecialties.com/,phishing
http://shape.com/,legitimate
https://thesun.co.uk/,legitimate
http://lomadee.com/,legitimate
https://sojern.com/,legitimate
https://springboardplatform.com/,legitimate
https://att-103234.weeblysite.com/,phishing
https://carfax.com/,legitimate
http://addtoany.com/,legitimate
https://erzubfwdpid.cc/,legitimate
https://70cenhm.sbs/,phishing
http://globamaillogin-yahoo.weebly.com/,phishing
http://bet365th.us/,phishing
https://transpera.com/,legitimate
https://fshare.vn/,legitimate
http://alleventalert.com/,phishing
https://blocknoderesolve.pages.dev/,phishing
https://systemcdn.net/,legitimate
https://vikash1975.github.io/,phishing
https://accounts24verific.glitch.me/,phishing
http://exodus.shopwavar.com/,phishing
http://arenajunkies.com/,legitimate
https://bafybeiesqzwrp2xvru5chnuy3vhtq3gen7bwxnvmteenzmkpvrx2l32u2q.ipfs.dweb.link/,phishing
http://rr.yvjaekk.presse.ci/,phishing
https://rkdms.com/,legitimate
https://c14c3d82e68046067.temporary.link/,phishing
http://podoweb.net/,legitimate
http://aktifkaanpaylatersxx.resmi-lzo3.xyz/,phishing
https://paddypower.com/,legitimate
https://pogest.xyz/,phishing
https://vimeo.com/,legitimate
http://widdit.com/,legitimate
https://patspulpit.com/,legitimate
https://qrconnect.xyz/,phishing
https://rcgbadvisor.com/,phishing
https://c4tw.net/,legitimate
http://geocities.com/,legitimate
https://tnetnoc.com/,legitimate
http://appcelerator.net/,legitimate
https://just-downloads.net/,legitimate
http://travelzoo.com/,legitimate
https://apsalar.com/,legitimate
https://impactradius.com/,legitimate
https://hostprueba111.000webhostapp.com/,phishing
http://mail.porrnhub.officialonlinesites.com/,phishing
http://sociablelabs.com/,legitimate
https://eehnrwsg.biz/,legitimate
https://polarisoffice.com/,legitimate
https://scanalert.com/,legitimate
http://doc-coinbase-extension.typedream.app/,phishing
https://att-103634.weeblysite.com/,phishing
https://meetupstatic.com/,legitimate
https://annuncil.com/,phishing
https://upwpm.us/,legitimate
http://amazon.co.uoov1.cn/,phishing
http://lcmclpcclplzmlzpz.com/,phishing
https://agentemercado.com.br/,phishing
https://t-mobile.lcgsr.icu/,phishing
https://apple-store-portal-online.com/,phishing
https://adlure.net/,legitimate
https://www.nhs.uk/,legitimate
https://adhitzads.com/,legitimate
https://auric-spring.pages.dev/,phishing
https://jahvpwqx.cc/,legitimate
https://5567879798.weebly.com/,phishing
https://lrsbuuxyhpxotofv-dot-millinium.ey.r.appspot.com/,phishing
http://ptdlvdinezrlpfqm-dot-millinium.ey.r.appspot.com/,phishing
http://dealer.com/,legitimate
https://login.internet-baking-digi.com/,phishing
https://sendgrid.net/,legitimate
http://thinkfurtheralger.com/,legitimate
https://pub-7939c4661e5a4d42b00f10507cd7b6b1.r2.dev/,phishing
https://hshh.org/,legitimate
https://aeon.co.gwhbzn.com/,phishing
http://saigonweeklyonline.com/,phishing
https://auth-checkx.com/,phishing
http://anywho.com/,legitimate
https://onavo.com/,legitimate
https://ordergroove.com/,legitimate
http://fareportal.com/,legitimate
http://ntp.org/,legitimate
https://iniwvwkd.cn/,phishing
https://friendschecker.com/,legitimate
https://superiends.org/,legitimate
https://dcbfjs.info/,legitimate
http://horyzon-media.com/,legitimate
https://thegioicongai.net/,legitimate
https://bafybeids7dswfdtvuosh44ln3fpq262y3uttoheyik7rs4i3j2ftnnexha.ipfs.dweb.link/,phishing
https://boutiquemulan.com/,phishing
http://chase65t.com/,phishing
http://evidon.com/,legitimate
https://mbcdream2021.ga/,phishing
https://celebrityselfy.com/,legitimate
https://ee.errorpay-update.com/,phishing
https://kliksaya.com/,legitimate
https://activebeat.com/,legitimate
http://ravdarvixtech.pages.dev/,phishing
http://bonanzas.com.br/,phishing
http://rakuten.co.jp/,legitimate
http://whats-pv.vip/,phishing
http://alawadiuae.com/,phishing
http://6h812.com/,phishing
https://tipo777.com/,legitimate
http://crawfordconsultinggrp.com/,phishing
https://instagram-steel.vercel.app/,phishing
https://openmysterybox-mint44.vercel.app/,phishing
https://igrmpr.biz/,legitimate
https://pgsrstr1kacc02842505.duckdns.org/,phishing
http://dashlane.com/,legitimate
http://apeapp7.vip/,phishing
https://expedia.co.jp/,legitimate
https://24gewf222.blogspot.tw/,phishing
https://optimatic.com/,legitimate
https://blogblog.com/,legitimate
https://pecadotest.interwapp.com/,phishing
https://aktifkaan-paylaterss4.onresmi2.com/,phishing
https://ceipmsn.com/,legitimate
http://egsjzjpz.cc/,legitimate
https://grupvidioviral-21.duckdns.org/,phishing
https://slutroulette.com/,legitimate
https://aluminum-mica-pufferfish.glitch.me/,phishing
http://staples-3p.com/,legitimate
https://xhpcyboz.ws/,legitimate
https://bimedia.net/,legitimate
http://adshost1.com/,legitimate
https://attyweb.weebly.com/,phishing
https://wikia-beacon.com/,legitimate
https://craigslist.fr/,legitimate
https://garenaevnt-zyx.cf/,phishing
https://llnwd.net/,legitimate
https://gbtv.com/,legitimate
https://dead-on-branch.000webhostapp.com/,phishing
https://rollanmgs.mom/,phishing
https://appleid.apple.com-cgi-bisn-wets-myapleid-woa-wa-directt.validate-youraccount-information-email.information.14af21a4h54rd55s2ah.particura.nl/,phishing
https://footlocker.com/,legitimate
https://linksynergy.com/,legitimate
https://9490w89439238945823983298.azurefd.net/,phishing
https://iqzone.com/,legitimate
https://modest-booking-726598.framer.app/,phishing
https://ssrn.com/,legitimate
https://hdnux.com/,legitimate
https://prepagessafety.co.vu/,phishing
https://kevik.ml/,phishing
http://slingmedia.com/,legitimate
http://pubgmobileetourrnmentss.blogspot.ae/,phishing
https://hubpages.com/,legitimate
https://microsoftpassword099-updateapassword00904-homxpassword089003344.s3.eu-de.cloud-object-storage.appdomain.cloud/,phishing
https://capptain.com/,legitimate
https://bafybeiexq44adppmhw4fqadwja5ia7tsls4awnzuqzkipevfcbydrxl3di.ipfs.dweb.link/,phishing
https://nieonline.com/,legitimate
https://ppjol.com/,legitimate
http://san-telan.web.app/,phishing
https://home-8mhvx.wstd.io/,phishing
https://homedepotfoundation.org/,legitimate
http://bitsnoop.com/,legitimate
https://qqcrktadcpzrmoaenlvkgkxcko-dot-gloff849483.uk.r.appspot.com/,phishing
http://fannation.com/,legitimate
https://myfoxny.com/,legitimate
https://libraryh3lp.com/,legitimate
https://grupviral18.co.vu/,phishing
http://amerikanki.com/,legitimate
https://currently4988.weebly.com/,phishing
https://magicjackhelpandsupport.com/,phishing
https://jksifp.com.au/,phishing
http://jyotishvani.co.in/,phishing
https://grupviral001.000webhostapp.com/,phishing
https://lykvmhociat.wcnv20.cn/,phishing
https://attverifiers09.weebly.com/,phishing
https://rtbserver.com/,legitimate
https://jarvox-nelyn-parok.pages.dev/,phishing
https://ass-raptor.glitch.me/,phishing
http://spoti.fi/,legitimate
http://ebay.fr/,legitimate
https://yumenetworks.com/,legitimate
https://rrobinhoodlogin-capital-co-in-login.webflow.io/,phishing
https://turbobit.net/,legitimate
https://rxmkklx.cn/,legitimate
https://alohaenterprise.com/,legitimate
https://happytrips.com/,legitimate
http://audible.com/,legitimate
http://rundsp.com/,legitimate
https://falle-media.web.app/,phishing
http://metaekwaellet.webflow.io/,phishing
https://samsungadhub.com/,legitimate
https://pub-4906a6fb165546ccb77eae902047acc7.r2.dev/,phishing
https://instagram.technical--support.com/,phishing
http://dogusdergi.com/,legitimate
https://freakshare.com/,legitimate
https://imdb.de/,legitimate
https://web.tv/,legitimate
http://bbm.com/,legitimate
https://myhomeideas.com/,legitimate
https://apnstatic.com/,legitimate
https://algkelhoeeym4ai1qzlduqdbdn81gi.qwo231sdx.club/,phishing
https://epimg.net/,legitimate
https://hbasdiabusdas.com/,phishing
https://uefa.com/,legitimate
https://dealoclock.gr/,phishing
https://mygu.parlio.de/,phishing
http://east-app-370285b2.azurewebsites.net/,phishing
https://nrrkgdzfirvsgcooigybhmesxx-dot-gle39404049.rj.r.appspot.com/,phishing
https://bsqecaiiqdfhslna-dot-millinium.ey.r.appspot.com/,phishing
https://inbox.com/,legitimate
http://inf734.wix.com.usrfiles.com/,phishing
https://githubusercontent.com/,legitimate
http://vyped.com/,legitimate
http://mail.grantedwriters.com/,phishing
http://bokep-viral-indo1.duckdns.org/,phishing
http://posterous.com/,legitimate
https://24h.com.vn/,legitimate
https://udn.com/,legitimate
https://janrainsso.com/,legitimate
https://opensea-mystery-nft056.vercel.app/,phishing
https://rguvsxhdvhgoxsqq-dot-millinium.ey.r.appspot.com/,phishing
https://pchome.com.tw/,legitimate
https://100currentupdate.weebly.com/,phishing
https://68-168-222-24.cprapid.com/,phishing
https://thepiratebay.se/,legitimate
https://afcu-log.web.app/,phishing
http://ninersnation.com/,legitimate
https://52e5fdfa.sjhsy-2yhdha.shop/,phishing
http://foreverceleb.com/,legitimate
https://lrylelyr.com/,legitimate
https://wowslider.com/,legitimate
https://6ad36dfb.herj6jtbf.com.cn/,phishing
http://bugherd.com/,legitimate
https://zmags.com/,legitimate
https://jetbrains.com/,legitimate
https://alandoor.com/,phishing
http://seattletimes.com/,legitimate
https://forgeofempires.com/,legitimate
http://timeapi.org/,legitimate
https://fansided.com/,legitimate
https://fl.deiity.cyou/,phishing
https://apple.hrt246.com/,phishing
https://attyahooemailupdateverification.weebly.com/,phishing
https://grup-viral-bocil-smp-2022.duckdns.org/,phishing
https://incmd04.com/,legitimate
https://ftegnok7sv7p.lspower.xyz/,phishing
http://promobay.org/,legitimate
https://eanalyzer.de/,legitimate
https://38.209.148.132.host.secureserver.net/,phishing
https://hak7mrtmkmr66helwgevmqikri-adwhj77lcyoafdy-www-paypal-com.translate.goog/,phishing
https://brittlelrecognizej.com/,phishing
https://usps.com-trackvhe.top/,phishing
https://produterfilemail.000webhostapp.com/,phishing
https://firealarmcemen.com/,phishing
http://technobuffalo.com/,legitimate
https://snapchat-web.vercel.app/,phishing
http://case-id-1000228253977.counselschambers.co.uk/,phishing
http://h1.kyrujm2.za.com/,phishing
https://research-int.se/,legitimate
https://vetogate.com/,legitimate
https://wwv4ez0n.com/,legitimate
https://rskw.iypatnzgdt.tvlozmjds.iypatnzgdt.nn.tidlahealth.com/,phishing
http://diamondschoolss.pages.dev/,phishing
https://584421.selcdn.ru/,phishing
http://musicnet.com/,legitimate
http://pub-bbd23016d6ab4e38873ce87aa8db46e9.r2.dev/,phishing
https://viewmixed.com/,legitimate
https://safetynetadstrategists.vercel.app/,phishing
http://danaaindoneesiaa-dnid.newxst.my.id/,phishing
https://pandonetworks.com/,legitimate
http://dnaindia.com/,legitimate
https://instagramfollowbutton.com/,legitimate
https://vnexpress.net/,legitimate
https://mainnet-chain.pages.dev/,phishing
http://kxgeqljtojznoifp-dot-millinium.ey.r.appspot.com/,phishing
https://coremetrics.com/,legitimate
https://fast24news.in/,phishing
https://f3jrzq6.cn/,phishing
https://ip6qcm90rkj2yq7gw3n07im6q18x1fkjy9sf0wj52oe0gdemul.xyz/,phishing
http://kwiety-yoast-pfaecks.yolasite.com/,phishing
http://dyntrk.com/,legitimate
https://accounts.xageek.com/,phishing
https://etsystatic.com/,legitimate
http://confdirect.temp.swtest.ru/,phishing
http://minting-box14.vercel.app/,phishing
https://netflix-recovery.duckdns.org/,phishing
https://eagnews.org/,legitimate
http://drweb.com/,legitimate
https://365r.36569zxjk.cc/,phishing
https://mdhdjfnz.quest/,phishing
https://52.71.117.102/,phishing
https://ebates.com/,legitimate
https://frap-meta-bliv-biz.pages.dev/,phishing
http://yourtango.com/,legitimate
https://rapgenius.com/,legitimate
https://metelstra.com/,phishing
https://iapepmunvjmzquwqbblzirvcomizeywgcjoi-dot-glegen303939423233.ue.r.appspot.com/,phishing
http://viss.vn/,legitimate
http://searshomeservices.com/,legitimate
https://comodo.net/,legitimate
http://citizennsonline-verifi.dnset.com/,phishing
https://allworthchipping.com.au/,phishing
https://fcsinsider.com/,legitimate
https://shareyourlink.net/,legitimate
http://wowhead.com/,legitimate
http://aphold-log-app.gitbook.io/,phishing
https://espaceclientacces.u1630934.plsk.regruhosting.ru/,phishing
https://facebook-metaplasform7.tk/,phishing
https://videohub.tv/,legitimate
https://gingersoftware.com/,legitimate
https://inuqxynzsezytjhm-dot-owaonk399399393.uk.r.appspot.com/,phishing
https://4693a8e1-94c5-4fbc-b475-18f11c2a30de.id.repl.co/,phishing
http://demonware.net/,legitimate
https://vietcombank.com.vn/,legitimate
https://iduuf3wo9.fat-fly.com/,phishing
https://facebookpocztaupdate2024.weebly.com/,phishing
https://marktest.pt/,legitimate
https://dvla.tax-return.link/,phishing
http://musixmatch.com/,legitimate
https://att-101365-109022.weeblysite.com/,phishing
https://dlink.com.tw/,legitimate
https://best-handling.com/,phishing
http://hiconversion.com/,legitimate
https://sfx.ms/,legitimate
http://po012yrbsns.work.gd/,phishing
https://jumia.com.eg/,legitimate
https://low-kilobyte-crooked.on-fleek.app/,phishing
https://204.44.88.161/,phishing
https://4kr.re/,phishing
https://play.it/,legitimate
https://yandex.ua/,legitimate
https://adsupply.com/,legitimate
https://zqtk.net/,legitimate
http://cvb.maseczka.top/,phishing
http://booking.com/,legitimate
http://postsfb-h5zbo7ot6c.novitium.ca/,phishing
https://artetereedda-vottreddfeess.ru/,phishing
https://ziffdavisinternational.com/,legitimate
https://185.161.209.83/,phishing
http://vserv.mobi/,legitimate
https://leglzujwcsfpwcfs-dot-millinium.ey.r.appspot.com/,phishing
https://imrworldwide.com/,legitimate
https://accu-weather.com/,legitimate
http://aomcs.org/,phishing
https://buffalorumblings.com/,legitimate
http://apply-official-hypesquad.com/,phishing
http://kariyer.net/,legitimate
https://lyrta.cc/,legitimate
http://pub-6644b6f9fe4148e5a6bbb5b379bdeed2.r2.dev/,phishing
https://musica.com.br/,legitimate
https://onlinebanking.bdoaccountonline.workers.dev/,phishing
https://693-479.000webhostapp.com/,phishing
https://markkinointitiimi.fi/,phishing
http://de.ekolektor.com/,phishing
https://184.73.31.84/,phishing
http://mossframef.vercel.app/,phishing
https://yelp.com.au/,legitimate
https://haircolorforwomen.com/,legitimate
https://grubwaica.cf/,phishing
https://portal.outlookonlineportals.top/,phishing
https://samsungrm.net/,legitimate
http://dropboxstatic.com/,legitimate
https://msnxz.yolasite.com/,phishing
http://bafybeiby3jwvxj44lno5pu2qjn5ezh5mlm4fkoy4qkoqmuk3jycxwsk6mq.ipfs.dweb.link/,phishing
https://ps.172-232-252-76.cprapid.com/,phishing
https://owltodxe.pages.dev/,phishing
http://mapsxco.org/,phishing
http://loukya13.github.io/,phishing
https://bigtorrent.org/,legitimate
http://utarget.ru/,legitimate
https://dimokilu32.blogspot.co.ke/,phishing
https://zpfdtwgyfq.biz/,legitimate
https://circularhub.com/,legitimate
https://elegantthemes.com/,legitimate
https://dulichhue.com.vn/,legitimate
https://mlive.com/,legitimate
https://adjuggler.net/,legitimate
https://exad.me/,legitimate
https://home-103032.weeblysite.com/,phishing
https://hsbc.stop-payments-online.com/,phishing
https://plugrush.com/,legitimate
http://hallmark.com/,legitimate
https://business-suite-support.vercel.app/,phishing
https://pushwoosh.com/,legitimate
http://diamond-gratis-garena-freefire.duckdns.org/,phishing
http://zorjxg.cc/,legitimate
https://allyes.com/,legitimate
http://imagetwist.com/,legitimate
https://rainbowsdesign.co.uk/,phishing
http://alamstech.net/,phishing
https://arabam.com/,legitimate
https://retrezaxhardy.webflow.io/,phishing
http://mtaimaskextenson.webflow.io/,phishing
https://codashop21920.new.web.id/,phishing
https://backupgrid.net/,legitimate
https://ingresar-aqui005.weebly.com/,phishing
http://gb-en-acccountza-center-help-metasbusiness.pages.dev/,phishing
http://dominos.co.uk/,legitimate
https://countyhospitalgh.com/,phishing
https://meta-cyclex.pages.dev/,phishing
https://ajippibeimou-7524.vercel.app/,phishing
https://the9.com/,legitimate
http://relay.glsnsw.com.au/,phishing
http://bafybeifyrsi7zmflfgkfl4jfvygladtzfmfx2epe7gh3z2dq6nepb5uvdm.ipfs.fleek.cool/,phishing
http://ssos-en-trezer-cdn-us.typedream.app/,phishing
http://innity.com/,legitimate
http://alenty.com/,legitimate
https://orlenplatfrm.com/,phishing
http://namehub.com/,legitimate
https://blogher.org/,legitimate
https://downloadhelper.net/,legitimate
https://btinternetdfgh-101785.weeblysite.com/,phishing
http://postid-29067233.justgreece.org/,phishing
https://icloud.com.login-pages.info/,phishing
https://_http._tcp.tcp.virtualaccess3.tikmaillnow.com/,phishing
http://imgur.com/,legitimate
https://att-109811.square.site/,phishing
https://pub-32fa397795144eef8cec999e1a69f120.r2.dev/,phishing
https://kursus-bahasa.com/,legitimate
http://lenovo.com/,legitimate
https://7652.infomaps.in/,phishing
http://dmtracker.com/,legitimate
https://ebay.co.uk/,legitimate
http://grooveshark.com/,legitimate
https://uphold-secured-login-account.pages.dev/,phishing
http://prestashop.com/,legitimate
https://tutsplus.com/,legitimate
http://mail.isupport-findmyld.us/,phishing
https://pagesblokd5.ml/,phishing
https://wetransfer.com/,legitimate
https://starfluff.com/,legitimate
https://brave-banzai.159-223-66-223.plesk.page/,phishing
https://awed.xyz/,phishing
https://turnto.com/,legitimate
https://fgd-9de.pages.dev/,phishing
http://hao123.com.br/,legitimate
http://spamexperts.net/,legitimate
https://schwabsafe.info/,phishing
https://tku7545.webmo.fr/,phishing
https://parkeabi.com/,phishing
https://eaziwash.com/,phishing
https://5fgfgfgfgrfrgg4gg.blogspot.com.ee/,phishing
http://drvictorgedda.com.br/,phishing
https://mouseflow.com/,legitimate
https://blossom-bolder-denim.glitch.me/,phishing
https://zdn.vn/,legitimate
https://ulive.com/,legitimate
https://lockhosts.com/,legitimate
http://maxworkouts.com/,legitimate
http://salaodocarro.com.br/,legitimate
https://ff-spinv3zl.terbaru-2023.com/,phishing
http://neudorf7.com/,phishing
http://amazon.es/,legitimate
https://btinternet-108864.weeblysite.com/,phishing
https://36e56.131vip18.xyz/,phishing
https://pub-b45b8f234c4b460c9e7a21201c43b992.r2.dev/,phishing
https://a1587.pages.dev/,phishing
https://debanc.org/,phishing
http://464786568994.weebly.com/,phishing
http://verizonwireless.com/,legitimate
https://help-ledger--start.webflow.io/,phishing
https://alongbring.online/,phishing
https://dev-25404105112.pantheonsite.io/,phishing
https://reporo.net/,legitimate
http://democlientnet.com/,legitimate
https://celebrityhd.tv/,legitimate
https://binance.cneprotected.com/,phishing
https://mioplib.duckdns.org/,phishing
https://page.bgmievents.in/,phishing
https://cia.gov/,legitimate
http://zxvbcrt.ug/,phishing
https://battle.net/,legitimate
https://klaim-dm-ff-aman2022.duckdns.org/,phishing
http://cricbuzz.com/,legitimate
https://bijoypodder.github.io/,phishing
https://shelterpetproject.org/,legitimate
https://appleid-flndmy.us/,phishing
http://a0376441.xsph.ru/,phishing
https://instagr.am/,legitimate
http://adobeemode-17e9.saratebulmerl.workers.dev/,phishing
http://qjugtjau.qyjwun.club/,phishing
https://atssamxli.com/,phishing
https://account-alert.accountdsbld.com/,phishing
https://hvfcjhvenas.xyz/,phishing
https://att-100714.weeblysite.com/,phishing
http://radikal.ru/,legitimate
http://go-shops.pro/,phishing
https://yhkjkgh.cn/,phishing
https://freefirebgid13.duckdns.org/,phishing
http://nfgkg5g3j6c.9524.monitorminor.com.tr/,phishing
http://cabelas.com/,legitimate
https://granify.com/,legitimate
https://wildgames.com/,legitimate
https://kwlgtm.cc/,legitimate
https://celljournalist.com/,legitimate
https://zunnit.com/,legitimate
http://indianrail.gov.in/,legitimate
https://1clickmailcom.weebly.com/,phishing
https://dementia.sjs.org.hk/,phishing
http://bdi7bucket621-038.s3.au-syd.cloud-object-storage.appdomain.cloud/,phishing
http://adeel.network/,phishing
https://umich.edu/,legitimate
https://lenovomm.com/,legitimate
http://ingreestuyphet3654.0hi.me/,phishing
https://ml314.com/,legitimate
https://aazurich.org/,phishing
https://artritasustavov.ru/,phishing
https://filseclab.com/,legitimate
http://mortgages-guide.net/,legitimate
http://7graus.com/,legitimate
https://ribob01.net/,legitimate
https://cpmrocket.com/,legitimate
http://epson.com/,legitimate
https://j4u.b05.mytemp.website/,phishing
https://agent.svoyage.ru/,phishing
http://nordeacredit.dxaxa.com/,phishing
https://rhntnbsthjdjoldl-dot-millinium.ey.r.appspot.com/,phishing
https://licogi18.com.vn/,phishing
https://nesine.com/,legitimate
https://wavesecure.com/,legitimate
http://facebookissue7.co.vu/,phishing
http://amazoninfo-caseid56831.lnk.to/,phishing
https://qpuz.veritas.nossosupermercado.com/,phishing
https://verizon.net/,legitimate
https://garena-ff-claim178.duckdns.org/,phishing
http://active.com/,legitimate
https://a0417392.xsph.ru/,phishing
https://blockchainlandmarketplace.com/,phishing
https://bettermedicine.com/,legitimate
http://vogue.com.tr/,legitimate
https://issue-update-ouozexqmfs.ftier-tech.com/,phishing
http://macrumors.com/,legitimate
https://59ea6a58fd0408b8d78dc7cddb43ab84-dot-gle9392420309493993.rj.r.appspot.com/,phishing
http://bfgdn.blogspot.lu/,phishing
http://cyclingnews.com/,legitimate
https://verizoninsider.com/,legitimate
http://fanxtv.com/,phishing
http://osatcxntrug.ws/,legitimate
https://recovery.info-meta-noreply.com/,phishing
http://b15dad49.89dduvdjsi.shop/,phishing
https://secure--blockfi-sso--com.webflow.io/,phishing
https://telesec.de/,legitimate
http://nogspnvlnydsuncaycedlqwkax-dot-gleow2021ja.ue.r.appspot.com/,phishing
http://fdnames.com/,legitimate
https://tanidigital.com/,legitimate
https://app-batasotak1244acces.kvoiffugw9-yk26ed5vg379.p.temp-site.link/,phishing
https://ipinyou.com/,legitimate
https://freelotto.com/,legitimate
https://panoramio.com/,legitimate
http://fltkseoe.com/,phishing
https://picturesque-amazing-rowboat.glitch.me/,phishing
http://abebooks.com/,legitimate
https://bafybeicivaun42pt2k6belvtgeaa77bzy4mvj2d7lcf2pujzds5istv3qe.ipfs.dweb.link/,phishing
https://a1.parkingsuvio.it/,phishing
https://nodeappfixs.com/,phishing
http://startv.com.tr/,legitimate
https://instair.net/,legitimate
http://poll.fm/,legitimate
https://justdial.com/,legitimate
https://group-tlegram-vip.netlify.app/,phishing
https://diamond789.com/,phishing
https://xzuai.biz/,legitimate
https://almasryalyoum.com/,legitimate
https://certum.pl/,legitimate
http://4at5.net/,legitimate
https://wonderhit.com/,legitimate
http://24h-hotel.com/,legitimate
https://lucamax.com.mx/,phishing
https://kasperh.spdns.de/,phishing
https://baliakbaliakdiak932326580.my.id/,phishing
http://ebay.de.znqibp3rxoyt58f.e8273.pro/,phishing
http://bbvbsvrkatilimcekilis.duckdns.org/,phishing
http://behance.net/,legitimate
https://mail.gabunggrup.wa-18.com/,phishing
https://freeonlineusers.com/,legitimate
http://yielm.com/,legitimate
https://qip.ru/,legitimate
https://btbillinpdf-02.weebly.com/,phishing
https://merrccry.co.vu/,phishing
https://thanksearch.com/,legitimate
http://supercounters.com/,legitimate
https://botamist.com/,phishing
https://jayway.biz/,phishing
https://jspconsultants.co.uk/,phishing
https://persianblog.ir/,legitimate
http://eemqepu.cn/,legitimate
https://qishiwz.com/,phishing
https://bloombergindexes.com/,legitimate
http://start-m-blockfo-cdn.webflow.io/,phishing
http://binaryprofessional.com/,legitimate
https://ashleyrnadison.com/,legitimate
https://smarterfox.com/,legitimate
http://mail.redik.com.au/,phishing
https://guesshu.com/,phishing
https://confirmacion090.webcindario.com/,phishing
https://diapers.com/,legitimate
http://warnerbros.com/,legitimate
https://demandbase.com/,legitimate
https://googletagmanager.com/,legitimate
https://att-client.com/,phishing
http://ebuzzing.com/,legitimate
https://daringfireball.net/,legitimate
http://palocalworld.info/,legitimate
http://mail.newwegrupppp.duckdns.org/,phishing
http://famrelell.wixsite.com/,phishing
http://cr-agrcl-fr.pages.dev/,phishing
https://bigdoor.com/,legitimate
https://att-102704-102350.square.site/,phishing
http://plexop.com/,legitimate
https://gameanalytics.com/,legitimate
https://speedial.com/,legitimate
https://lossip.com/,legitimate
http://attttk.weeblysite.com/,phishing
http://fvgjmz.biz/,legitimate
https://ocn.ad.jp/,legitimate
http://okcupid.com/,legitimate
https://scrippsnationalnews.com/,legitimate
https://an345orldi345dia.ru/,phishing
http://aljazeera.com/,legitimate
http://qsrqqa.ws/,legitimate
http://logmein.com/,legitimate
http://rvpadvertisingnetwork.com/,legitimate
https://nbvs6fgfgf.wixsite.com/,phishing
https://deviantart.net/,legitimate
http://amazon.co.jp.a465qer98763fgquentintrevelyan.xyz/,phishing
https://application.hub4b.biz/,phishing
http://termtutor.com/,legitimate
http://xvhvc.net/,legitimate
http://grupwa-virall99.duckdns.org/,phishing
https://marketplace-item456452.000webhostapp.com/,phishing
https://payplay.fm/,legitimate
https://craigslist.dk/,legitimate
https://leonardoadv.it/,legitimate
https://my-business-109348-107339.square.site/,phishing
https://pornleech.me/,legitimate
https://kuy.vju.temporary.site/,phishing
http://technoratimedia.com/,legitimate
https://cosmogirl.com.tr/,legitimate
https://videoweed.es/,legitimate
https://dijimecmua.com/,legitimate
https://modest-visvesvaraya-7c4983.netlify.app/,phishing
https://adshostnet.com/,legitimate
http://surveygizmo.com/,legitimate
https://qbnvrc.vercel.app/,phishing
https://4dsply.com/,legitimate
http://ddqyxzhzcmglksss-dot-millinium.ey.r.appspot.com/,phishing
https://facebheskala.weebly.com/,phishing
http://nikoamuiq.tiolactalic.top/,phishing
https://rematespatagonia.cl/,phishing
https://att.daftpage.com/,phishing
https://metalocation-forkyc.live/,phishing
https://skem1.com/,legitimate
https://activerange53.com/,phishing
https://lidbuder.choiseprog.xyz/,phishing
https://kitcode.net/,legitimate
https://babbel.com/,legitimate
https://majestichall.com.br/,phishing
https://progress.pediaclassy.com/,phishing
https://airna2on-co-jp.cewmmv.bar/,phishing
https://skype.net/,legitimate
https://inspiring-chatterjee.170-130-28-39.plesk.page/,phishing
http://hostechs.com/,phishing
https://rpxnow.com/,legitimate
http://saison.ghfcghf.org/,phishing
https://h4wn3.shop/,phishing
http://pemulihan-facebook76.weebly.com/,phishing
https://88.119.179.41/,phishing
https://cms.gov/,legitimate
https://efinancialnews.com/,legitimate
http://mynet.com.tr/,legitimate
https://instagram-login-page-clone.vercel.app/,phishing
https://blekko.com/,legitimate
https://eksisozluk.com/,legitimate
https://instapaper.com/,legitimate
https://sec.gov/,legitimate
https://dsusw.net/,legitimate
https://internetat.tv/,legitimate
http://pancakeswap.finances.truckrepairsalbuquerque.com/,phishing
https://mxnrfmyfzeziyill-dot-millinium.ey.r.appspot.com/,phishing
https://34.237.7.142/,phishing
http://mniku.com/,legitimate
https://itaringa.net/,legitimate
https://muachung168.com/,legitimate
http://remove-facebookcom-17405262.tizianacristofari.it/,phishing
https://mail.com/,legitimate
https://gruop91.duckdns.org/,phishing
https://fungame.com.br/,legitimate
http://angsrvr.com/,legitimate
https://amzn.com/,legitimate
https://cursos24horas.com.br/,legitimate
https://nflplayerengagement.com/,legitimate
http://cdn.bznsboost.com/,phishing
https://democracyou.com/,phishing
http://ihzwufaqxylgreqe-dot-millinium.ey.r.appspot.com/,phishing
https://evosnotnotmr05.000webhostapp.com/,phishing
https://asaysiss.xyz/,phishing
https://beytoote.com/,legitimate
https://vnecdn.net/,legitimate
https://bldrdoc.gov/,legitimate
https://nextissue.com/,legitimate
https://geoplugin.net/,legitimate
http://tracker-ccc.de/,legitimate
https://minus.com/,legitimate
https://nate.com/,legitimate
https://taobao.org/,legitimate
https://east.linkamar.me/,phishing
https://miaozhen.com/,legitimate
https://fiverr.delivery-lt.shop/,phishing
https://robinhod-logi-en.pages.dev/,phishing
http://peopleenespanol.com/,legitimate
http://best-signe.builderallwppro.com/,phishing
http://assensospichin.cf/,phishing
https://realsimple.com/,legitimate
https://ecorebates.com/,legitimate
https://account-5058838.bakoweb.com/,phishing
http://f28aa54a.vebooks.cn/,phishing
https://pewmuassociatescpa.com/,phishing
https://ha5ny4mtof.firebaseapp.com/,phishing
https://ranchforsaletexas.com/,phishing
http://ee-renewbill.com/,phishing
http://newsweek.com/,legitimate
https://apple.ldflnds.us/,phishing
http://siecdn.com/,legitimate
http://bafybeia6uscwe7yttxrowc637nr6mf5p62fhxzdz6r5zt4izjhnky6avpy.ipfs.dweb.link/,phishing
https://b35cy33kkbcu3lmdz5rmpbeomi-adwhj77lcyoafdy-www-paypal-com.translate.goog/,phishing
https://graytvinc.com/,legitimate
https://bigfootinteractive.com/,legitimate
http://ldgeer--start--com.webflow.io/,phishing
http://datazoon.eu/,phishing
https://nadiutama.com/,phishing
https://auth-start-ledger.github.io/,phishing
http://tmzstore.com/,legitimate
https://screenrant.com/,legitimate
http://aromaespresso.net/,phishing
https://removal-fb-71cdtwwvwtulxjl.adaz.hu/,phishing
https://trustwave.com/,legitimate
https://primusad.com/,legitimate
https://kronos.com/,legitimate
https://aboutads.info/,legitimate
https://newsmaxfeednetwork.com/,legitimate
http://wapka.me/,legitimate
https://hunts.com/,legitimate
https://phluant.com/,legitimate
http://dianxinos.com/,legitimate
http://scarabresearch.com/,legitimate
https://cooking.com/,legitimate
https://airbnb-chi-six.vercel.app/,phishing
http://sify.com/,legitimate
https://first-chanter-fais9pj10e.glitch.me/,phishing
https://adelement.com/,legitimate
https://outlook2.officelive.workers.dev/,phishing
http://integriscu.cattying.com/,phishing
https://rebujitoproducciones.com/,phishing
https://business-page-appeal-12-012081.web.app/,phishing
https://t-online.de/,legitimate
http://dailyprofitmethod.org/,legitimate
https://auth.meta-syncs.com/,phishing
http://newscred.com/,legitimate
https://aim.com/,legitimate
https://inca.gov.br/,legitimate
http://usaphold-loguin-io.godaddysites.com/,phishing
https://webovernet.com/,legitimate
http://8ufyd.nabiad.com.bd/,phishing
https://6wz6q31.cn/,phishing
http://bizible.com/,legitimate
https://products-marketplace.com/,legitimate
https://aaaaaaaafffffff.weebly.com/,phishing
http://vidyomani.com/,legitimate
http://bing.com/,legitimate
https://techplotlib.github.io/,phishing
https://onlineservicetest.org/,legitimate
http://midco.net/,legitimate
http://recovery-email-address.000webhostapp.com/,phishing
https://checkaccount.de/,phishing
https://portal.304838.com/,phishing
https://dtvce.com/,legitimate
https://faceb00k-support.atspace.com/,phishing
https://acx.com/,legitimate
https://750004279175012.cocopasa.com.mx/,phishing
https://1147dc3.wcomhost.com/,phishing
https://brazzers.com/,legitimate
https://tr553.com/,legitimate
https://fakent.xyz/,phishing
https://emtpayments.com/,phishing
https://digitalfirstmedia.com/,legitimate
http://mymotocast.com/,legitimate
http://softonic.com/,legitimate
https://expedia.at/,legitimate
https://pubg.6bk.buzz/,phishing
http://102.68.156.46/,phishing
https://celebuzz.com/,legitimate
https://adsynth.com/,legitimate
https://idf677471.github.io/,phishing
https://wattpad.com/,legitimate
https://mbela.top/,phishing
https://dlwbfire.org/,phishing
https://photobucket.com/,legitimate
https://ccb.com/,legitimate
https://gogii.com/,legitimate
http://mystic-vale.pages.dev/,phishing
https://intensedebate.com/,legitimate
https://ezdrivema.com-bylqms.top/,phishing
https://luxup.ru/,legitimate
https://feeyun.com/,legitimate
https://dmiuonlqnui8oo.qwo231sdx.club/,phishing
https://usps.com-trackfez.top/,phishing
https://bitmedianetwork.com/,legitimate
https://rhapsody.com/,legitimate
https://gameraliansi.exa9.my.id/,phishing
https://vineapp.com/,legitimate
https://chatwhatsapps.kozow.com/,phishing
http://hello-world-rough-surf-b525.ouwenhai1225.workers.dev/,phishing
http://styleblazer.com/,legitimate
https://bbystatic.com/,legitimate
https://kyodonews.jp/,legitimate
https://7tfej6.csb.app/,phishing
https://alerts-mntbk.serveirc.com/,phishing
https://gothamist.com/,legitimate
https://imtoken-au.biz/,phishing
https://daowimbev0.s3.us-south.objectstorage.softlayer.net/,phishing
https://com-ailailu.top/,phishing
https://flipkart.com/,legitimate
https://bgmimobileindiaevent.com/,phishing
https://metamaskxtensi.webflow.io/,phishing
https://ad6media.fr/,legitimate
https://paypal0.uber.space/,phishing
http://noip.com/,legitimate
https://bluewin-mail-info-service.weebly.com/,phishing
https://logen_uphold-io6.godaddysites.com/,phishing
http://ziffprod.com/,legitimate
http://stopbadware.org/,legitimate
https://supereva.com/,legitimate
http://protectcontentzone.vercel.app/,phishing
http://iplt20.com/,legitimate
https://gallup.com/,legitimate
https://milliyet.com.tr/,legitimate
http://dsdffdtaxzwq.easy.co/,phishing
http://hanuonline.com/,phishing
http://att.ei.stage.att.com.anes.p.ttf.p3c.xyz/,phishing
http://srvntrk.com/,legitimate
https://amazon-v.top/,phishing
https://washtimes.com/,legitimate
https://alphaoversea.com/,phishing
https://load-paxful.pro/,phishing
https://pages02.net/,legitimate
https://agentesevenoteatro.com.br/,legitimate
http://accessible-cedar-larkspur.glitch.me/,phishing
https://att-102397.weeblysite.com/,phishing
https://undertonevideo.com/,legitimate
https://csbew.com/,legitimate
http://pangora.com/,legitimate
https://referee.volleyball.or.th/,phishing
https://cookfor1.com/,legitimate
http://chron.com/,legitimate
https://x48q.xyz/,phishing
https://addthiscdn.com/,legitimate
https://huluad.com/,legitimate
http://ticketmaster.com.au/,legitimate
https://gsrtet.longmusic.com/,phishing
https://facebook-five-sage.vercel.app/,phishing
http://etahub.com/,legitimate
https://artlebedev.ru/,legitimate
https://getlocalreviews.com/,phishing
https://cinergroup.com.tr/,legitimate
https://ghbwajhawgmaw.com.tr/,phishing
http://app-kao-whatsappcc.com/,phishing
https://ac-luxpay.com/,phishing
https://pziio.biz/,legitimate
https://walmartonline.com.ar/,legitimate
http://bendigobank-access.com/,phishing
https://aslangamestudio.com/,legitimate
https://chiltepin.net/,legitimate
http://grubviral43ghfx.duckdns.org/,phishing
https://sejee.com/,phishing
https://pasxfuul.com/,phishing
http://stagram.com/,legitimate
https://wurfl.io/,legitimate
https://brthexzt.com/,phishing
http://myhermes.de-xzsz.top/,phishing
https://heartymagnificentroutes.matteoaa.repl.co/,phishing
http://djsosa.net/,phishing
https://54.187.230.57/,phishing
https://constantcontact.com/,legitimate
http://bqo.zapto.org/,phishing
https://aycigng.dermals.org/,phishing
https://f0531015.xsph.ru/,phishing
https://dscww.net/,legitimate
https://truecaller.com/,legitimate
https://glittery-plume-confidence.glitch.me/,phishing
https://appflood.com/,legitimate
https://money.com/,legitimate
http://idgbszogmfl.info/,legitimate
http://network18online.com/,legitimate
https://qsgymo0vb6.com/,legitimate
http://adsrvmedia.net/,legitimate
https://comptroller.texas-gx.cc/,phishing
http://zgzfbgq.cn/,legitimate
https://mailtoupdate.thepdateamazonservice.buzz/,phishing
https://aeon.jp.co.xo176.com/,phishing
http://lacoloniamall.com/,phishing
https://013net.net/,legitimate
https://dlinksearch.com/,legitimate
https://att-100279.weeblysite.com/,phishing
https://magnetmail.net/,legitimate
https://ledger-live-download-portal.webflow.io/,phishing
https://management-payee-verify-request.com/,phishing
https://ecvjixc.cn/,legitimate
https://accountonline0009sdss21.000webhostapp.com/,phishing
https://bfseh-scfacilityservices.spiceloans.com/,phishing
https://reduxmediagroup.com/,legitimate
https://acc-health-adsing-wgt2l-b254-85hcq.pages.dev/,phishing
https://simplereach.com/,legitimate
http://mixx.com/,legitimate
https://accesso.45-66-230-107.cprapid.com/,phishing
https://promocao.magaziinedaluiiza.com/,phishing
https://maxpreps.com/,legitimate
https://nascar.com/,legitimate
https://creativecdn.com/,legitimate
http://maponics.com/,legitimate
http://gmw.cn/,legitimate
http://vvkux.org/,legitimate
https://dyndns.com/,legitimate
https://duomi.com/,legitimate
https://ppjgkcdpinpusjbo-dot-millinium.ey.r.appspot.com/,phishing
http://wallst.com/,legitimate
http://heavyironinc.com.illusionsxpllc.net/,phishing
https://xoqovau.com/,legitimate
https://bd.smsheg.co.uk/,phishing
http://uptolike.com/,legitimate
https://life360.com/,legitimate
http://minecraftforum.net/,legitimate
https://gwzfjsqp.union-label.com/,phishing
https://paypalapalegonine.serveirc.com/,phishing
https://amazon.ecureva.net/,phishing
https://mindspring.com/,legitimate
http://5fgfgfgfgrfrgg4gg.blogspot.si/,phishing
https://mail.smagrubwhatsapp.grub-crot89.ga/,phishing
https://6pm.com/,legitimate
https://eggnogthrushdeemster.com/,legitimate
https://sawiou76.blogspot.lu/,phishing
http://r1-cdn.net/,legitimate
https://godatafeed.com/,legitimate
http://neodimio.com.br/,phishing
https://dmtry.com/,legitimate
https://appealeation-request-349859iowe.vercel.app/,phishing
http://ilpost.it/,legitimate
https://expedia.com.tw/,legitimate
https://leecountyanglers.com/,phishing
https://kampyle.com/,legitimate
https://tvgcdn.net/,legitimate
https://mail.grup-viral-pap-cantik2022.duckdns.org/,phishing
http://quammegrappoile-6746.vercel.app/,phishing
https://tumra.com/,legitimate
https://itrustcapitalloginy.webflow.io/,phishing
https://annette.warpecha.youdeh.co.za/,phishing
https://bloggercomment.com/,legitimate
https://americafirstculrvi.ddns.net/,phishing
http://bafybeiamtpud3mh2wxjbq7ngzg77sxqy4ixqkiujoki35r5kbwmwqjgvca.ipfs.dweb.link/,phishing
https://coxmail.com/,legitimate
https://parc-items-re-pay.com/,phishing
http://wfxtriggers.com/,legitimate
http://fastpic.ru/,legitimate
http://pride-builder.com/,phishing
https://adobetag.com/,legitimate
http://adready.com/,legitimate
https://farho-net.mikefarho.net/,phishing
http://expedia.co.th/,legitimate
http://vitv.it/,legitimate
https://mail.instagramcustomsupport.ml/,phishing
https://gov-taxrefund-available.com/,phishing
https://dappmultichainfix.pages.dev/,phishing
https://dt07.net/,legitimate
https://chatwhatsapp.idvirall.my.id/,phishing
https://shiba-comlshib-coin-shiba-shiba-inu.icu/,phishing
http://att-109843-102557.weeblysite.com/,phishing
http://cdnjs.com/,legitimate
https://onedio.com/,legitimate
https://checklongai.gq/,phishing
https://cmcore.com/,legitimate
https://dataxu.net/,legitimate
https://att897678.weebly.com/,phishing
http://orangefrvousidentifier.godaddysites.com/,phishing
https://admnx.com/,legitimate
https://newsmaxhealth.com/,legitimate
https://authpage-7a636.web.app/,phishing
https://crm.norango.co.uk/,phishing
http://acjusuydwwbguvta-dot-millinium.ey.r.appspot.com/,phishing
https://zenoviaexchange.com/,legitimate
https://newprojectdigital.com/,phishing
http://faizansyed7.github.io/,phishing
http://accessorypro.com.au/,phishing
https://sephora.com/,legitimate
http://ad-score.com/,legitimate
http://ebay-mediacentre.co.uk/,legitimate
http://paketbesttigen.wpengine.com/,phishing
https://pub-5d5794a1344e4ef09c0d498cb30f8875.r2.dev/,phishing
https://pub-dfe10178e667487cb0844af52c944e4e.r2.dev/,phishing
https://id.chatt.workers.dev/,phishing
https://ituretcapltelzigin.webflow.io/,phishing
http://adsmanager-facebook.my.id/,phishing
https://apply-new-violation-request.vercel.app/,phishing
https://grandoperaresort.co/,phishing
https://fd78589e.jubileu-porto.pt/,phishing
https://ayqowe.elementor.cloud/,phishing
https://mefeedia.com/,legitimate
https://imshopping.com/,legitimate
http://list-manage.com/,legitimate
http://hrizojhmyzultpmohekqowtffprvseeldoxp-dot-spyexc3093493.ey.r.appspot.com/,phishing
https://hizliresim.com/,legitimate
http://brainpop.com/,legitimate
https://metamask-wallett.blogspot.rs/,phishing
https://youradexchange.com/,legitimate
http://zqlx.com/,legitimate
http://account-fb-ads-20ba1.firebaseapp.com/,phishing
https://loopassets.net/,legitimate
http://mail.oplegitmmx.duckdns.org/,phishing
http://76856743775.weebly.com/,phishing
http://a2fdf51e.qepfmq.shop/,phishing
http://adform.com/,legitimate
http://hairenvy.com/,legitimate
http://chat-whatsapp-hsvxjsv.duckdns.org/,phishing
https://senzari.com/,legitimate
https://85dcf732d593.se/,legitimate
https://nhle.com/,legitimate
http://garmin.com/,legitimate
https://avgmobilation.com/,legitimate
https://adbucks.com/,legitimate
http://objectives-local-manage-id507296148.vercel.app/,phishing
https://rawstory.com/,legitimate
https://musicbrainz.org/,legitimate
http://bafybeiavjbazwwvzlijma7v37dq7iqvskrxbqpro2lhp2xu7udxozuakde.ipfs.dweb.link/,phishing
http://ig-copyrightteam.com/,phishing
https://bodyy1z6.beget.tech/,phishing
https://sky.com/,legitimate
https://drtilamid-a3f61f.ingress-comporellon.easywp.com/,phishing
https://amazonbrowserapp.com/,legitimate
http://robixhood-login.gitbook.io/,phishing
https://breathitsystems.com/,phishing
http://link-6033.dana-id.fyi/,phishing
https://yhd.com/,legitimate
http://pub-fc9629db029e4221ae0f88070b3f2a5c.r2.dev/,phishing
http://atualizarcadastroatual.com/,phishing
http://aveuglepersianas.com.br/,phishing
https://lvwsstluxmejjswv-dot-owaonk399399393.uk.r.appspot.com/,phishing
http://att-109091.square.site/,phishing
http://rtbidder.net/,legitimate
https://ing.securecovid-19.noez.me/,phishing
http://yahoo.net/,legitimate
http://privacystar.com/,legitimate
http://minuslab.fr/,phishing
https://kagmugbiho.duckdns.org/,phishing
http://gettyimages.com/,legitimate
https://triggit.com/,legitimate
https://26185dfe-9b24-4da1-b90c-42eb4336fe09.usrfiles.com/,phishing
https://appledaily.com.tw/,legitimate
https://bug-codashop-indonesia-gratis.duckdns.org/,phishing
http://mediaoptout.com/,legitimate
https://armandyouswet8.000webhostapp.com/,phishing
http://tvinteractive.tv/,legitimate
https://nytm.org/,legitimate
https://nld.com.vn/,legitimate
https://jboujpnbbm.net/,legitimate
http://68f33db4.svyr9n.shop/,phishing
https://slickdeals.net/,legitimate
http://footballfanatics.com/,legitimate
http://google.co.th/,legitimate
https://midasbuygl.my.id/,phishing
https://intagme.com/,legitimate
https://aol-107613.weeblysite.com/,phishing
https://minhacasamelhor.com.br/,legitimate
http://ttonlonedi.sbs/,phishing
https://datasphere.com/,legitimate
https://licasd.com/,legitimate
https://spokeo.com/,legitimate
https://opbandit.com/,legitimate
http://29440.43811.wap.shuaihu99.com/,phishing
https://statcounter.com/,legitimate
http://hi-mediaserver.com/,legitimate
https://timberland.com/,legitimate
https://webhostsy.com/,legitimate
https://tzroer-345-cs64-354.avrielle2.workers.dev/,phishing
https://adservingml.com/,legitimate
https://ohljy.listdata.biz.id/,phishing
https://yavli.com/,legitimate
https://nolapinkpalace.com/,phishing
http://bahis-sirketleri.com/,legitimate
https://ezcm137.klaastemedia.co.za/,phishing
http://cn.315manx.com/,phishing
http://kukooinflogini.webflow.io/,phishing
http://bnceglobalhub.sbs/,phishing
https://vuigame.vn/,legitimate
https://fastrapid.in/,legitimate
https://bdnsrt.org/,legitimate
https://qqzfihoffkpumqiq-dot-millinium.ey.r.appspot.com/,phishing
https://zappos.com/,legitimate
https://lcodmslmfkncrhhkcsfyndnkpj-dot-gleowayel400503.uc.r.appspot.com/,phishing
http://metmsxaklogiy.webflow.io/,phishing
http://expedia.com.ar/,legitimate
https://materialwebs.com/,phishing
https://pub-73057f3021e2414e902c686048c529d9.r2.dev/,phishing
http://bancolombia.com-1app.repl.co/,phishing
http://skinected.com/,legitimate
https://affiz.net/,legitimate
https://ebay.tradenest77.top/,phishing
https://3.13.236.189/,phishing
https://biyydfjmhbaroxcf-dot-millinium.ey.r.appspot.com/,phishing
https://omniroot.com/,legitimate
https://myeverythingeverywhere-accountsecurity.000webhostapp.com/,phishing
https://nasa.gov/,legitimate
https://kastella.co.uk/,phishing
http://berrybenkaofficialjob.com/,phishing
http://leather-sarves.com/,phishing
https://appleiphonecell.com/,legitimate
https://okmagazine.com/,legitimate
http://nationalreview.com/,legitimate
https://pub-3810e9cc9ce84397aa35f087f2ab417c.r2.dev/,phishing
http://lerder-welrtt.vercel.app/,phishing
http://marca.com/,legitimate
http://66f7f53c778c4dcbe3eb412b--amazon-clone-by-sum.netlify.app/,phishing
https://connextra.com/,legitimate
https://successfactors.com/,legitimate
https://google.listized.com/,phishing
https://bitjm.pages.dev/,phishing
https://ed.gov/,legitimate
http://krishnna.com/,legitimate
http://neobux.com/,legitimate
https://kudzu.com/,legitimate
https://appeal-form-copyright194158.web.app/,phishing
https://mqcdn.com/,legitimate
https://toucharcade.com/,legitimate
https://cceemterfl.com/,phishing
http://emelicker-wixsite-com.usrfiles.com/,phishing
https://attteam187875895878734984.weeblysite.com/,phishing
https://1xlite-813674.top/,phishing
http://codashop-event-terbaruu04.duckdns.org/,phishing
http://n5szbmlnpnuyyrrum.pages.dev/,phishing
http://contact-support-case-lif7.vercel.app/,phishing
https://vzguh4jcqiweetrz.helenclare.id.au/,phishing
https://adkmob.com/,legitimate
https://kucoiinlggoinu.webflow.io/,phishing
http://appleid.3dscure-support-review.toythieves.com/,phishing
http://descargas.componemos.es/,phishing
https://linio.com/,legitimate
http://indiewire.com/,legitimate
http://teamviewer.com/,legitimate
http://raiders.com/,legitimate
https://https.webmail.office.psm6ys7nsehnq6meajxze2eablvof.vtwqgq1nkfcawgy71mvkh.43v44c8p06h4mb56kjf.dod01duhjea7q9wx62at047us.eab8koal0yczgwshn.ykjmmxs63sm04sh4y3aty1c84ilcp.qkjtel7jd2olkn88fnyqadadl8.skdjdkjkdkd.duckdns.org/,phishing
https://accountonline.com/,legitimate
https://metamask-walleit.webflow.io/,phishing
https://gnctoilvarxynfmtdblqhsknto-dot-gleowayel400503.uc.r.appspot.com/,phishing
https://netbank.cbabanking.com/,phishing
https://hq7ig3liqt.web.app/,phishing
http://e-planning.net/,legitimate
https://arenabg.com/,legitimate
http://pub-08839d9504c347cd8e563e550f44d36b.r2.dev/,phishing
http://free-coupons-codes.com/,legitimate
https://matchflowmedia.com/,legitimate
https://t411.me/,legitimate
http://99widgets.com/,legitimate
https://actnx.com/,legitimate
https://atosc.com/,phishing
http://htemlak.com/,legitimate
http://adrcntr.com/,legitimate
http://demiurge.capital/,phishing
https://plastics-miner.000webhostapp.com/,phishing
https://charterbusiness.com/,legitimate
https://harshitha-gajula.github.io/,phishing
https://zorn-metabeta-dop-biz-bxn.pages.dev/,phishing
https://tmzhollywoodsports.com/,legitimate
https://greystripe.com/,legitimate
https://pbwstatic.com/,legitimate
http://plaunch-copyrighted-fb-9669349717.premiumshapers.com/,phishing
https://grup-bokep-vidio-hot-v24.duckdns.org/,phishing
http://ntfx-membership-canada.com/,phishing
https://boron25641-developerhex658047.codeanyapp.com/,phishing
https://chatwhatsappgroupporn18.mrslove.com/,phishing
https://mail.usamdkyl.com/,phishing
https://tinyco.com/,legitimate
https://arginfo.com/,legitimate
https://cudasvc.com/,legitimate
https://bcwvlnkx.org/,legitimate
https://intellitxt.com/,legitimate
https://anumeetfoods.com/,phishing
https://pycx.neurant.xyz/,phishing
https://apigee.net/,legitimate
https://maile-logn.query5727.workers.dev/,phishing
https://intel.com/,legitimate
https://hagxql.cn/,phishing
https://apps-web-ndax-sso.webflow.io/,phishing
https://host.sk/,legitimate
https://elysium.standardseoservices.com/,phishing
https://policypedia.org/,legitimate
http://128ba.trk.elasticemail.com/,phishing
http://halifax-verifylogin.team/,phishing
https://_pop3._tcp.2signify.com.au/,phishing
https://norman-goldwasser.com/,phishing
http://grupbokepindo.freeddns.com/,phishing
https://clickjogos.com.br/,legitimate
https://compliance-governance-standards-periodic-review.pages.dev/,phishing
https://bafkreifrneobksw2vql27bmopylgq57l3kevlmjxcxehvuryjaisrlxdpi.ipfs.w3s.link/,phishing
https://harryanddavid.com/,legitimate
https://ztat.net/,legitimate
https://jp-amazon.3zzr.top/,phishing
https://alhilalsudan.net/,phishing
https://cbscorporation.com/,legitimate
http://shockpedia.com/,legitimate
http://bokep-tanten-indonesia.duckdns.org/,phishing
https://access-sec-ae.ml/,phishing
http://pptv.com/,legitimate
https://00ei0aol023sba03esecure0i0verify0forg.netlify.app/,phishing
https://bizographics.com/,legitimate
https://iticloud.top/,phishing
https://gwndkysz.5q5e5o.cn/,phishing
https://bbokjmcdle.cc/,legitimate
https://adixxfg8.kokoo8899.com/,phishing
https://meta-e6zj.vercel.app/,phishing
https://ir.beeboys.org/,phishing
https://cbsistatic.com/,legitimate
https://cpanel.mymenuforlife.xyz/,phishing
https://yandex.com/,legitimate
http://mydefisolution.com/,phishing
http://lato-z-rossmann.vastserve.com/,phishing
https://eltrafiko.com/,legitimate
http://acebook-web-videos-app1.blogspot.com/,phishing
https://novamov.com/,legitimate
http://dawgsbynature.com/,legitimate
http://fmtrader.com/,legitimate
http://pplive.com/,legitimate
http://ximad.com/,legitimate
https://alanbradjones.wixstudio.com/,phishing
http://iglqp.org/,legitimate
http://bhphoto.com/,legitimate
http://atlantafalcons.com/,legitimate
http://hzjga.biz/,legitimate
http://opansea-wallet-sign-up.pages.dev/,phishing
https://archive.is/,legitimate
https://snssdk.com/,legitimate
https://lattetalk.com/,phishing
https://gologfbb.tcp4.me/,phishing
http://cjuoncowfexzzjwlfpqhpzahqk-dot-gleowayel400503.uc.r.appspot.com/,phishing
https://loginmlcrosoftonline365brusselsairport.be.ribeiroautocapas.com.br/,phishing
http://quantserve.com/,legitimate
https://nawkxuj.net/,legitimate
https://assistanceservicefr.cloudaccess.host/,phishing
https://paypal-accountcheck.serveirc.com/,phishing
https://qwghivalvbb.ws/,legitimate
https://bafybeickb44woq3ke7ukjz37rox6jazj2n2kwvxvgn24ckk2ig5tmj23wu.ipfs.w3s.link/,phishing
http://mail.support-fmi.us/,phishing
http://fema.gov/,legitimate
https://adapd.com/,legitimate
https://live.com/,legitimate
http://ziplist.com/,legitimate
http://internetvideoarchive.com/,legitimate
https://firstclickitsolutions.servicehelpssupport.com/,phishing
https://76373091091981985909805.jamb2022.co/,phishing
https://fufwcuadijgylfal-dot-millinium.ey.r.appspot.com/,phishing
https://aftonbladet.se/,legitimate
https://kakaku.com/,legitimate
https://objective-bbe.pages.dev/,phishing
https://authfailed.ru/,phishing
http://splash-screen.net/,legitimate
https://nwjabrue3p.3715.gencmert.com/,phishing
https://roost.me/,legitimate
https://pub-02d84e3db8a844e2a87f9cce72a5a5a5.r2.dev/,phishing
http://cgrlveisaam.net/,legitimate
https://5fgfggfgr4g4g.blogspot.fi/,phishing
https://loc.gov/,legitimate
http://listing-manage-facebook-secure-id7393.item687290369363486.us/,phishing
https://pub-f7d9e18de91840ab8f157c8fff4f3a8e.r2.dev/,phishing
https://m5vamzi.ytyukai.cn/,phishing
https://pubgspin16.duckdns.org/,phishing
https://lokhsik.dnsabr.com/,phishing
https://freedonat.hop.ru/,phishing
http://bodybuilderdaily.com/,legitimate
https://dashboard-coinbase.webflow.io/,phishing
http://nbclearn.com/,legitimate
https://freshdesk.com/,legitimate
https://facebookregistercom.blogspot.com.ar/,phishing
https://thekitchn.com/,legitimate
https://5b1kard-56.pages.dev/,phishing
https://facbropplogi.blogspot.sn/,phishing
https://healthination.com/,legitimate
https://gazzettaobjects.it/,legitimate
https://vericlk.com/,legitimate
https://landsend.com/,legitimate
https://baldr-tech.com/,phishing
http://objective-noether-d7eca4.netlify.app/,phishing
https://ftxxjdgkwrhpicat-dot-millinium.ey.r.appspot.com/,phishing
http://sciencemag.org/,legitimate
https://1hot7mail8ser6vi5ce.000webhostapp.com/,phishing
https://montiera.com/,legitimate
https://tdameritrade.com/,legitimate
http://olx.in/,legitimate
https://asia-beverages.com/,phishing
http://garena-freefire-com-cl.blogspot.al/,phishing
http://read-01042418.bid-digital.com/,phishing
https://glemmy-1076a.web.app/,phishing
https://registeridm.com/,legitimate
http://babycentre.co.uk/,legitimate
https://gssp-a.com/,legitimate
https://mobilelegendsbangbanggiftdiamondsjune.duckdns.org/,phishing
https://imageg.net/,legitimate
http://business-appeal-cases-info.pages.dev/,phishing
http://flote-service-assistance-ca.surge.sh/,phishing
https://pubsqrd.com/,legitimate
https://reimanpub.com/,legitimate
http://120sports.com/,legitimate
https://acct0815date.duckdns.org/,phishing
http://kitzhost.com/,phishing
https://miisolutions.net/,legitimate
https://deedar.dyndns.dk/,phishing
https://scopely.io/,legitimate
http://marketplace.facebook.com-wd5sulr0f5.isiolo.go.ke/,phishing
https://lindas-fantabulous-site-2950cc.webflow.io/,phishing
https://trezor--suitytgry.webflow.io/,phishing
http://audioscrobbler.com/,legitimate
http://owa-r3494784.ue.r.appspot.com/,phishing
https://quelletita.contact/,phishing
http://imskoajksaj.com/,phishing
https://joygamedl.com/,legitimate
http://ants.vn/,legitimate
https://assistenciatecnicapj.com/,phishing
https://korrelate.net/,legitimate
http://adocean.pl/,legitimate
https://twoo.com/,legitimate
https://dev-54123698786210.pantheonsite.io/,phishing
https://doc.e-docssig.com/,phishing
https://baltimoreravens.com/,legitimate
https://mfnea.org/,phishing
https://mailshop.co.uk/,legitimate
https://participate-eng-ca.framer.website/,phishing
https://wsoddata.com/,legitimate
https://cogmatch.net/,legitimate
http://inscname.net/,legitimate
https://feelcars.com/,legitimate
https://activate123.darwintechnologies.com.au/,phishing
http://freelancer.com/,legitimate
https://dev.dmp.re/,phishing
https://tebilisim.com/,legitimate
http://dannosa.f43d1dc2d63619455.temporary.link/,phishing
http://caspion.com/,legitimate
https://fb.com-19205919.jaynerenault.co/,phishing
http://attupdatenowloginpage.square.site/,phishing
https://meus5minutos.com.br/,legitimate
https://165.227.37.91/,phishing
https://bigleaguestew.com/,legitimate
http://accumulationpermission.com/,phishing
http://bancolombia-com-1mua.vercel.app/,phishing
https://horastall98.duckdns.org/,phishing
https://lntesasanpaolo-verifica.xyz/,phishing
https://reddit.tv/,legitimate
https://archive-cloud.s3.us-east-2.amazonaws.com/,phishing
http://trovit.com/,legitimate
https://dvla-payment-support.com/,phishing
https://ref.hipertextual.com/,phishing
http://nicolascoolman.com/,phishing
http://bleedinggreennation.com/,legitimate
https://di.sn/,legitimate
https://zite.com/,legitimate
https://baybakay.com/,phishing
http://protectfootballonfreetv.com/,legitimate
http://trezorhardwaevallet.webflow.io/,phishing
https://netflix-seven-beta.vercel.app/,phishing
https://zencdn.net/,legitimate
http://a0484562.xsph.ru/,phishing
https://interingilizce.com/,legitimate
https://9c9media.com/,legitimate
https://santander.assistance-personal.review/,phishing
http://ec-mdmnet1-prod.cfd/,phishing
https://bznx.net/,legitimate
http://updaterex.com/,legitimate
https://8digits.com/,legitimate
https://news31rr.blogspot.com/,phishing
http://floral-rice-4719.on.fleek.co/,phishing
https://picsart.com/,legitimate
http://deebigndegninebaydewsebayisapidllsigninusicgrslwusedcoartnecgi.de/,phishing
https://opensea-luckybox23.vercel.app/,phishing
https://paypaypaynejpeub8.replit.app/,phishing
https://paypalloginin-usa.blogspot.com.eg/,phishing
https://insta12345678.000webhostapp.com/,phishing
http://vexigo.com/,legitimate
http://xmypgoqokb.cn/,legitimate
http://spritsto-bartolow-mewkumas9291.crabdance.com/,phishing
https://ledgerwylivelogin.webflow.io/,phishing
http://agenjne.pages.dev/,phishing
https://auth-robinhood-logiin-en-us.pages.dev/,phishing
https://suitee-trazor.webflow.io/,phishing
https://adpsecure.my03.com/,phishing
https://h3q.com/,legitimate
https://adrttt.com/,legitimate
https://vtc.vn/,legitimate
https://blue-pollen-venus.glitch.me/,phishing
http://postingandtoasting.com/,legitimate
https://kayak.co.in/,legitimate
http://rasleponsel.cc/,phishing
https://360.cn/,legitimate
https://godaddy.com/,legitimate
https://falecomog1.com.br/,legitimate
http://1kvr7p.duckdns.org/,phishing
https://anycash.com/,legitimate
http://netindex.com/,legitimate
https://mosverc20-3-25n.93x.my.id/,phishing
http://accokeekmd.buzz/,phishing
https://display-trk.com/,legitimate
https://markmost.com/,legitimate
http://awajdsd.xyz/,phishing
https://breakingnewshindi.com/,phishing
http://zqjjrpx.com/,legitimate
https://lancenet.com.br/,legitimate
https://motherjones.com/,legitimate
https://bimbolive.com/,legitimate
https://apps-nv-blockfi-cdn-apps.webflow.io/,phishing
https://onmicrosoft-admin.dns.navy/,phishing
https://tuoitre.vn/,legitimate
http://southwestvacations.com/,legitimate
https://v1.cn/,legitimate
https://mmetamsklign.webflow.io/,phishing
https://misbahunnur.sch.id/,phishing
http://discovarl.jelastic.regruhosting.ru/,phishing
http://auth-gemini-oauth.webflow.io/,phishing
http://citizenjournal.net/,legitimate
https://marieclaire.com/,legitimate
https://adnet.vn/,legitimate
http://hmrc.uk.rebate-forms.com/,phishing
https://greatdepothomey.asia/,legitimate
http://amazon-gk.xyz/,phishing
https://rocketfuel.com/,legitimate
https://chinhphu.vn/,legitimate
http://1111365dh.net/,phishing
https://itrustcepiitalogin.webflow.io/,phishing
https://akamai.com/,legitimate
http://akhilautismfoundation.org/,phishing
http://shutterstock.com/,legitimate
http://bitsontherun.com/,legitimate
http://helps-ledgger-m--auth.webflow.io/,phishing
https://hackmannseguros.com.br/,phishing
https://abagency.rw/,phishing
http://ruby-cho.github.io/,phishing
https://mailcontrol.com/,legitimate
http://ntv.io/,legitimate
http://advg.jp/,legitimate
http://bafybeidvfjsfvuiu7gjuxobyuwvyvre6wehpuykyua4fjqozrq4agzmio4.ipfs.dweb.link/,phishing
https://tistory.com/,legitimate
https://netflix-paymentfailure.com/,phishing
https://help-business-centerr.duckdns.org/,phishing
https://cbeyond.com/,legitimate
https://swiftypecdn.com/,legitimate
https://grupobancolomb07.webcindario.com/,phishing
https://dowjonesonline.com/,legitimate
http://thumbshots.com/,legitimate
http://cpmaffiliation.com/,legitimate
https://493f164e.ytji7uew.com.cn/,phishing
http://scottrade.com/,legitimate
https://chinacache.com/,legitimate
https://andres823arehy.hstn.me/,phishing
https://vidyoda.com/,legitimate
https://mulusmemek.duckdns.org/,phishing
https://digitalthrottle.com/,legitimate
https://yesky.com/,legitimate
https://arazambeze.gov.mz/,phishing
http://india.com/,legitimate
https://popmyads.com/,legitimate
https://beautiful-materialistic-cornet.glitch.me/,phishing
https://attcurently30-06-2025.weeblysite.com/,phishing
https://acceslbc1leboncoin.000webhostapp.com/,phishing
https://clorox.com/,legitimate
https://pub-207c63c7e32d4784ab9e0ae20e4a0de6.r2.dev/,phishing
https://psykologidialog.dk/,phishing
https://wjejmd.cc/,legitimate
https://69c059a1.svyr9n.shop/,phishing
https://jthmj.blogspot.sn/,phishing
http://att-10490445.weeblysite.com/,phishing
https://1g7access-1approv3.ddns.net/,phishing
https://theepochtimes.com/,legitimate
http://mtb-secured02a.myftp.org/,phishing
http://emailmenow.yolasite.com/,phishing
https://starat-en-trezorr.pages.dev/,phishing
https://edintorni.net/,legitimate
https://yldbt.com/,legitimate
https://adwhirl.com/,legitimate
https://mmajunkie.com/,legitimate
https://currentlymailattyahoo.weebly.com/,phishing
https://paypal.service-usersresponse.gaze-eyewear.com/,phishing
https://visilabs.com/,legitimate
https://commentsdelete-6dt2iqvad.ssproperties.ae/,phishing
https://livrariasaraiva.com.br/,legitimate
https://playstation.net/,legitimate
https://dl-rms.com/,legitimate
http://sogoucdn.com/,legitimate
https://gametrailers.com/,legitimate
https://bankofamerica.com/,legitimate
http://pub-1a98486900684fd6a29493ee56f2586c.r2.dev/,phishing
https://xtube.com/,legitimate
https://dotomi.com/,legitimate
https://ultimateclassicrock.com/,legitimate
https://new-ledgerlive.com.t-trezorwallet.com/,phishing
https://2mdn.net/,legitimate
http://3.14.220.39/,phishing
https://rakutenbry.com/,phishing
https://crip2card.com/,phishing
http://anddownthestretchtheycome.com/,legitimate
https://bookbub.com/,legitimate
http://sawpf.com/,legitimate
https://joinwatsapp.duckdns.org/,phishing
http://whatsapp.com/,legitimate
https://viralgains.com/,legitimate
http://meta-lightwave.pages.dev/,phishing
https://breathebyomnoire.com/,phishing
https://google.pt/,legitimate
https://92755dc1de.nxcli.io/,phishing
https://dyjxbmqhxxpoijsw-dot-millinium.ey.r.appspot.com/,phishing
https://talktalk.net/,legitimate
https://bestcihange.pp.ru/,phishing
https://exponential.com/,legitimate
https://pp-service-worker.herokuapp.com/,phishing
https://adspirit.net/,legitimate
https://iobit.com/,legitimate
http://walmartlabs.com/,legitimate
http://docs-start-ledger-cdn.webflow.io/,phishing
http://angelpush.com/,legitimate
https://viglink.com/,legitimate
http://travel-assets.com/,legitimate
https://grupp-whatsap-viralllz.file-videoviral.my.id/,phishing
http://netdna-cdn.com/,legitimate
http://google.ae/,legitimate
http://pnc.com/,legitimate
https://audtd.com/,legitimate
http://statuspage.io/,legitimate
http://servetags.com/,legitimate
https://dishaccess.tv/,legitimate
https://bdawooytpv.org/,legitimate
https://bwmc.handipants.com/,phishing
http://kongcdn.com/,legitimate
https://condenet.com/,legitimate
https://coinbaseprologin-uk.webflow.io/,phishing
http://netfiix-billing.com/,phishing
https://cnbc.com/,legitimate
https://app-4fc3e2c6-3f33-458a-9c71-d1633088dec9.cleverapps.io/,phishing
https://online-soporte.ga/,phishing
https://iminent.com/,legitimate
https://saesydneyportfolio.com/,phishing
http://app-veum.t6mqxymjkr-pxr4kd0qo6gn.p.temp-site.link/,phishing
http://freshdrinks.ca/,phishing
https://atualizaritau.tk/,phishing
https://mail.grupterbaru.grup-youtuber.tk/,phishing
http://thoughtleadr.com/,legitimate
http://cybergolf.com/,legitimate
https://conottonssysialary.net/,phishing
https://gwseo.xyz/,phishing
https://adserving.jp/,legitimate
https://netflixnewfree.blogspot.fr/,phishing
https://delivery.net/,legitimate
http://torrentsmd.com/,legitimate
http://blogspot.in/,legitimate
https://danarimedia.com/,legitimate
https://elonbtc-space.g119877.hostde38.fornex.host/,phishing
https://5fgffggfgfg4g4ghfg4d.blogspot.com.cy/,phishing
https://b189511c3d.nxcli.net/,phishing
http://badlefthook.com/,legitimate
https://chaseoip.gotdns.ch/,phishing
https://limit-fbk-862430120.wareed.net/,phishing
https://h4jndkufe.duckdns.org/,phishing
http://appyet.com/,legitimate
https://catalinahub.com/,legitimate
http://marketingdigitalonline.com.pt/,phishing
https://auth-ndaxlogi-sso.webflow.io/,phishing
https://aol.it/,legitimate
https://lastpass.com/,legitimate
http://flurry.com/,legitimate
https://netease.com/,legitimate
https://australianamericanracing.com/,phishing
https://bqyng.kl76dc.cn/,phishing
https://aol-103710.weeblysite.com/,phishing
https://yyqtbvqv.cn/,legitimate
https://nulgs0cnzk-xmqp41-646012.surge.sh/,phishing
https://rounds.com/,legitimate
https://allmusic.com/,legitimate
https://plettering.web.app/,phishing
http://att-104916-104343.weeblysite.com/,phishing
https://com-cp.top/,phishing
https://globoesporte.com/,legitimate
